question,slug,category,subcategory,experienceLevel,difficulty,interviewType,shortDescription,explanation,sampleAnswer,keyPoints,commonMistakes,followUpQuestions,tags,seoTitle,seoDescription,isPublished
How would you approach SOLID principles in a Software Developer role?,how-would-you-approach-solid-principles-in-a-software-developer-role,Software Developer,Software Developer,FRESHER,EASY,TECHNICAL,Practical interview preparation for SOLID principles.,"This question tests practical judgment around SOLID principles. A strong answer should connect the concept to requirements, constraints, measurable outcomes, and appropriate trade-offs rather than giving only a definition.","I would first clarify the goal and constraints related to SOLID principles, then choose an approach that is simple, testable, and appropriate for the situation. I would explain the main trade-offs, validate the result with relevant evidence, and document or communicate important decisions. If the situation changes, I would reassess rather than continuing with an approach that no longer fits.",Clarify requirements|Choose an appropriate approach|Explain trade-offs|Validate the result,Giving only a definition|Ignoring constraints|Overengineering|Making claims without evidence,How would you test your approach to SOLID principles?|What trade-off would change your decision?,software developer|software developer|solid principles,Solid Principles Interview Questions and Answers | InterviewPrep,Practice SOLID principles interview questions with practical answers and follow-up guidance for Software Developer candidates.,True
What would you consider when working with API versioning as a Software Developer?,what-would-you-consider-when-working-with-api-versioning-as-a-software-developer,Software Developer,Software Developer,MID_LEVEL,MEDIUM,TECHNICAL,Practical interview preparation for API versioning.,"This question tests practical judgment around API versioning. A strong answer should connect the concept to requirements, constraints, measurable outcomes, and appropriate trade-offs rather than giving only a definition.","I would first clarify the goal and constraints related to API versioning, then choose an approach that is simple, testable, and appropriate for the situation. I would explain the main trade-offs, validate the result with relevant evidence, and document or communicate important decisions. If the situation changes, I would reassess rather than continuing with an approach that no longer fits.",Clarify requirements|Choose an appropriate approach|Explain trade-offs|Validate the result,Giving only a definition|Ignoring constraints|Overengineering|Making claims without evidence,How would you test your approach to API versioning?|What trade-off would change your decision?,software developer|software developer|api versioning,Api Versioning Interview Questions and Answers | InterviewPrep,Practice API versioning interview questions with practical answers and follow-up guidance for Software Developer candidates.,True
How would you explain dependency inversion to an interviewer?,how-would-you-explain-dependency-inversion-to-an-interviewer,Software Developer,Software Developer,EXPERIENCED,MEDIUM,CASE_STUDY,Practical interview preparation for dependency inversion.,"This question tests practical judgment around dependency inversion. A strong answer should connect the concept to requirements, constraints, measurable outcomes, and appropriate trade-offs rather than giving only a definition.","I would first clarify the goal and constraints related to dependency inversion, then choose an approach that is simple, testable, and appropriate for the situation. I would explain the main trade-offs, validate the result with relevant evidence, and document or communicate important decisions. If the situation changes, I would reassess rather than continuing with an approach that no longer fits.",Clarify requirements|Choose an appropriate approach|Explain trade-offs|Validate the result,Giving only a definition|Ignoring constraints|Overengineering|Making claims without evidence,How would you test your approach to dependency inversion?|What trade-off would change your decision?,software developer|software developer|dependency inversion,Dependency Inversion Interview Questions and Answers | InterviewPrep,Practice dependency inversion interview questions with practical answers and follow-up guidance for Software Developer candidates.,True
What are the main trade-offs involved in service boundaries?,what-are-the-main-trade-offs-involved-in-service-boundaries,Software Developer,Software Developer,FRESHER,HARD,TECHNICAL,Practical interview preparation for service boundaries.,"This question tests practical judgment around service boundaries. A strong answer should connect the concept to requirements, constraints, measurable outcomes, and appropriate trade-offs rather than giving only a definition.","I would first clarify the goal and constraints related to service boundaries, then choose an approach that is simple, testable, and appropriate for the situation. I would explain the main trade-offs, validate the result with relevant evidence, and document or communicate important decisions. If the situation changes, I would reassess rather than continuing with an approach that no longer fits.",Clarify requirements|Choose an appropriate approach|Explain trade-offs|Validate the result,Giving only a definition|Ignoring constraints|Overengineering|Making claims without evidence,How would you test your approach to service boundaries?|What trade-off would change your decision?,software developer|software developer|service boundaries,Service Boundaries Interview Questions and Answers | InterviewPrep,Practice service boundaries interview questions with practical answers and follow-up guidance for Software Developer candidates.,True
How would you troubleshoot a problem involving logging strategy?,how-would-you-troubleshoot-a-problem-involving-logging-strategy,Software Developer,Software Developer,MID_LEVEL,MEDIUM,TECHNICAL,Practical interview preparation for logging strategy.,"This question tests practical judgment around logging strategy. A strong answer should connect the concept to requirements, constraints, measurable outcomes, and appropriate trade-offs rather than giving only a definition.","I would first clarify the goal and constraints related to logging strategy, then choose an approach that is simple, testable, and appropriate for the situation. I would explain the main trade-offs, validate the result with relevant evidence, and document or communicate important decisions. If the situation changes, I would reassess rather than continuing with an approach that no longer fits.",Clarify requirements|Choose an appropriate approach|Explain trade-offs|Validate the result,Giving only a definition|Ignoring constraints|Overengineering|Making claims without evidence,How would you test your approach to logging strategy?|What trade-off would change your decision?,software developer|software developer|logging strategy,Logging Strategy Interview Questions and Answers | InterviewPrep,Practice logging strategy interview questions with practical answers and follow-up guidance for Software Developer candidates.,True
How would you approach observability in a Software Developer role?,how-would-you-approach-observability-in-a-software-developer-role,Software Developer,Software Developer,FRESHER,EASY,TECHNICAL,Practical interview preparation for observability.,"This question tests practical judgment around observability. A strong answer should connect the concept to requirements, constraints, measurable outcomes, and appropriate trade-offs rather than giving only a definition.","I would first clarify the goal and constraints related to observability, then choose an approach that is simple, testable, and appropriate for the situation. I would explain the main trade-offs, validate the result with relevant evidence, and document or communicate important decisions. If the situation changes, I would reassess rather than continuing with an approach that no longer fits.",Clarify requirements|Choose an appropriate approach|Explain trade-offs|Validate the result,Giving only a definition|Ignoring constraints|Overengineering|Making claims without evidence,How would you test your approach to observability?|What trade-off would change your decision?,software developer|software developer|observability,Observability Interview Questions and Answers | InterviewPrep,Practice observability interview questions with practical answers and follow-up guidance for Software Developer candidates.,True
What would you consider when working with feature flags as a Software Developer?,what-would-you-consider-when-working-with-feature-flags-as-a-software-developer,Software Developer,Software Developer,MID_LEVEL,MEDIUM,TECHNICAL,Practical interview preparation for feature flags.,"This question tests practical judgment around feature flags. A strong answer should connect the concept to requirements, constraints, measurable outcomes, and appropriate trade-offs rather than giving only a definition.","I would first clarify the goal and constraints related to feature flags, then choose an approach that is simple, testable, and appropriate for the situation. I would explain the main trade-offs, validate the result with relevant evidence, and document or communicate important decisions. If the situation changes, I would reassess rather than continuing with an approach that no longer fits.",Clarify requirements|Choose an appropriate approach|Explain trade-offs|Validate the result,Giving only a definition|Ignoring constraints|Overengineering|Making claims without evidence,How would you test your approach to feature flags?|What trade-off would change your decision?,software developer|software developer|feature flags,Feature Flags Interview Questions and Answers | InterviewPrep,Practice feature flags interview questions with practical answers and follow-up guidance for Software Developer candidates.,True
How would you explain configuration management to an interviewer?,how-would-you-explain-configuration-management-to-an-interviewer,Software Developer,Software Developer,EXPERIENCED,MEDIUM,CASE_STUDY,Practical interview preparation for configuration management.,"This question tests practical judgment around configuration management. A strong answer should connect the concept to requirements, constraints, measurable outcomes, and appropriate trade-offs rather than giving only a definition.","I would first clarify the goal and constraints related to configuration management, then choose an approach that is simple, testable, and appropriate for the situation. I would explain the main trade-offs, validate the result with relevant evidence, and document or communicate important decisions. If the situation changes, I would reassess rather than continuing with an approach that no longer fits.",Clarify requirements|Choose an appropriate approach|Explain trade-offs|Validate the result,Giving only a definition|Ignoring constraints|Overengineering|Making claims without evidence,How would you test your approach to configuration management?|What trade-off would change your decision?,software developer|software developer|configuration management,Configuration Management Interview Questions and Answers | InterviewPrep,Practice configuration management interview questions with practical answers and follow-up guidance for Software Developer candidates.,True
What are the main trade-offs involved in error handling?,what-are-the-main-trade-offs-involved-in-error-handling,Software Developer,Software Developer,FRESHER,HARD,TECHNICAL,Practical interview preparation for error handling.,"This question tests practical judgment around error handling. A strong answer should connect the concept to requirements, constraints, measurable outcomes, and appropriate trade-offs rather than giving only a definition.","I would first clarify the goal and constraints related to error handling, then choose an approach that is simple, testable, and appropriate for the situation. I would explain the main trade-offs, validate the result with relevant evidence, and document or communicate important decisions. If the situation changes, I would reassess rather than continuing with an approach that no longer fits.",Clarify requirements|Choose an appropriate approach|Explain trade-offs|Validate the result,Giving only a definition|Ignoring constraints|Overengineering|Making claims without evidence,How would you test your approach to error handling?|What trade-off would change your decision?,software developer|software developer|error handling,Error Handling Interview Questions and Answers | InterviewPrep,Practice error handling interview questions with practical answers and follow-up guidance for Software Developer candidates.,True
How would you troubleshoot a problem involving caching strategy?,how-would-you-troubleshoot-a-problem-involving-caching-strategy,Software Developer,Software Developer,MID_LEVEL,MEDIUM,TECHNICAL,Practical interview preparation for caching strategy.,"This question tests practical judgment around caching strategy. A strong answer should connect the concept to requirements, constraints, measurable outcomes, and appropriate trade-offs rather than giving only a definition.","I would first clarify the goal and constraints related to caching strategy, then choose an approach that is simple, testable, and appropriate for the situation. I would explain the main trade-offs, validate the result with relevant evidence, and document or communicate important decisions. If the situation changes, I would reassess rather than continuing with an approach that no longer fits.",Clarify requirements|Choose an appropriate approach|Explain trade-offs|Validate the result,Giving only a definition|Ignoring constraints|Overengineering|Making claims without evidence,How would you test your approach to caching strategy?|What trade-off would change your decision?,software developer|software developer|caching strategy,Caching Strategy Interview Questions and Answers | InterviewPrep,Practice caching strategy interview questions with practical answers and follow-up guidance for Software Developer candidates.,True
How would you approach database transactions in a Software Developer role?,how-would-you-approach-database-transactions-in-a-software-developer-role,Software Developer,Software Developer,FRESHER,EASY,TECHNICAL,Practical interview preparation for database transactions.,"This question tests practical judgment around database transactions. A strong answer should connect the concept to requirements, constraints, measurable outcomes, and appropriate trade-offs rather than giving only a definition.","I would first clarify the goal and constraints related to database transactions, then choose an approach that is simple, testable, and appropriate for the situation. I would explain the main trade-offs, validate the result with relevant evidence, and document or communicate important decisions. If the situation changes, I would reassess rather than continuing with an approach that no longer fits.",Clarify requirements|Choose an appropriate approach|Explain trade-offs|Validate the result,Giving only a definition|Ignoring constraints|Overengineering|Making claims without evidence,How would you test your approach to database transactions?|What trade-off would change your decision?,software developer|software developer|database transactions,Database Transactions Interview Questions and Answers | InterviewPrep,Practice database transactions interview questions with practical answers and follow-up guidance for Software Developer candidates.,True
What would you consider when working with idempotency as a Software Developer?,what-would-you-consider-when-working-with-idempotency-as-a-software-developer,Software Developer,Software Developer,MID_LEVEL,MEDIUM,TECHNICAL,Practical interview preparation for idempotency.,"This question tests practical judgment around idempotency. A strong answer should connect the concept to requirements, constraints, measurable outcomes, and appropriate trade-offs rather than giving only a definition.","I would first clarify the goal and constraints related to idempotency, then choose an approach that is simple, testable, and appropriate for the situation. I would explain the main trade-offs, validate the result with relevant evidence, and document or communicate important decisions. If the situation changes, I would reassess rather than continuing with an approach that no longer fits.",Clarify requirements|Choose an appropriate approach|Explain trade-offs|Validate the result,Giving only a definition|Ignoring constraints|Overengineering|Making claims without evidence,How would you test your approach to idempotency?|What trade-off would change your decision?,software developer|software developer|idempotency,Idempotency Interview Questions and Answers | InterviewPrep,Practice idempotency interview questions with practical answers and follow-up guidance for Software Developer candidates.,True
How would you explain code review to an interviewer?,how-would-you-explain-code-review-to-an-interviewer,Software Developer,Software Developer,EXPERIENCED,MEDIUM,CASE_STUDY,Practical interview preparation for code review.,"This question tests practical judgment around code review. A strong answer should connect the concept to requirements, constraints, measurable outcomes, and appropriate trade-offs rather than giving only a definition.","I would first clarify the goal and constraints related to code review, then choose an approach that is simple, testable, and appropriate for the situation. I would explain the main trade-offs, validate the result with relevant evidence, and document or communicate important decisions. If the situation changes, I would reassess rather than continuing with an approach that no longer fits.",Clarify requirements|Choose an appropriate approach|Explain trade-offs|Validate the result,Giving only a definition|Ignoring constraints|Overengineering|Making claims without evidence,How would you test your approach to code review?|What trade-off would change your decision?,software developer|software developer|code review,Code Review Interview Questions and Answers | InterviewPrep,Practice code review interview questions with practical answers and follow-up guidance for Software Developer candidates.,True
What are the main trade-offs involved in technical debt?,what-are-the-main-trade-offs-involved-in-technical-debt,Software Developer,Software Developer,FRESHER,HARD,TECHNICAL,Practical interview preparation for technical debt.,"This question tests practical judgment around technical debt. A strong answer should connect the concept to requirements, constraints, measurable outcomes, and appropriate trade-offs rather than giving only a definition.","I would first clarify the goal and constraints related to technical debt, then choose an approach that is simple, testable, and appropriate for the situation. I would explain the main trade-offs, validate the result with relevant evidence, and document or communicate important decisions. If the situation changes, I would reassess rather than continuing with an approach that no longer fits.",Clarify requirements|Choose an appropriate approach|Explain trade-offs|Validate the result,Giving only a definition|Ignoring constraints|Overengineering|Making claims without evidence,How would you test your approach to technical debt?|What trade-off would change your decision?,software developer|software developer|technical debt,Technical Debt Interview Questions and Answers | InterviewPrep,Practice technical debt interview questions with practical answers and follow-up guidance for Software Developer candidates.,True
How would you troubleshoot a problem involving backward compatibility?,how-would-you-troubleshoot-a-problem-involving-backward-compatibility,Software Developer,Software Developer,MID_LEVEL,MEDIUM,TECHNICAL,Practical interview preparation for backward compatibility.,"This question tests practical judgment around backward compatibility. A strong answer should connect the concept to requirements, constraints, measurable outcomes, and appropriate trade-offs rather than giving only a definition.","I would first clarify the goal and constraints related to backward compatibility, then choose an approach that is simple, testable, and appropriate for the situation. I would explain the main trade-offs, validate the result with relevant evidence, and document or communicate important decisions. If the situation changes, I would reassess rather than continuing with an approach that no longer fits.",Clarify requirements|Choose an appropriate approach|Explain trade-offs|Validate the result,Giving only a definition|Ignoring constraints|Overengineering|Making claims without evidence,How would you test your approach to backward compatibility?|What trade-off would change your decision?,software developer|software developer|backward compatibility,Backward Compatibility Interview Questions and Answers | InterviewPrep,Practice backward compatibility interview questions with practical answers and follow-up guidance for Software Developer candidates.,True
How would you approach unit versus integration tests in a Software Developer role?,how-would-you-approach-unit-versus-integration-tests-in-a-software-developer-role,Software Developer,Software Developer,FRESHER,EASY,TECHNICAL,Practical interview preparation for unit versus integration tests.,"This question tests practical judgment around unit versus integration tests. A strong answer should connect the concept to requirements, constraints, measurable outcomes, and appropriate trade-offs rather than giving only a definition.","I would first clarify the goal and constraints related to unit versus integration tests, then choose an approach that is simple, testable, and appropriate for the situation. I would explain the main trade-offs, validate the result with relevant evidence, and document or communicate important decisions. If the situation changes, I would reassess rather than continuing with an approach that no longer fits.",Clarify requirements|Choose an appropriate approach|Explain trade-offs|Validate the result,Giving only a definition|Ignoring constraints|Overengineering|Making claims without evidence,How would you test your approach to unit versus integration tests?|What trade-off would change your decision?,software developer|software developer|unit versus integration tests,Unit Versus Integration Tests Interview Questions and Answers | InterviewPrep,Practice unit versus integration tests interview questions with practical answers and follow-up guidance for Software Developer candidates.,True
What would you consider when working with retry design as a Software Developer?,what-would-you-consider-when-working-with-retry-design-as-a-software-developer,Software Developer,Software Developer,MID_LEVEL,MEDIUM,TECHNICAL,Practical interview preparation for retry design.,"This question tests practical judgment around retry design. A strong answer should connect the concept to requirements, constraints, measurable outcomes, and appropriate trade-offs rather than giving only a definition.","I would first clarify the goal and constraints related to retry design, then choose an approach that is simple, testable, and appropriate for the situation. I would explain the main trade-offs, validate the result with relevant evidence, and document or communicate important decisions. If the situation changes, I would reassess rather than continuing with an approach that no longer fits.",Clarify requirements|Choose an appropriate approach|Explain trade-offs|Validate the result,Giving only a definition|Ignoring constraints|Overengineering|Making claims without evidence,How would you test your approach to retry design?|What trade-off would change your decision?,software developer|software developer|retry design,Retry Design Interview Questions and Answers | InterviewPrep,Practice retry design interview questions with practical answers and follow-up guidance for Software Developer candidates.,True
How would you explain graceful degradation to an interviewer?,how-would-you-explain-graceful-degradation-to-an-interviewer,Software Developer,Software Developer,EXPERIENCED,MEDIUM,CASE_STUDY,Practical interview preparation for graceful degradation.,"This question tests practical judgment around graceful degradation. A strong answer should connect the concept to requirements, constraints, measurable outcomes, and appropriate trade-offs rather than giving only a definition.","I would first clarify the goal and constraints related to graceful degradation, then choose an approach that is simple, testable, and appropriate for the situation. I would explain the main trade-offs, validate the result with relevant evidence, and document or communicate important decisions. If the situation changes, I would reassess rather than continuing with an approach that no longer fits.",Clarify requirements|Choose an appropriate approach|Explain trade-offs|Validate the result,Giving only a definition|Ignoring constraints|Overengineering|Making claims without evidence,How would you test your approach to graceful degradation?|What trade-off would change your decision?,software developer|software developer|graceful degradation,Graceful Degradation Interview Questions and Answers | InterviewPrep,Practice graceful degradation interview questions with practical answers and follow-up guidance for Software Developer candidates.,True
What are the main trade-offs involved in deployment rollback?,what-are-the-main-trade-offs-involved-in-deployment-rollback,Software Developer,Software Developer,FRESHER,HARD,TECHNICAL,Practical interview preparation for deployment rollback.,"This question tests practical judgment around deployment rollback. A strong answer should connect the concept to requirements, constraints, measurable outcomes, and appropriate trade-offs rather than giving only a definition.","I would first clarify the goal and constraints related to deployment rollback, then choose an approach that is simple, testable, and appropriate for the situation. I would explain the main trade-offs, validate the result with relevant evidence, and document or communicate important decisions. If the situation changes, I would reassess rather than continuing with an approach that no longer fits.",Clarify requirements|Choose an appropriate approach|Explain trade-offs|Validate the result,Giving only a definition|Ignoring constraints|Overengineering|Making claims without evidence,How would you test your approach to deployment rollback?|What trade-off would change your decision?,software developer|software developer|deployment rollback,Deployment Rollback Interview Questions and Answers | InterviewPrep,Practice deployment rollback interview questions with practical answers and follow-up guidance for Software Developer candidates.,True
How would you troubleshoot a problem involving scalability?,how-would-you-troubleshoot-a-problem-involving-scalability,Software Developer,Software Developer,MID_LEVEL,MEDIUM,TECHNICAL,Practical interview preparation for scalability.,"This question tests practical judgment around scalability. A strong answer should connect the concept to requirements, constraints, measurable outcomes, and appropriate trade-offs rather than giving only a definition.","I would first clarify the goal and constraints related to scalability, then choose an approach that is simple, testable, and appropriate for the situation. I would explain the main trade-offs, validate the result with relevant evidence, and document or communicate important decisions. If the situation changes, I would reassess rather than continuing with an approach that no longer fits.",Clarify requirements|Choose an appropriate approach|Explain trade-offs|Validate the result,Giving only a definition|Ignoring constraints|Overengineering|Making claims without evidence,How would you test your approach to scalability?|What trade-off would change your decision?,software developer|software developer|scalability,Scalability Interview Questions and Answers | InterviewPrep,Practice scalability interview questions with practical answers and follow-up guidance for Software Developer candidates.,True
How would you approach Activity recreation in a Android Developer role?,how-would-you-approach-activity-recreation-in-a-android-developer-role,Android Developer,Android Developer,FRESHER,EASY,TECHNICAL,Practical interview preparation for Activity recreation.,"This question tests practical judgment around Activity recreation. A strong answer should connect the concept to requirements, constraints, measurable outcomes, and appropriate trade-offs rather than giving only a definition.","I would first clarify the goal and constraints related to Activity recreation, then choose an approach that is simple, testable, and appropriate for the situation. I would explain the main trade-offs, validate the result with relevant evidence, and document or communicate important decisions. If the situation changes, I would reassess rather than continuing with an approach that no longer fits.",Clarify requirements|Choose an appropriate approach|Explain trade-offs|Validate the result,Giving only a definition|Ignoring constraints|Overengineering|Making claims without evidence,How would you test your approach to Activity recreation?|What trade-off would change your decision?,android developer|android developer|activity recreation,Activity Recreation Interview Questions and Answers | InterviewPrep,Practice Activity recreation interview questions with practical answers and follow-up guidance for Android Developer candidates.,True
What would you consider when working with ViewModel state as a Android Developer?,what-would-you-consider-when-working-with-viewmodel-state-as-a-android-developer,Android Developer,Android Developer,MID_LEVEL,MEDIUM,TECHNICAL,Practical interview preparation for ViewModel state.,"This question tests practical judgment around ViewModel state. A strong answer should connect the concept to requirements, constraints, measurable outcomes, and appropriate trade-offs rather than giving only a definition.","I would first clarify the goal and constraints related to ViewModel state, then choose an approach that is simple, testable, and appropriate for the situation. I would explain the main trade-offs, validate the result with relevant evidence, and document or communicate important decisions. If the situation changes, I would reassess rather than continuing with an approach that no longer fits.",Clarify requirements|Choose an appropriate approach|Explain trade-offs|Validate the result,Giving only a definition|Ignoring constraints|Overengineering|Making claims without evidence,How would you test your approach to ViewModel state?|What trade-off would change your decision?,android developer|android developer|viewmodel state,Viewmodel State Interview Questions and Answers | InterviewPrep,Practice ViewModel state interview questions with practical answers and follow-up guidance for Android Developer candidates.,True
How would you explain SavedStateHandle to an interviewer?,how-would-you-explain-savedstatehandle-to-an-interviewer,Android Developer,Android Developer,EXPERIENCED,MEDIUM,CASE_STUDY,Practical interview preparation for SavedStateHandle.,"This question tests practical judgment around SavedStateHandle. A strong answer should connect the concept to requirements, constraints, measurable outcomes, and appropriate trade-offs rather than giving only a definition.","I would first clarify the goal and constraints related to SavedStateHandle, then choose an approach that is simple, testable, and appropriate for the situation. I would explain the main trade-offs, validate the result with relevant evidence, and document or communicate important decisions. If the situation changes, I would reassess rather than continuing with an approach that no longer fits.",Clarify requirements|Choose an appropriate approach|Explain trade-offs|Validate the result,Giving only a definition|Ignoring constraints|Overengineering|Making claims without evidence,How would you test your approach to SavedStateHandle?|What trade-off would change your decision?,android developer|android developer|savedstatehandle,Savedstatehandle Interview Questions and Answers | InterviewPrep,Practice SavedStateHandle interview questions with practical answers and follow-up guidance for Android Developer candidates.,True
What are the main trade-offs involved in Compose state hoisting?,what-are-the-main-trade-offs-involved-in-compose-state-hoisting,Android Developer,Android Developer,FRESHER,HARD,TECHNICAL,Practical interview preparation for Compose state hoisting.,"This question tests practical judgment around Compose state hoisting. A strong answer should connect the concept to requirements, constraints, measurable outcomes, and appropriate trade-offs rather than giving only a definition.","I would first clarify the goal and constraints related to Compose state hoisting, then choose an approach that is simple, testable, and appropriate for the situation. I would explain the main trade-offs, validate the result with relevant evidence, and document or communicate important decisions. If the situation changes, I would reassess rather than continuing with an approach that no longer fits.",Clarify requirements|Choose an appropriate approach|Explain trade-offs|Validate the result,Giving only a definition|Ignoring constraints|Overengineering|Making claims without evidence,How would you test your approach to Compose state hoisting?|What trade-off would change your decision?,android developer|android developer|compose state hoisting,Compose State Hoisting Interview Questions and Answers | InterviewPrep,Practice Compose state hoisting interview questions with practical answers and follow-up guidance for Android Developer candidates.,True
How would you troubleshoot a problem involving Compose side effects?,how-would-you-troubleshoot-a-problem-involving-compose-side-effects,Android Developer,Android Developer,MID_LEVEL,MEDIUM,TECHNICAL,Practical interview preparation for Compose side effects.,"This question tests practical judgment around Compose side effects. A strong answer should connect the concept to requirements, constraints, measurable outcomes, and appropriate trade-offs rather than giving only a definition.","I would first clarify the goal and constraints related to Compose side effects, then choose an approach that is simple, testable, and appropriate for the situation. I would explain the main trade-offs, validate the result with relevant evidence, and document or communicate important decisions. If the situation changes, I would reassess rather than continuing with an approach that no longer fits.",Clarify requirements|Choose an appropriate approach|Explain trade-offs|Validate the result,Giving only a definition|Ignoring constraints|Overengineering|Making claims without evidence,How would you test your approach to Compose side effects?|What trade-off would change your decision?,android developer|android developer|compose side effects,Compose Side Effects Interview Questions and Answers | InterviewPrep,Practice Compose side effects interview questions with practical answers and follow-up guidance for Android Developer candidates.,True
How would you approach Room migrations in a Android Developer role?,how-would-you-approach-room-migrations-in-a-android-developer-role,Android Developer,Android Developer,FRESHER,EASY,TECHNICAL,Practical interview preparation for Room migrations.,"This question tests practical judgment around Room migrations. A strong answer should connect the concept to requirements, constraints, measurable outcomes, and appropriate trade-offs rather than giving only a definition.","I would first clarify the goal and constraints related to Room migrations, then choose an approach that is simple, testable, and appropriate for the situation. I would explain the main trade-offs, validate the result with relevant evidence, and document or communicate important decisions. If the situation changes, I would reassess rather than continuing with an approach that no longer fits.",Clarify requirements|Choose an appropriate approach|Explain trade-offs|Validate the result,Giving only a definition|Ignoring constraints|Overengineering|Making claims without evidence,How would you test your approach to Room migrations?|What trade-off would change your decision?,android developer|android developer|room migrations,Room Migrations Interview Questions and Answers | InterviewPrep,Practice Room migrations interview questions with practical answers and follow-up guidance for Android Developer candidates.,True
What would you consider when working with Retrofit error handling as a Android Developer?,what-would-you-consider-when-working-with-retrofit-error-handling-as-a-android-developer,Android Developer,Android Developer,MID_LEVEL,MEDIUM,TECHNICAL,Practical interview preparation for Retrofit error handling.,"This question tests practical judgment around Retrofit error handling. A strong answer should connect the concept to requirements, constraints, measurable outcomes, and appropriate trade-offs rather than giving only a definition.","I would first clarify the goal and constraints related to Retrofit error handling, then choose an approach that is simple, testable, and appropriate for the situation. I would explain the main trade-offs, validate the result with relevant evidence, and document or communicate important decisions. If the situation changes, I would reassess rather than continuing with an approach that no longer fits.",Clarify requirements|Choose an appropriate approach|Explain trade-offs|Validate the result,Giving only a definition|Ignoring constraints|Overengineering|Making claims without evidence,How would you test your approach to Retrofit error handling?|What trade-off would change your decision?,android developer|android developer|retrofit error handling,Retrofit Error Handling Interview Questions and Answers | InterviewPrep,Practice Retrofit error handling interview questions with practical answers and follow-up guidance for Android Developer candidates.,True
How would you explain OkHttp interceptors to an interviewer?,how-would-you-explain-okhttp-interceptors-to-an-interviewer,Android Developer,Android Developer,EXPERIENCED,MEDIUM,CASE_STUDY,Practical interview preparation for OkHttp interceptors.,"This question tests practical judgment around OkHttp interceptors. A strong answer should connect the concept to requirements, constraints, measurable outcomes, and appropriate trade-offs rather than giving only a definition.","I would first clarify the goal and constraints related to OkHttp interceptors, then choose an approach that is simple, testable, and appropriate for the situation. I would explain the main trade-offs, validate the result with relevant evidence, and document or communicate important decisions. If the situation changes, I would reassess rather than continuing with an approach that no longer fits.",Clarify requirements|Choose an appropriate approach|Explain trade-offs|Validate the result,Giving only a definition|Ignoring constraints|Overengineering|Making claims without evidence,How would you test your approach to OkHttp interceptors?|What trade-off would change your decision?,android developer|android developer|okhttp interceptors,Okhttp Interceptors Interview Questions and Answers | InterviewPrep,Practice OkHttp interceptors interview questions with practical answers and follow-up guidance for Android Developer candidates.,True
What are the main trade-offs involved in WorkManager constraints?,what-are-the-main-trade-offs-involved-in-workmanager-constraints,Android Developer,Android Developer,FRESHER,HARD,TECHNICAL,Practical interview preparation for WorkManager constraints.,"This question tests practical judgment around WorkManager constraints. A strong answer should connect the concept to requirements, constraints, measurable outcomes, and appropriate trade-offs rather than giving only a definition.","I would first clarify the goal and constraints related to WorkManager constraints, then choose an approach that is simple, testable, and appropriate for the situation. I would explain the main trade-offs, validate the result with relevant evidence, and document or communicate important decisions. If the situation changes, I would reassess rather than continuing with an approach that no longer fits.",Clarify requirements|Choose an appropriate approach|Explain trade-offs|Validate the result,Giving only a definition|Ignoring constraints|Overengineering|Making claims without evidence,How would you test your approach to WorkManager constraints?|What trade-off would change your decision?,android developer|android developer|workmanager constraints,Workmanager Constraints Interview Questions and Answers | InterviewPrep,Practice WorkManager constraints interview questions with practical answers and follow-up guidance for Android Developer candidates.,True
How would you troubleshoot a problem involving background limits?,how-would-you-troubleshoot-a-problem-involving-background-limits,Android Developer,Android Developer,MID_LEVEL,MEDIUM,TECHNICAL,Practical interview preparation for background limits.,"This question tests practical judgment around background limits. A strong answer should connect the concept to requirements, constraints, measurable outcomes, and appropriate trade-offs rather than giving only a definition.","I would first clarify the goal and constraints related to background limits, then choose an approach that is simple, testable, and appropriate for the situation. I would explain the main trade-offs, validate the result with relevant evidence, and document or communicate important decisions. If the situation changes, I would reassess rather than continuing with an approach that no longer fits.",Clarify requirements|Choose an appropriate approach|Explain trade-offs|Validate the result,Giving only a definition|Ignoring constraints|Overengineering|Making claims without evidence,How would you test your approach to background limits?|What trade-off would change your decision?,android developer|android developer|background limits,Background Limits Interview Questions and Answers | InterviewPrep,Practice background limits interview questions with practical answers and follow-up guidance for Android Developer candidates.,True
How would you approach deep links in a Android Developer role?,how-would-you-approach-deep-links-in-a-android-developer-role,Android Developer,Android Developer,FRESHER,EASY,TECHNICAL,Practical interview preparation for deep links.,"This question tests practical judgment around deep links. A strong answer should connect the concept to requirements, constraints, measurable outcomes, and appropriate trade-offs rather than giving only a definition.","I would first clarify the goal and constraints related to deep links, then choose an approach that is simple, testable, and appropriate for the situation. I would explain the main trade-offs, validate the result with relevant evidence, and document or communicate important decisions. If the situation changes, I would reassess rather than continuing with an approach that no longer fits.",Clarify requirements|Choose an appropriate approach|Explain trade-offs|Validate the result,Giving only a definition|Ignoring constraints|Overengineering|Making claims without evidence,How would you test your approach to deep links?|What trade-off would change your decision?,android developer|android developer|deep links,Deep Links Interview Questions and Answers | InterviewPrep,Practice deep links interview questions with practical answers and follow-up guidance for Android Developer candidates.,True
What would you consider when working with runtime permissions as a Android Developer?,what-would-you-consider-when-working-with-runtime-permissions-as-a-android-developer,Android Developer,Android Developer,MID_LEVEL,MEDIUM,TECHNICAL,Practical interview preparation for runtime permissions.,"This question tests practical judgment around runtime permissions. A strong answer should connect the concept to requirements, constraints, measurable outcomes, and appropriate trade-offs rather than giving only a definition.","I would first clarify the goal and constraints related to runtime permissions, then choose an approach that is simple, testable, and appropriate for the situation. I would explain the main trade-offs, validate the result with relevant evidence, and document or communicate important decisions. If the situation changes, I would reassess rather than continuing with an approach that no longer fits.",Clarify requirements|Choose an appropriate approach|Explain trade-offs|Validate the result,Giving only a definition|Ignoring constraints|Overengineering|Making claims without evidence,How would you test your approach to runtime permissions?|What trade-off would change your decision?,android developer|android developer|runtime permissions,Runtime Permissions Interview Questions and Answers | InterviewPrep,Practice runtime permissions interview questions with practical answers and follow-up guidance for Android Developer candidates.,True
How would you explain notification channels to an interviewer?,how-would-you-explain-notification-channels-to-an-interviewer,Android Developer,Android Developer,EXPERIENCED,MEDIUM,CASE_STUDY,Practical interview preparation for notification channels.,"This question tests practical judgment around notification channels. A strong answer should connect the concept to requirements, constraints, measurable outcomes, and appropriate trade-offs rather than giving only a definition.","I would first clarify the goal and constraints related to notification channels, then choose an approach that is simple, testable, and appropriate for the situation. I would explain the main trade-offs, validate the result with relevant evidence, and document or communicate important decisions. If the situation changes, I would reassess rather than continuing with an approach that no longer fits.",Clarify requirements|Choose an appropriate approach|Explain trade-offs|Validate the result,Giving only a definition|Ignoring constraints|Overengineering|Making claims without evidence,How would you test your approach to notification channels?|What trade-off would change your decision?,android developer|android developer|notification channels,Notification Channels Interview Questions and Answers | InterviewPrep,Practice notification channels interview questions with practical answers and follow-up guidance for Android Developer candidates.,True
What are the main trade-offs involved in Hilt scopes?,what-are-the-main-trade-offs-involved-in-hilt-scopes,Android Developer,Android Developer,FRESHER,HARD,TECHNICAL,Practical interview preparation for Hilt scopes.,"This question tests practical judgment around Hilt scopes. A strong answer should connect the concept to requirements, constraints, measurable outcomes, and appropriate trade-offs rather than giving only a definition.","I would first clarify the goal and constraints related to Hilt scopes, then choose an approach that is simple, testable, and appropriate for the situation. I would explain the main trade-offs, validate the result with relevant evidence, and document or communicate important decisions. If the situation changes, I would reassess rather than continuing with an approach that no longer fits.",Clarify requirements|Choose an appropriate approach|Explain trade-offs|Validate the result,Giving only a definition|Ignoring constraints|Overengineering|Making claims without evidence,How would you test your approach to Hilt scopes?|What trade-off would change your decision?,android developer|android developer|hilt scopes,Hilt Scopes Interview Questions and Answers | InterviewPrep,Practice Hilt scopes interview questions with practical answers and follow-up guidance for Android Developer candidates.,True
How would you troubleshoot a problem involving repository pattern?,how-would-you-troubleshoot-a-problem-involving-repository-pattern,Android Developer,Android Developer,MID_LEVEL,MEDIUM,TECHNICAL,Practical interview preparation for repository pattern.,"This question tests practical judgment around repository pattern. A strong answer should connect the concept to requirements, constraints, measurable outcomes, and appropriate trade-offs rather than giving only a definition.","I would first clarify the goal and constraints related to repository pattern, then choose an approach that is simple, testable, and appropriate for the situation. I would explain the main trade-offs, validate the result with relevant evidence, and document or communicate important decisions. If the situation changes, I would reassess rather than continuing with an approach that no longer fits.",Clarify requirements|Choose an appropriate approach|Explain trade-offs|Validate the result,Giving only a definition|Ignoring constraints|Overengineering|Making claims without evidence,How would you test your approach to repository pattern?|What trade-off would change your decision?,android developer|android developer|repository pattern,Repository Pattern Interview Questions and Answers | InterviewPrep,Practice repository pattern interview questions with practical answers and follow-up guidance for Android Developer candidates.,True
How would you approach offline caching in a Android Developer role?,how-would-you-approach-offline-caching-in-a-android-developer-role,Android Developer,Android Developer,FRESHER,EASY,TECHNICAL,Practical interview preparation for offline caching.,"This question tests practical judgment around offline caching. A strong answer should connect the concept to requirements, constraints, measurable outcomes, and appropriate trade-offs rather than giving only a definition.","I would first clarify the goal and constraints related to offline caching, then choose an approach that is simple, testable, and appropriate for the situation. I would explain the main trade-offs, validate the result with relevant evidence, and document or communicate important decisions. If the situation changes, I would reassess rather than continuing with an approach that no longer fits.",Clarify requirements|Choose an appropriate approach|Explain trade-offs|Validate the result,Giving only a definition|Ignoring constraints|Overengineering|Making claims without evidence,How would you test your approach to offline caching?|What trade-off would change your decision?,android developer|android developer|offline caching,Offline Caching Interview Questions and Answers | InterviewPrep,Practice offline caching interview questions with practical answers and follow-up guidance for Android Developer candidates.,True
What would you consider when working with paging large datasets as a Android Developer?,what-would-you-consider-when-working-with-paging-large-datasets-as-a-android-developer,Android Developer,Android Developer,MID_LEVEL,MEDIUM,TECHNICAL,Practical interview preparation for paging large datasets.,"This question tests practical judgment around paging large datasets. A strong answer should connect the concept to requirements, constraints, measurable outcomes, and appropriate trade-offs rather than giving only a definition.","I would first clarify the goal and constraints related to paging large datasets, then choose an approach that is simple, testable, and appropriate for the situation. I would explain the main trade-offs, validate the result with relevant evidence, and document or communicate important decisions. If the situation changes, I would reassess rather than continuing with an approach that no longer fits.",Clarify requirements|Choose an appropriate approach|Explain trade-offs|Validate the result,Giving only a definition|Ignoring constraints|Overengineering|Making claims without evidence,How would you test your approach to paging large datasets?|What trade-off would change your decision?,android developer|android developer|paging large datasets,Paging Large Datasets Interview Questions and Answers | InterviewPrep,Practice paging large datasets interview questions with practical answers and follow-up guidance for Android Developer candidates.,True
How would you explain memory leak diagnosis to an interviewer?,how-would-you-explain-memory-leak-diagnosis-to-an-interviewer,Android Developer,Android Developer,EXPERIENCED,MEDIUM,CASE_STUDY,Practical interview preparation for memory leak diagnosis.,"This question tests practical judgment around memory leak diagnosis. A strong answer should connect the concept to requirements, constraints, measurable outcomes, and appropriate trade-offs rather than giving only a definition.","I would first clarify the goal and constraints related to memory leak diagnosis, then choose an approach that is simple, testable, and appropriate for the situation. I would explain the main trade-offs, validate the result with relevant evidence, and document or communicate important decisions. If the situation changes, I would reassess rather than continuing with an approach that no longer fits.",Clarify requirements|Choose an appropriate approach|Explain trade-offs|Validate the result,Giving only a definition|Ignoring constraints|Overengineering|Making claims without evidence,How would you test your approach to memory leak diagnosis?|What trade-off would change your decision?,android developer|android developer|memory leak diagnosis,Memory Leak Diagnosis Interview Questions and Answers | InterviewPrep,Practice memory leak diagnosis interview questions with practical answers and follow-up guidance for Android Developer candidates.,True
What are the main trade-offs involved in startup optimization?,what-are-the-main-trade-offs-involved-in-startup-optimization,Android Developer,Android Developer,FRESHER,HARD,TECHNICAL,Practical interview preparation for startup optimization.,"This question tests practical judgment around startup optimization. A strong answer should connect the concept to requirements, constraints, measurable outcomes, and appropriate trade-offs rather than giving only a definition.","I would first clarify the goal and constraints related to startup optimization, then choose an approach that is simple, testable, and appropriate for the situation. I would explain the main trade-offs, validate the result with relevant evidence, and document or communicate important decisions. If the situation changes, I would reassess rather than continuing with an approach that no longer fits.",Clarify requirements|Choose an appropriate approach|Explain trade-offs|Validate the result,Giving only a definition|Ignoring constraints|Overengineering|Making claims without evidence,How would you test your approach to startup optimization?|What trade-off would change your decision?,android developer|android developer|startup optimization,Startup Optimization Interview Questions and Answers | InterviewPrep,Practice startup optimization interview questions with practical answers and follow-up guidance for Android Developer candidates.,True
How would you troubleshoot a problem involving Android app security?,how-would-you-troubleshoot-a-problem-involving-android-app-security,Android Developer,Android Developer,MID_LEVEL,MEDIUM,TECHNICAL,Practical interview preparation for Android app security.,"This question tests practical judgment around Android app security. A strong answer should connect the concept to requirements, constraints, measurable outcomes, and appropriate trade-offs rather than giving only a definition.","I would first clarify the goal and constraints related to Android app security, then choose an approach that is simple, testable, and appropriate for the situation. I would explain the main trade-offs, validate the result with relevant evidence, and document or communicate important decisions. If the situation changes, I would reassess rather than continuing with an approach that no longer fits.",Clarify requirements|Choose an appropriate approach|Explain trade-offs|Validate the result,Giving only a definition|Ignoring constraints|Overengineering|Making claims without evidence,How would you test your approach to Android app security?|What trade-off would change your decision?,android developer|android developer|android app security,Android App Security Interview Questions and Answers | InterviewPrep,Practice Android app security interview questions with practical answers and follow-up guidance for Android Developer candidates.,True
How would you approach HashMap collision handling in a Java Developer role?,how-would-you-approach-hashmap-collision-handling-in-a-java-developer-role,Java Developer,Java Developer,FRESHER,EASY,TECHNICAL,Practical interview preparation for HashMap collision handling.,"This question tests practical judgment around HashMap collision handling. A strong answer should connect the concept to requirements, constraints, measurable outcomes, and appropriate trade-offs rather than giving only a definition.","I would first clarify the goal and constraints related to HashMap collision handling, then choose an approach that is simple, testable, and appropriate for the situation. I would explain the main trade-offs, validate the result with relevant evidence, and document or communicate important decisions. If the situation changes, I would reassess rather than continuing with an approach that no longer fits.",Clarify requirements|Choose an appropriate approach|Explain trade-offs|Validate the result,Giving only a definition|Ignoring constraints|Overengineering|Making claims without evidence,How would you test your approach to HashMap collision handling?|What trade-off would change your decision?,java developer|java developer|hashmap collision handling,Hashmap Collision Handling Interview Questions and Answers | InterviewPrep,Practice HashMap collision handling interview questions with practical answers and follow-up guidance for Java Developer candidates.,True
What would you consider when working with ArrayList versus LinkedList as a Java Developer?,what-would-you-consider-when-working-with-arraylist-versus-linkedlist-as-a-java-developer,Java Developer,Java Developer,MID_LEVEL,MEDIUM,TECHNICAL,Practical interview preparation for ArrayList versus LinkedList.,"This question tests practical judgment around ArrayList versus LinkedList. A strong answer should connect the concept to requirements, constraints, measurable outcomes, and appropriate trade-offs rather than giving only a definition.","I would first clarify the goal and constraints related to ArrayList versus LinkedList, then choose an approach that is simple, testable, and appropriate for the situation. I would explain the main trade-offs, validate the result with relevant evidence, and document or communicate important decisions. If the situation changes, I would reassess rather than continuing with an approach that no longer fits.",Clarify requirements|Choose an appropriate approach|Explain trade-offs|Validate the result,Giving only a definition|Ignoring constraints|Overengineering|Making claims without evidence,How would you test your approach to ArrayList versus LinkedList?|What trade-off would change your decision?,java developer|java developer|arraylist versus linkedlist,Arraylist Versus Linkedlist Interview Questions and Answers | InterviewPrep,Practice ArrayList versus LinkedList interview questions with practical answers and follow-up guidance for Java Developer candidates.,True
How would you explain equals and hashCode contract to an interviewer?,how-would-you-explain-equals-and-hashcode-contract-to-an-interviewer,Java Developer,Java Developer,EXPERIENCED,MEDIUM,CASE_STUDY,Practical interview preparation for equals and hashCode contract.,"This question tests practical judgment around equals and hashCode contract. A strong answer should connect the concept to requirements, constraints, measurable outcomes, and appropriate trade-offs rather than giving only a definition.","I would first clarify the goal and constraints related to equals and hashCode contract, then choose an approach that is simple, testable, and appropriate for the situation. I would explain the main trade-offs, validate the result with relevant evidence, and document or communicate important decisions. If the situation changes, I would reassess rather than continuing with an approach that no longer fits.",Clarify requirements|Choose an appropriate approach|Explain trade-offs|Validate the result,Giving only a definition|Ignoring constraints|Overengineering|Making claims without evidence,How would you test your approach to equals and hashCode contract?|What trade-off would change your decision?,java developer|java developer|equals and hashcode contract,Equals And Hashcode Contract Interview Questions and Answers | InterviewPrep,Practice equals and hashCode contract interview questions with practical answers and follow-up guidance for Java Developer candidates.,True
What are the main trade-offs involved in immutability?,what-are-the-main-trade-offs-involved-in-immutability,Java Developer,Java Developer,FRESHER,HARD,TECHNICAL,Practical interview preparation for immutability.,"This question tests practical judgment around immutability. A strong answer should connect the concept to requirements, constraints, measurable outcomes, and appropriate trade-offs rather than giving only a definition.","I would first clarify the goal and constraints related to immutability, then choose an approach that is simple, testable, and appropriate for the situation. I would explain the main trade-offs, validate the result with relevant evidence, and document or communicate important decisions. If the situation changes, I would reassess rather than continuing with an approach that no longer fits.",Clarify requirements|Choose an appropriate approach|Explain trade-offs|Validate the result,Giving only a definition|Ignoring constraints|Overengineering|Making claims without evidence,How would you test your approach to immutability?|What trade-off would change your decision?,java developer|java developer|immutability,Immutability Interview Questions and Answers | InterviewPrep,Practice immutability interview questions with practical answers and follow-up guidance for Java Developer candidates.,True
How would you troubleshoot a problem involving interface default methods?,how-would-you-troubleshoot-a-problem-involving-interface-default-methods,Java Developer,Java Developer,MID_LEVEL,MEDIUM,TECHNICAL,Practical interview preparation for interface default methods.,"This question tests practical judgment around interface default methods. A strong answer should connect the concept to requirements, constraints, measurable outcomes, and appropriate trade-offs rather than giving only a definition.","I would first clarify the goal and constraints related to interface default methods, then choose an approach that is simple, testable, and appropriate for the situation. I would explain the main trade-offs, validate the result with relevant evidence, and document or communicate important decisions. If the situation changes, I would reassess rather than continuing with an approach that no longer fits.",Clarify requirements|Choose an appropriate approach|Explain trade-offs|Validate the result,Giving only a definition|Ignoring constraints|Overengineering|Making claims without evidence,How would you test your approach to interface default methods?|What trade-off would change your decision?,java developer|java developer|interface default methods,Interface Default Methods Interview Questions and Answers | InterviewPrep,Practice interface default methods interview questions with practical answers and follow-up guidance for Java Developer candidates.,True
How would you approach abstract class versus interface in a Java Developer role?,how-would-you-approach-abstract-class-versus-interface-in-a-java-developer-role,Java Developer,Java Developer,FRESHER,EASY,TECHNICAL,Practical interview preparation for abstract class versus interface.,"This question tests practical judgment around abstract class versus interface. A strong answer should connect the concept to requirements, constraints, measurable outcomes, and appropriate trade-offs rather than giving only a definition.","I would first clarify the goal and constraints related to abstract class versus interface, then choose an approach that is simple, testable, and appropriate for the situation. I would explain the main trade-offs, validate the result with relevant evidence, and document or communicate important decisions. If the situation changes, I would reassess rather than continuing with an approach that no longer fits.",Clarify requirements|Choose an appropriate approach|Explain trade-offs|Validate the result,Giving only a definition|Ignoring constraints|Overengineering|Making claims without evidence,How would you test your approach to abstract class versus interface?|What trade-off would change your decision?,java developer|java developer|abstract class versus interface,Abstract Class Versus Interface Interview Questions and Answers | InterviewPrep,Practice abstract class versus interface interview questions with practical answers and follow-up guidance for Java Developer candidates.,True
What would you consider when working with checked versus unchecked exceptions as a Java Developer?,what-would-you-consider-when-working-with-checked-versus-unchecked-exceptions-as-a-java-developer,Java Developer,Java Developer,MID_LEVEL,MEDIUM,TECHNICAL,Practical interview preparation for checked versus unchecked exceptions.,"This question tests practical judgment around checked versus unchecked exceptions. A strong answer should connect the concept to requirements, constraints, measurable outcomes, and appropriate trade-offs rather than giving only a definition.","I would first clarify the goal and constraints related to checked versus unchecked exceptions, then choose an approach that is simple, testable, and appropriate for the situation. I would explain the main trade-offs, validate the result with relevant evidence, and document or communicate important decisions. If the situation changes, I would reassess rather than continuing with an approach that no longer fits.",Clarify requirements|Choose an appropriate approach|Explain trade-offs|Validate the result,Giving only a definition|Ignoring constraints|Overengineering|Making claims without evidence,How would you test your approach to checked versus unchecked exceptions?|What trade-off would change your decision?,java developer|java developer|checked versus unchecked exceptions,Checked Versus Unchecked Exceptions Interview Questions and Answers | InterviewPrep,Practice checked versus unchecked exceptions interview questions with practical answers and follow-up guidance for Java Developer candidates.,True
How would you explain try-with-resources to an interviewer?,how-would-you-explain-try-with-resources-to-an-interviewer,Java Developer,Java Developer,EXPERIENCED,MEDIUM,CASE_STUDY,Practical interview preparation for try-with-resources.,"This question tests practical judgment around try-with-resources. A strong answer should connect the concept to requirements, constraints, measurable outcomes, and appropriate trade-offs rather than giving only a definition.","I would first clarify the goal and constraints related to try-with-resources, then choose an approach that is simple, testable, and appropriate for the situation. I would explain the main trade-offs, validate the result with relevant evidence, and document or communicate important decisions. If the situation changes, I would reassess rather than continuing with an approach that no longer fits.",Clarify requirements|Choose an appropriate approach|Explain trade-offs|Validate the result,Giving only a definition|Ignoring constraints|Overengineering|Making claims without evidence,How would you test your approach to try-with-resources?|What trade-off would change your decision?,java developer|java developer|try-with-resources,Try-With-Resources Interview Questions and Answers | InterviewPrep,Practice try-with-resources interview questions with practical answers and follow-up guidance for Java Developer candidates.,True
What are the main trade-offs involved in ExecutorService?,what-are-the-main-trade-offs-involved-in-executorservice,Java Developer,Java Developer,FRESHER,HARD,TECHNICAL,Practical interview preparation for ExecutorService.,"This question tests practical judgment around ExecutorService. A strong answer should connect the concept to requirements, constraints, measurable outcomes, and appropriate trade-offs rather than giving only a definition.","I would first clarify the goal and constraints related to ExecutorService, then choose an approach that is simple, testable, and appropriate for the situation. I would explain the main trade-offs, validate the result with relevant evidence, and document or communicate important decisions. If the situation changes, I would reassess rather than continuing with an approach that no longer fits.",Clarify requirements|Choose an appropriate approach|Explain trade-offs|Validate the result,Giving only a definition|Ignoring constraints|Overengineering|Making claims without evidence,How would you test your approach to ExecutorService?|What trade-off would change your decision?,java developer|java developer|executorservice,Executorservice Interview Questions and Answers | InterviewPrep,Practice ExecutorService interview questions with practical answers and follow-up guidance for Java Developer candidates.,True
How would you troubleshoot a problem involving CompletableFuture?,how-would-you-troubleshoot-a-problem-involving-completablefuture,Java Developer,Java Developer,MID_LEVEL,MEDIUM,TECHNICAL,Practical interview preparation for CompletableFuture.,"This question tests practical judgment around CompletableFuture. A strong answer should connect the concept to requirements, constraints, measurable outcomes, and appropriate trade-offs rather than giving only a definition.","I would first clarify the goal and constraints related to CompletableFuture, then choose an approach that is simple, testable, and appropriate for the situation. I would explain the main trade-offs, validate the result with relevant evidence, and document or communicate important decisions. If the situation changes, I would reassess rather than continuing with an approach that no longer fits.",Clarify requirements|Choose an appropriate approach|Explain trade-offs|Validate the result,Giving only a definition|Ignoring constraints|Overengineering|Making claims without evidence,How would you test your approach to CompletableFuture?|What trade-off would change your decision?,java developer|java developer|completablefuture,Completablefuture Interview Questions and Answers | InterviewPrep,Practice CompletableFuture interview questions with practical answers and follow-up guidance for Java Developer candidates.,True
How would you approach volatile versus synchronized in a Java Developer role?,how-would-you-approach-volatile-versus-synchronized-in-a-java-developer-role,Java Developer,Java Developer,FRESHER,EASY,TECHNICAL,Practical interview preparation for volatile versus synchronized.,"This question tests practical judgment around volatile versus synchronized. A strong answer should connect the concept to requirements, constraints, measurable outcomes, and appropriate trade-offs rather than giving only a definition.","I would first clarify the goal and constraints related to volatile versus synchronized, then choose an approach that is simple, testable, and appropriate for the situation. I would explain the main trade-offs, validate the result with relevant evidence, and document or communicate important decisions. If the situation changes, I would reassess rather than continuing with an approach that no longer fits.",Clarify requirements|Choose an appropriate approach|Explain trade-offs|Validate the result,Giving only a definition|Ignoring constraints|Overengineering|Making claims without evidence,How would you test your approach to volatile versus synchronized?|What trade-off would change your decision?,java developer|java developer|volatile versus synchronized,Volatile Versus Synchronized Interview Questions and Answers | InterviewPrep,Practice volatile versus synchronized interview questions with practical answers and follow-up guidance for Java Developer candidates.,True
What would you consider when working with deadlock prevention as a Java Developer?,what-would-you-consider-when-working-with-deadlock-prevention-as-a-java-developer,Java Developer,Java Developer,MID_LEVEL,MEDIUM,TECHNICAL,Practical interview preparation for deadlock prevention.,"This question tests practical judgment around deadlock prevention. A strong answer should connect the concept to requirements, constraints, measurable outcomes, and appropriate trade-offs rather than giving only a definition.","I would first clarify the goal and constraints related to deadlock prevention, then choose an approach that is simple, testable, and appropriate for the situation. I would explain the main trade-offs, validate the result with relevant evidence, and document or communicate important decisions. If the situation changes, I would reassess rather than continuing with an approach that no longer fits.",Clarify requirements|Choose an appropriate approach|Explain trade-offs|Validate the result,Giving only a definition|Ignoring constraints|Overengineering|Making claims without evidence,How would you test your approach to deadlock prevention?|What trade-off would change your decision?,java developer|java developer|deadlock prevention,Deadlock Prevention Interview Questions and Answers | InterviewPrep,Practice deadlock prevention interview questions with practical answers and follow-up guidance for Java Developer candidates.,True
How would you explain Stream API to an interviewer?,how-would-you-explain-stream-api-to-an-interviewer,Java Developer,Java Developer,EXPERIENCED,MEDIUM,CASE_STUDY,Practical interview preparation for Stream API.,"This question tests practical judgment around Stream API. A strong answer should connect the concept to requirements, constraints, measurable outcomes, and appropriate trade-offs rather than giving only a definition.","I would first clarify the goal and constraints related to Stream API, then choose an approach that is simple, testable, and appropriate for the situation. I would explain the main trade-offs, validate the result with relevant evidence, and document or communicate important decisions. If the situation changes, I would reassess rather than continuing with an approach that no longer fits.",Clarify requirements|Choose an appropriate approach|Explain trade-offs|Validate the result,Giving only a definition|Ignoring constraints|Overengineering|Making claims without evidence,How would you test your approach to Stream API?|What trade-off would change your decision?,java developer|java developer|stream api,Stream Api Interview Questions and Answers | InterviewPrep,Practice Stream API interview questions with practical answers and follow-up guidance for Java Developer candidates.,True
What are the main trade-offs involved in Optional?,what-are-the-main-trade-offs-involved-in-optional,Java Developer,Java Developer,FRESHER,HARD,TECHNICAL,Practical interview preparation for Optional.,"This question tests practical judgment around Optional. A strong answer should connect the concept to requirements, constraints, measurable outcomes, and appropriate trade-offs rather than giving only a definition.","I would first clarify the goal and constraints related to Optional, then choose an approach that is simple, testable, and appropriate for the situation. I would explain the main trade-offs, validate the result with relevant evidence, and document or communicate important decisions. If the situation changes, I would reassess rather than continuing with an approach that no longer fits.",Clarify requirements|Choose an appropriate approach|Explain trade-offs|Validate the result,Giving only a definition|Ignoring constraints|Overengineering|Making claims without evidence,How would you test your approach to Optional?|What trade-off would change your decision?,java developer|java developer|optional,Optional Interview Questions and Answers | InterviewPrep,Practice Optional interview questions with practical answers and follow-up guidance for Java Developer candidates.,True
How would you troubleshoot a problem involving generic wildcards?,how-would-you-troubleshoot-a-problem-involving-generic-wildcards,Java Developer,Java Developer,MID_LEVEL,MEDIUM,TECHNICAL,Practical interview preparation for generic wildcards.,"This question tests practical judgment around generic wildcards. A strong answer should connect the concept to requirements, constraints, measurable outcomes, and appropriate trade-offs rather than giving only a definition.","I would first clarify the goal and constraints related to generic wildcards, then choose an approach that is simple, testable, and appropriate for the situation. I would explain the main trade-offs, validate the result with relevant evidence, and document or communicate important decisions. If the situation changes, I would reassess rather than continuing with an approach that no longer fits.",Clarify requirements|Choose an appropriate approach|Explain trade-offs|Validate the result,Giving only a definition|Ignoring constraints|Overengineering|Making claims without evidence,How would you test your approach to generic wildcards?|What trade-off would change your decision?,java developer|java developer|generic wildcards,Generic Wildcards Interview Questions and Answers | InterviewPrep,Practice generic wildcards interview questions with practical answers and follow-up guidance for Java Developer candidates.,True
How would you approach JVM heap generations in a Java Developer role?,how-would-you-approach-jvm-heap-generations-in-a-java-developer-role,Java Developer,Java Developer,FRESHER,EASY,TECHNICAL,Practical interview preparation for JVM heap generations.,"This question tests practical judgment around JVM heap generations. A strong answer should connect the concept to requirements, constraints, measurable outcomes, and appropriate trade-offs rather than giving only a definition.","I would first clarify the goal and constraints related to JVM heap generations, then choose an approach that is simple, testable, and appropriate for the situation. I would explain the main trade-offs, validate the result with relevant evidence, and document or communicate important decisions. If the situation changes, I would reassess rather than continuing with an approach that no longer fits.",Clarify requirements|Choose an appropriate approach|Explain trade-offs|Validate the result,Giving only a definition|Ignoring constraints|Overengineering|Making claims without evidence,How would you test your approach to JVM heap generations?|What trade-off would change your decision?,java developer|java developer|jvm heap generations,Jvm Heap Generations Interview Questions and Answers | InterviewPrep,Practice JVM heap generations interview questions with practical answers and follow-up guidance for Java Developer candidates.,True
What would you consider when working with garbage collectors as a Java Developer?,what-would-you-consider-when-working-with-garbage-collectors-as-a-java-developer,Java Developer,Java Developer,MID_LEVEL,MEDIUM,TECHNICAL,Practical interview preparation for garbage collectors.,"This question tests practical judgment around garbage collectors. A strong answer should connect the concept to requirements, constraints, measurable outcomes, and appropriate trade-offs rather than giving only a definition.","I would first clarify the goal and constraints related to garbage collectors, then choose an approach that is simple, testable, and appropriate for the situation. I would explain the main trade-offs, validate the result with relevant evidence, and document or communicate important decisions. If the situation changes, I would reassess rather than continuing with an approach that no longer fits.",Clarify requirements|Choose an appropriate approach|Explain trade-offs|Validate the result,Giving only a definition|Ignoring constraints|Overengineering|Making claims without evidence,How would you test your approach to garbage collectors?|What trade-off would change your decision?,java developer|java developer|garbage collectors,Garbage Collectors Interview Questions and Answers | InterviewPrep,Practice garbage collectors interview questions with practical answers and follow-up guidance for Java Developer candidates.,True
How would you explain class loading to an interviewer?,how-would-you-explain-class-loading-to-an-interviewer,Java Developer,Java Developer,EXPERIENCED,MEDIUM,CASE_STUDY,Practical interview preparation for class loading.,"This question tests practical judgment around class loading. A strong answer should connect the concept to requirements, constraints, measurable outcomes, and appropriate trade-offs rather than giving only a definition.","I would first clarify the goal and constraints related to class loading, then choose an approach that is simple, testable, and appropriate for the situation. I would explain the main trade-offs, validate the result with relevant evidence, and document or communicate important decisions. If the situation changes, I would reassess rather than continuing with an approach that no longer fits.",Clarify requirements|Choose an appropriate approach|Explain trade-offs|Validate the result,Giving only a definition|Ignoring constraints|Overengineering|Making claims without evidence,How would you test your approach to class loading?|What trade-off would change your decision?,java developer|java developer|class loading,Class Loading Interview Questions and Answers | InterviewPrep,Practice class loading interview questions with practical answers and follow-up guidance for Java Developer candidates.,True
What are the main trade-offs involved in JDBC transactions?,what-are-the-main-trade-offs-involved-in-jdbc-transactions,Java Developer,Java Developer,FRESHER,HARD,TECHNICAL,Practical interview preparation for JDBC transactions.,"This question tests practical judgment around JDBC transactions. A strong answer should connect the concept to requirements, constraints, measurable outcomes, and appropriate trade-offs rather than giving only a definition.","I would first clarify the goal and constraints related to JDBC transactions, then choose an approach that is simple, testable, and appropriate for the situation. I would explain the main trade-offs, validate the result with relevant evidence, and document or communicate important decisions. If the situation changes, I would reassess rather than continuing with an approach that no longer fits.",Clarify requirements|Choose an appropriate approach|Explain trade-offs|Validate the result,Giving only a definition|Ignoring constraints|Overengineering|Making claims without evidence,How would you test your approach to JDBC transactions?|What trade-off would change your decision?,java developer|java developer|jdbc transactions,Jdbc Transactions Interview Questions and Answers | InterviewPrep,Practice JDBC transactions interview questions with practical answers and follow-up guidance for Java Developer candidates.,True
How would you troubleshoot a problem involving Java records?,how-would-you-troubleshoot-a-problem-involving-java-records,Java Developer,Java Developer,MID_LEVEL,MEDIUM,TECHNICAL,Practical interview preparation for Java records.,"This question tests practical judgment around Java records. A strong answer should connect the concept to requirements, constraints, measurable outcomes, and appropriate trade-offs rather than giving only a definition.","I would first clarify the goal and constraints related to Java records, then choose an approach that is simple, testable, and appropriate for the situation. I would explain the main trade-offs, validate the result with relevant evidence, and document or communicate important decisions. If the situation changes, I would reassess rather than continuing with an approach that no longer fits.",Clarify requirements|Choose an appropriate approach|Explain trade-offs|Validate the result,Giving only a definition|Ignoring constraints|Overengineering|Making claims without evidence,How would you test your approach to Java records?|What trade-off would change your decision?,java developer|java developer|java records,Java Records Interview Questions and Answers | InterviewPrep,Practice Java records interview questions with practical answers and follow-up guidance for Java Developer candidates.,True
How would you approach null safety in a Kotlin Developer role?,how-would-you-approach-null-safety-in-a-kotlin-developer-role,Kotlin Developer,Kotlin Developer,FRESHER,EASY,TECHNICAL,Practical interview preparation for null safety.,"This question tests practical judgment around null safety. A strong answer should connect the concept to requirements, constraints, measurable outcomes, and appropriate trade-offs rather than giving only a definition.","I would first clarify the goal and constraints related to null safety, then choose an approach that is simple, testable, and appropriate for the situation. I would explain the main trade-offs, validate the result with relevant evidence, and document or communicate important decisions. If the situation changes, I would reassess rather than continuing with an approach that no longer fits.",Clarify requirements|Choose an appropriate approach|Explain trade-offs|Validate the result,Giving only a definition|Ignoring constraints|Overengineering|Making claims without evidence,How would you test your approach to null safety?|What trade-off would change your decision?,kotlin developer|kotlin developer|null safety,Null Safety Interview Questions and Answers | InterviewPrep,Practice null safety interview questions with practical answers and follow-up guidance for Kotlin Developer candidates.,True
What would you consider when working with data classes as a Kotlin Developer?,what-would-you-consider-when-working-with-data-classes-as-a-kotlin-developer,Kotlin Developer,Kotlin Developer,MID_LEVEL,MEDIUM,TECHNICAL,Practical interview preparation for data classes.,"This question tests practical judgment around data classes. A strong answer should connect the concept to requirements, constraints, measurable outcomes, and appropriate trade-offs rather than giving only a definition.","I would first clarify the goal and constraints related to data classes, then choose an approach that is simple, testable, and appropriate for the situation. I would explain the main trade-offs, validate the result with relevant evidence, and document or communicate important decisions. If the situation changes, I would reassess rather than continuing with an approach that no longer fits.",Clarify requirements|Choose an appropriate approach|Explain trade-offs|Validate the result,Giving only a definition|Ignoring constraints|Overengineering|Making claims without evidence,How would you test your approach to data classes?|What trade-off would change your decision?,kotlin developer|kotlin developer|data classes,Data Classes Interview Questions and Answers | InterviewPrep,Practice data classes interview questions with practical answers and follow-up guidance for Kotlin Developer candidates.,True
How would you explain sealed classes to an interviewer?,how-would-you-explain-sealed-classes-to-an-interviewer,Kotlin Developer,Kotlin Developer,EXPERIENCED,MEDIUM,CASE_STUDY,Practical interview preparation for sealed classes.,"This question tests practical judgment around sealed classes. A strong answer should connect the concept to requirements, constraints, measurable outcomes, and appropriate trade-offs rather than giving only a definition.","I would first clarify the goal and constraints related to sealed classes, then choose an approach that is simple, testable, and appropriate for the situation. I would explain the main trade-offs, validate the result with relevant evidence, and document or communicate important decisions. If the situation changes, I would reassess rather than continuing with an approach that no longer fits.",Clarify requirements|Choose an appropriate approach|Explain trade-offs|Validate the result,Giving only a definition|Ignoring constraints|Overengineering|Making claims without evidence,How would you test your approach to sealed classes?|What trade-off would change your decision?,kotlin developer|kotlin developer|sealed classes,Sealed Classes Interview Questions and Answers | InterviewPrep,Practice sealed classes interview questions with practical answers and follow-up guidance for Kotlin Developer candidates.,True
What are the main trade-offs involved in object declarations?,what-are-the-main-trade-offs-involved-in-object-declarations,Kotlin Developer,Kotlin Developer,FRESHER,HARD,TECHNICAL,Practical interview preparation for object declarations.,"This question tests practical judgment around object declarations. A strong answer should connect the concept to requirements, constraints, measurable outcomes, and appropriate trade-offs rather than giving only a definition.","I would first clarify the goal and constraints related to object declarations, then choose an approach that is simple, testable, and appropriate for the situation. I would explain the main trade-offs, validate the result with relevant evidence, and document or communicate important decisions. If the situation changes, I would reassess rather than continuing with an approach that no longer fits.",Clarify requirements|Choose an appropriate approach|Explain trade-offs|Validate the result,Giving only a definition|Ignoring constraints|Overengineering|Making claims without evidence,How would you test your approach to object declarations?|What trade-off would change your decision?,kotlin developer|kotlin developer|object declarations,Object Declarations Interview Questions and Answers | InterviewPrep,Practice object declarations interview questions with practical answers and follow-up guidance for Kotlin Developer candidates.,True
How would you troubleshoot a problem involving extension functions?,how-would-you-troubleshoot-a-problem-involving-extension-functions,Kotlin Developer,Kotlin Developer,MID_LEVEL,MEDIUM,TECHNICAL,Practical interview preparation for extension functions.,"This question tests practical judgment around extension functions. A strong answer should connect the concept to requirements, constraints, measurable outcomes, and appropriate trade-offs rather than giving only a definition.","I would first clarify the goal and constraints related to extension functions, then choose an approach that is simple, testable, and appropriate for the situation. I would explain the main trade-offs, validate the result with relevant evidence, and document or communicate important decisions. If the situation changes, I would reassess rather than continuing with an approach that no longer fits.",Clarify requirements|Choose an appropriate approach|Explain trade-offs|Validate the result,Giving only a definition|Ignoring constraints|Overengineering|Making claims without evidence,How would you test your approach to extension functions?|What trade-off would change your decision?,kotlin developer|kotlin developer|extension functions,Extension Functions Interview Questions and Answers | InterviewPrep,Practice extension functions interview questions with practical answers and follow-up guidance for Kotlin Developer candidates.,True
How would you approach scope functions in a Kotlin Developer role?,how-would-you-approach-scope-functions-in-a-kotlin-developer-role,Kotlin Developer,Kotlin Developer,FRESHER,EASY,TECHNICAL,Practical interview preparation for scope functions.,"This question tests practical judgment around scope functions. A strong answer should connect the concept to requirements, constraints, measurable outcomes, and appropriate trade-offs rather than giving only a definition.","I would first clarify the goal and constraints related to scope functions, then choose an approach that is simple, testable, and appropriate for the situation. I would explain the main trade-offs, validate the result with relevant evidence, and document or communicate important decisions. If the situation changes, I would reassess rather than continuing with an approach that no longer fits.",Clarify requirements|Choose an appropriate approach|Explain trade-offs|Validate the result,Giving only a definition|Ignoring constraints|Overengineering|Making claims without evidence,How would you test your approach to scope functions?|What trade-off would change your decision?,kotlin developer|kotlin developer|scope functions,Scope Functions Interview Questions and Answers | InterviewPrep,Practice scope functions interview questions with practical answers and follow-up guidance for Kotlin Developer candidates.,True
What would you consider when working with higher-order functions as a Kotlin Developer?,what-would-you-consider-when-working-with-higher-order-functions-as-a-kotlin-developer,Kotlin Developer,Kotlin Developer,MID_LEVEL,MEDIUM,TECHNICAL,Practical interview preparation for higher-order functions.,"This question tests practical judgment around higher-order functions. A strong answer should connect the concept to requirements, constraints, measurable outcomes, and appropriate trade-offs rather than giving only a definition.","I would first clarify the goal and constraints related to higher-order functions, then choose an approach that is simple, testable, and appropriate for the situation. I would explain the main trade-offs, validate the result with relevant evidence, and document or communicate important decisions. If the situation changes, I would reassess rather than continuing with an approach that no longer fits.",Clarify requirements|Choose an appropriate approach|Explain trade-offs|Validate the result,Giving only a definition|Ignoring constraints|Overengineering|Making claims without evidence,How would you test your approach to higher-order functions?|What trade-off would change your decision?,kotlin developer|kotlin developer|higher-order functions,Higher-Order Functions Interview Questions and Answers | InterviewPrep,Practice higher-order functions interview questions with practical answers and follow-up guidance for Kotlin Developer candidates.,True
How would you explain coroutines to an interviewer?,how-would-you-explain-coroutines-to-an-interviewer,Kotlin Developer,Kotlin Developer,EXPERIENCED,MEDIUM,CASE_STUDY,Practical interview preparation for coroutines.,"This question tests practical judgment around coroutines. A strong answer should connect the concept to requirements, constraints, measurable outcomes, and appropriate trade-offs rather than giving only a definition.","I would first clarify the goal and constraints related to coroutines, then choose an approach that is simple, testable, and appropriate for the situation. I would explain the main trade-offs, validate the result with relevant evidence, and document or communicate important decisions. If the situation changes, I would reassess rather than continuing with an approach that no longer fits.",Clarify requirements|Choose an appropriate approach|Explain trade-offs|Validate the result,Giving only a definition|Ignoring constraints|Overengineering|Making claims without evidence,How would you test your approach to coroutines?|What trade-off would change your decision?,kotlin developer|kotlin developer|coroutines,Coroutines Interview Questions and Answers | InterviewPrep,Practice coroutines interview questions with practical answers and follow-up guidance for Kotlin Developer candidates.,True
What are the main trade-offs involved in structured concurrency?,what-are-the-main-trade-offs-involved-in-structured-concurrency,Kotlin Developer,Kotlin Developer,FRESHER,HARD,TECHNICAL,Practical interview preparation for structured concurrency.,"This question tests practical judgment around structured concurrency. A strong answer should connect the concept to requirements, constraints, measurable outcomes, and appropriate trade-offs rather than giving only a definition.","I would first clarify the goal and constraints related to structured concurrency, then choose an approach that is simple, testable, and appropriate for the situation. I would explain the main trade-offs, validate the result with relevant evidence, and document or communicate important decisions. If the situation changes, I would reassess rather than continuing with an approach that no longer fits.",Clarify requirements|Choose an appropriate approach|Explain trade-offs|Validate the result,Giving only a definition|Ignoring constraints|Overengineering|Making claims without evidence,How would you test your approach to structured concurrency?|What trade-off would change your decision?,kotlin developer|kotlin developer|structured concurrency,Structured Concurrency Interview Questions and Answers | InterviewPrep,Practice structured concurrency interview questions with practical answers and follow-up guidance for Kotlin Developer candidates.,True
How would you troubleshoot a problem involving CoroutineExceptionHandler?,how-would-you-troubleshoot-a-problem-involving-coroutineexceptionhandler,Kotlin Developer,Kotlin Developer,MID_LEVEL,MEDIUM,TECHNICAL,Practical interview preparation for CoroutineExceptionHandler.,"This question tests practical judgment around CoroutineExceptionHandler. A strong answer should connect the concept to requirements, constraints, measurable outcomes, and appropriate trade-offs rather than giving only a definition.","I would first clarify the goal and constraints related to CoroutineExceptionHandler, then choose an approach that is simple, testable, and appropriate for the situation. I would explain the main trade-offs, validate the result with relevant evidence, and document or communicate important decisions. If the situation changes, I would reassess rather than continuing with an approach that no longer fits.",Clarify requirements|Choose an appropriate approach|Explain trade-offs|Validate the result,Giving only a definition|Ignoring constraints|Overengineering|Making claims without evidence,How would you test your approach to CoroutineExceptionHandler?|What trade-off would change your decision?,kotlin developer|kotlin developer|coroutineexceptionhandler,Coroutineexceptionhandler Interview Questions and Answers | InterviewPrep,Practice CoroutineExceptionHandler interview questions with practical answers and follow-up guidance for Kotlin Developer candidates.,True
How would you approach Flow in a Kotlin Developer role?,how-would-you-approach-flow-in-a-kotlin-developer-role,Kotlin Developer,Kotlin Developer,FRESHER,EASY,TECHNICAL,Practical interview preparation for Flow.,"This question tests practical judgment around Flow. A strong answer should connect the concept to requirements, constraints, measurable outcomes, and appropriate trade-offs rather than giving only a definition.","I would first clarify the goal and constraints related to Flow, then choose an approach that is simple, testable, and appropriate for the situation. I would explain the main trade-offs, validate the result with relevant evidence, and document or communicate important decisions. If the situation changes, I would reassess rather than continuing with an approach that no longer fits.",Clarify requirements|Choose an appropriate approach|Explain trade-offs|Validate the result,Giving only a definition|Ignoring constraints|Overengineering|Making claims without evidence,How would you test your approach to Flow?|What trade-off would change your decision?,kotlin developer|kotlin developer|flow,Flow Interview Questions and Answers | InterviewPrep,Practice Flow interview questions with practical answers and follow-up guidance for Kotlin Developer candidates.,True
What would you consider when working with StateFlow as a Kotlin Developer?,what-would-you-consider-when-working-with-stateflow-as-a-kotlin-developer,Kotlin Developer,Kotlin Developer,MID_LEVEL,MEDIUM,TECHNICAL,Practical interview preparation for StateFlow.,"This question tests practical judgment around StateFlow. A strong answer should connect the concept to requirements, constraints, measurable outcomes, and appropriate trade-offs rather than giving only a definition.","I would first clarify the goal and constraints related to StateFlow, then choose an approach that is simple, testable, and appropriate for the situation. I would explain the main trade-offs, validate the result with relevant evidence, and document or communicate important decisions. If the situation changes, I would reassess rather than continuing with an approach that no longer fits.",Clarify requirements|Choose an appropriate approach|Explain trade-offs|Validate the result,Giving only a definition|Ignoring constraints|Overengineering|Making claims without evidence,How would you test your approach to StateFlow?|What trade-off would change your decision?,kotlin developer|kotlin developer|stateflow,Stateflow Interview Questions and Answers | InterviewPrep,Practice StateFlow interview questions with practical answers and follow-up guidance for Kotlin Developer candidates.,True
How would you explain SharedFlow to an interviewer?,how-would-you-explain-sharedflow-to-an-interviewer,Kotlin Developer,Kotlin Developer,EXPERIENCED,MEDIUM,CASE_STUDY,Practical interview preparation for SharedFlow.,"This question tests practical judgment around SharedFlow. A strong answer should connect the concept to requirements, constraints, measurable outcomes, and appropriate trade-offs rather than giving only a definition.","I would first clarify the goal and constraints related to SharedFlow, then choose an approach that is simple, testable, and appropriate for the situation. I would explain the main trade-offs, validate the result with relevant evidence, and document or communicate important decisions. If the situation changes, I would reassess rather than continuing with an approach that no longer fits.",Clarify requirements|Choose an appropriate approach|Explain trade-offs|Validate the result,Giving only a definition|Ignoring constraints|Overengineering|Making claims without evidence,How would you test your approach to SharedFlow?|What trade-off would change your decision?,kotlin developer|kotlin developer|sharedflow,Sharedflow Interview Questions and Answers | InterviewPrep,Practice SharedFlow interview questions with practical answers and follow-up guidance for Kotlin Developer candidates.,True
What are the main trade-offs involved in delegated properties?,what-are-the-main-trade-offs-involved-in-delegated-properties,Kotlin Developer,Kotlin Developer,FRESHER,HARD,TECHNICAL,Practical interview preparation for delegated properties.,"This question tests practical judgment around delegated properties. A strong answer should connect the concept to requirements, constraints, measurable outcomes, and appropriate trade-offs rather than giving only a definition.","I would first clarify the goal and constraints related to delegated properties, then choose an approach that is simple, testable, and appropriate for the situation. I would explain the main trade-offs, validate the result with relevant evidence, and document or communicate important decisions. If the situation changes, I would reassess rather than continuing with an approach that no longer fits.",Clarify requirements|Choose an appropriate approach|Explain trade-offs|Validate the result,Giving only a definition|Ignoring constraints|Overengineering|Making claims without evidence,How would you test your approach to delegated properties?|What trade-off would change your decision?,kotlin developer|kotlin developer|delegated properties,Delegated Properties Interview Questions and Answers | InterviewPrep,Practice delegated properties interview questions with practical answers and follow-up guidance for Kotlin Developer candidates.,True
How would you troubleshoot a problem involving inline functions?,how-would-you-troubleshoot-a-problem-involving-inline-functions,Kotlin Developer,Kotlin Developer,MID_LEVEL,MEDIUM,TECHNICAL,Practical interview preparation for inline functions.,"This question tests practical judgment around inline functions. A strong answer should connect the concept to requirements, constraints, measurable outcomes, and appropriate trade-offs rather than giving only a definition.","I would first clarify the goal and constraints related to inline functions, then choose an approach that is simple, testable, and appropriate for the situation. I would explain the main trade-offs, validate the result with relevant evidence, and document or communicate important decisions. If the situation changes, I would reassess rather than continuing with an approach that no longer fits.",Clarify requirements|Choose an appropriate approach|Explain trade-offs|Validate the result,Giving only a definition|Ignoring constraints|Overengineering|Making claims without evidence,How would you test your approach to inline functions?|What trade-off would change your decision?,kotlin developer|kotlin developer|inline functions,Inline Functions Interview Questions and Answers | InterviewPrep,Practice inline functions interview questions with practical answers and follow-up guidance for Kotlin Developer candidates.,True
How would you approach reified type parameters in a Kotlin Developer role?,how-would-you-approach-reified-type-parameters-in-a-kotlin-developer-role,Kotlin Developer,Kotlin Developer,FRESHER,EASY,TECHNICAL,Practical interview preparation for reified type parameters.,"This question tests practical judgment around reified type parameters. A strong answer should connect the concept to requirements, constraints, measurable outcomes, and appropriate trade-offs rather than giving only a definition.","I would first clarify the goal and constraints related to reified type parameters, then choose an approach that is simple, testable, and appropriate for the situation. I would explain the main trade-offs, validate the result with relevant evidence, and document or communicate important decisions. If the situation changes, I would reassess rather than continuing with an approach that no longer fits.",Clarify requirements|Choose an appropriate approach|Explain trade-offs|Validate the result,Giving only a definition|Ignoring constraints|Overengineering|Making claims without evidence,How would you test your approach to reified type parameters?|What trade-off would change your decision?,kotlin developer|kotlin developer|reified type parameters,Reified Type Parameters Interview Questions and Answers | InterviewPrep,Practice reified type parameters interview questions with practical answers and follow-up guidance for Kotlin Developer candidates.,True
What would you consider when working with smart casts as a Kotlin Developer?,what-would-you-consider-when-working-with-smart-casts-as-a-kotlin-developer,Kotlin Developer,Kotlin Developer,MID_LEVEL,MEDIUM,TECHNICAL,Practical interview preparation for smart casts.,"This question tests practical judgment around smart casts. A strong answer should connect the concept to requirements, constraints, measurable outcomes, and appropriate trade-offs rather than giving only a definition.","I would first clarify the goal and constraints related to smart casts, then choose an approach that is simple, testable, and appropriate for the situation. I would explain the main trade-offs, validate the result with relevant evidence, and document or communicate important decisions. If the situation changes, I would reassess rather than continuing with an approach that no longer fits.",Clarify requirements|Choose an appropriate approach|Explain trade-offs|Validate the result,Giving only a definition|Ignoring constraints|Overengineering|Making claims without evidence,How would you test your approach to smart casts?|What trade-off would change your decision?,kotlin developer|kotlin developer|smart casts,Smart Casts Interview Questions and Answers | InterviewPrep,Practice smart casts interview questions with practical answers and follow-up guidance for Kotlin Developer candidates.,True
How would you explain variance to an interviewer?,how-would-you-explain-variance-to-an-interviewer,Kotlin Developer,Kotlin Developer,EXPERIENCED,MEDIUM,CASE_STUDY,Practical interview preparation for variance.,"This question tests practical judgment around variance. A strong answer should connect the concept to requirements, constraints, measurable outcomes, and appropriate trade-offs rather than giving only a definition.","I would first clarify the goal and constraints related to variance, then choose an approach that is simple, testable, and appropriate for the situation. I would explain the main trade-offs, validate the result with relevant evidence, and document or communicate important decisions. If the situation changes, I would reassess rather than continuing with an approach that no longer fits.",Clarify requirements|Choose an appropriate approach|Explain trade-offs|Validate the result,Giving only a definition|Ignoring constraints|Overengineering|Making claims without evidence,How would you test your approach to variance?|What trade-off would change your decision?,kotlin developer|kotlin developer|variance,Variance Interview Questions and Answers | InterviewPrep,Practice variance interview questions with practical answers and follow-up guidance for Kotlin Developer candidates.,True
What are the main trade-offs involved in Java interoperability?,what-are-the-main-trade-offs-involved-in-java-interoperability,Kotlin Developer,Kotlin Developer,FRESHER,HARD,TECHNICAL,Practical interview preparation for Java interoperability.,"This question tests practical judgment around Java interoperability. A strong answer should connect the concept to requirements, constraints, measurable outcomes, and appropriate trade-offs rather than giving only a definition.","I would first clarify the goal and constraints related to Java interoperability, then choose an approach that is simple, testable, and appropriate for the situation. I would explain the main trade-offs, validate the result with relevant evidence, and document or communicate important decisions. If the situation changes, I would reassess rather than continuing with an approach that no longer fits.",Clarify requirements|Choose an appropriate approach|Explain trade-offs|Validate the result,Giving only a definition|Ignoring constraints|Overengineering|Making claims without evidence,How would you test your approach to Java interoperability?|What trade-off would change your decision?,kotlin developer|kotlin developer|java interoperability,Java Interoperability Interview Questions and Answers | InterviewPrep,Practice Java interoperability interview questions with practical answers and follow-up guidance for Kotlin Developer candidates.,True
How would you troubleshoot a problem involving Compose state?,how-would-you-troubleshoot-a-problem-involving-compose-state,Kotlin Developer,Kotlin Developer,MID_LEVEL,MEDIUM,TECHNICAL,Practical interview preparation for Compose state.,"This question tests practical judgment around Compose state. A strong answer should connect the concept to requirements, constraints, measurable outcomes, and appropriate trade-offs rather than giving only a definition.","I would first clarify the goal and constraints related to Compose state, then choose an approach that is simple, testable, and appropriate for the situation. I would explain the main trade-offs, validate the result with relevant evidence, and document or communicate important decisions. If the situation changes, I would reassess rather than continuing with an approach that no longer fits.",Clarify requirements|Choose an appropriate approach|Explain trade-offs|Validate the result,Giving only a definition|Ignoring constraints|Overengineering|Making claims without evidence,How would you test your approach to Compose state?|What trade-off would change your decision?,kotlin developer|kotlin developer|compose state,Compose State Interview Questions and Answers | InterviewPrep,Practice Compose state interview questions with practical answers and follow-up guidance for Kotlin Developer candidates.,True
How would you approach list versus tuple in a Python Developer role?,how-would-you-approach-list-versus-tuple-in-a-python-developer-role,Python Developer,Python Developer,FRESHER,EASY,TECHNICAL,Practical interview preparation for list versus tuple.,"This question tests practical judgment around list versus tuple. A strong answer should connect the concept to requirements, constraints, measurable outcomes, and appropriate trade-offs rather than giving only a definition.","I would first clarify the goal and constraints related to list versus tuple, then choose an approach that is simple, testable, and appropriate for the situation. I would explain the main trade-offs, validate the result with relevant evidence, and document or communicate important decisions. If the situation changes, I would reassess rather than continuing with an approach that no longer fits.",Clarify requirements|Choose an appropriate approach|Explain trade-offs|Validate the result,Giving only a definition|Ignoring constraints|Overengineering|Making claims without evidence,How would you test your approach to list versus tuple?|What trade-off would change your decision?,python developer|python developer|list versus tuple,List Versus Tuple Interview Questions and Answers | InterviewPrep,Practice list versus tuple interview questions with practical answers and follow-up guidance for Python Developer candidates.,True
What would you consider when working with dictionary hashing as a Python Developer?,what-would-you-consider-when-working-with-dictionary-hashing-as-a-python-developer,Python Developer,Python Developer,MID_LEVEL,MEDIUM,TECHNICAL,Practical interview preparation for dictionary hashing.,"This question tests practical judgment around dictionary hashing. A strong answer should connect the concept to requirements, constraints, measurable outcomes, and appropriate trade-offs rather than giving only a definition.","I would first clarify the goal and constraints related to dictionary hashing, then choose an approach that is simple, testable, and appropriate for the situation. I would explain the main trade-offs, validate the result with relevant evidence, and document or communicate important decisions. If the situation changes, I would reassess rather than continuing with an approach that no longer fits.",Clarify requirements|Choose an appropriate approach|Explain trade-offs|Validate the result,Giving only a definition|Ignoring constraints|Overengineering|Making claims without evidence,How would you test your approach to dictionary hashing?|What trade-off would change your decision?,python developer|python developer|dictionary hashing,Dictionary Hashing Interview Questions and Answers | InterviewPrep,Practice dictionary hashing interview questions with practical answers and follow-up guidance for Python Developer candidates.,True
How would you explain mutable default arguments to an interviewer?,how-would-you-explain-mutable-default-arguments-to-an-interviewer,Python Developer,Python Developer,EXPERIENCED,MEDIUM,CASE_STUDY,Practical interview preparation for mutable default arguments.,"This question tests practical judgment around mutable default arguments. A strong answer should connect the concept to requirements, constraints, measurable outcomes, and appropriate trade-offs rather than giving only a definition.","I would first clarify the goal and constraints related to mutable default arguments, then choose an approach that is simple, testable, and appropriate for the situation. I would explain the main trade-offs, validate the result with relevant evidence, and document or communicate important decisions. If the situation changes, I would reassess rather than continuing with an approach that no longer fits.",Clarify requirements|Choose an appropriate approach|Explain trade-offs|Validate the result,Giving only a definition|Ignoring constraints|Overengineering|Making claims without evidence,How would you test your approach to mutable default arguments?|What trade-off would change your decision?,python developer|python developer|mutable default arguments,Mutable Default Arguments Interview Questions and Answers | InterviewPrep,Practice mutable default arguments interview questions with practical answers and follow-up guidance for Python Developer candidates.,True
What are the main trade-offs involved in generators?,what-are-the-main-trade-offs-involved-in-generators,Python Developer,Python Developer,FRESHER,HARD,TECHNICAL,Practical interview preparation for generators.,"This question tests practical judgment around generators. A strong answer should connect the concept to requirements, constraints, measurable outcomes, and appropriate trade-offs rather than giving only a definition.","I would first clarify the goal and constraints related to generators, then choose an approach that is simple, testable, and appropriate for the situation. I would explain the main trade-offs, validate the result with relevant evidence, and document or communicate important decisions. If the situation changes, I would reassess rather than continuing with an approach that no longer fits.",Clarify requirements|Choose an appropriate approach|Explain trade-offs|Validate the result,Giving only a definition|Ignoring constraints|Overengineering|Making claims without evidence,How would you test your approach to generators?|What trade-off would change your decision?,python developer|python developer|generators,Generators Interview Questions and Answers | InterviewPrep,Practice generators interview questions with practical answers and follow-up guidance for Python Developer candidates.,True
How would you troubleshoot a problem involving iterators?,how-would-you-troubleshoot-a-problem-involving-iterators,Python Developer,Python Developer,MID_LEVEL,MEDIUM,TECHNICAL,Practical interview preparation for iterators.,"This question tests practical judgment around iterators. A strong answer should connect the concept to requirements, constraints, measurable outcomes, and appropriate trade-offs rather than giving only a definition.","I would first clarify the goal and constraints related to iterators, then choose an approach that is simple, testable, and appropriate for the situation. I would explain the main trade-offs, validate the result with relevant evidence, and document or communicate important decisions. If the situation changes, I would reassess rather than continuing with an approach that no longer fits.",Clarify requirements|Choose an appropriate approach|Explain trade-offs|Validate the result,Giving only a definition|Ignoring constraints|Overengineering|Making claims without evidence,How would you test your approach to iterators?|What trade-off would change your decision?,python developer|python developer|iterators,Iterators Interview Questions and Answers | InterviewPrep,Practice iterators interview questions with practical answers and follow-up guidance for Python Developer candidates.,True
How would you approach decorators in a Python Developer role?,how-would-you-approach-decorators-in-a-python-developer-role,Python Developer,Python Developer,FRESHER,EASY,TECHNICAL,Practical interview preparation for decorators.,"This question tests practical judgment around decorators. A strong answer should connect the concept to requirements, constraints, measurable outcomes, and appropriate trade-offs rather than giving only a definition.","I would first clarify the goal and constraints related to decorators, then choose an approach that is simple, testable, and appropriate for the situation. I would explain the main trade-offs, validate the result with relevant evidence, and document or communicate important decisions. If the situation changes, I would reassess rather than continuing with an approach that no longer fits.",Clarify requirements|Choose an appropriate approach|Explain trade-offs|Validate the result,Giving only a definition|Ignoring constraints|Overengineering|Making claims without evidence,How would you test your approach to decorators?|What trade-off would change your decision?,python developer|python developer|decorators,Decorators Interview Questions and Answers | InterviewPrep,Practice decorators interview questions with practical answers and follow-up guidance for Python Developer candidates.,True
What would you consider when working with context managers as a Python Developer?,what-would-you-consider-when-working-with-context-managers-as-a-python-developer,Python Developer,Python Developer,MID_LEVEL,MEDIUM,TECHNICAL,Practical interview preparation for context managers.,"This question tests practical judgment around context managers. A strong answer should connect the concept to requirements, constraints, measurable outcomes, and appropriate trade-offs rather than giving only a definition.","I would first clarify the goal and constraints related to context managers, then choose an approach that is simple, testable, and appropriate for the situation. I would explain the main trade-offs, validate the result with relevant evidence, and document or communicate important decisions. If the situation changes, I would reassess rather than continuing with an approach that no longer fits.",Clarify requirements|Choose an appropriate approach|Explain trade-offs|Validate the result,Giving only a definition|Ignoring constraints|Overengineering|Making claims without evidence,How would you test your approach to context managers?|What trade-off would change your decision?,python developer|python developer|context managers,Context Managers Interview Questions and Answers | InterviewPrep,Practice context managers interview questions with practical answers and follow-up guidance for Python Developer candidates.,True
How would you explain dataclasses to an interviewer?,how-would-you-explain-dataclasses-to-an-interviewer,Python Developer,Python Developer,EXPERIENCED,MEDIUM,CASE_STUDY,Practical interview preparation for dataclasses.,"This question tests practical judgment around dataclasses. A strong answer should connect the concept to requirements, constraints, measurable outcomes, and appropriate trade-offs rather than giving only a definition.","I would first clarify the goal and constraints related to dataclasses, then choose an approach that is simple, testable, and appropriate for the situation. I would explain the main trade-offs, validate the result with relevant evidence, and document or communicate important decisions. If the situation changes, I would reassess rather than continuing with an approach that no longer fits.",Clarify requirements|Choose an appropriate approach|Explain trade-offs|Validate the result,Giving only a definition|Ignoring constraints|Overengineering|Making claims without evidence,How would you test your approach to dataclasses?|What trade-off would change your decision?,python developer|python developer|dataclasses,Dataclasses Interview Questions and Answers | InterviewPrep,Practice dataclasses interview questions with practical answers and follow-up guidance for Python Developer candidates.,True
What are the main trade-offs involved in type hints?,what-are-the-main-trade-offs-involved-in-type-hints,Python Developer,Python Developer,FRESHER,HARD,TECHNICAL,Practical interview preparation for type hints.,"This question tests practical judgment around type hints. A strong answer should connect the concept to requirements, constraints, measurable outcomes, and appropriate trade-offs rather than giving only a definition.","I would first clarify the goal and constraints related to type hints, then choose an approach that is simple, testable, and appropriate for the situation. I would explain the main trade-offs, validate the result with relevant evidence, and document or communicate important decisions. If the situation changes, I would reassess rather than continuing with an approach that no longer fits.",Clarify requirements|Choose an appropriate approach|Explain trade-offs|Validate the result,Giving only a definition|Ignoring constraints|Overengineering|Making claims without evidence,How would you test your approach to type hints?|What trade-off would change your decision?,python developer|python developer|type hints,Type Hints Interview Questions and Answers | InterviewPrep,Practice type hints interview questions with practical answers and follow-up guidance for Python Developer candidates.,True
How would you troubleshoot a problem involving shallow versus deep copy?,how-would-you-troubleshoot-a-problem-involving-shallow-versus-deep-copy,Python Developer,Python Developer,MID_LEVEL,MEDIUM,TECHNICAL,Practical interview preparation for shallow versus deep copy.,"This question tests practical judgment around shallow versus deep copy. A strong answer should connect the concept to requirements, constraints, measurable outcomes, and appropriate trade-offs rather than giving only a definition.","I would first clarify the goal and constraints related to shallow versus deep copy, then choose an approach that is simple, testable, and appropriate for the situation. I would explain the main trade-offs, validate the result with relevant evidence, and document or communicate important decisions. If the situation changes, I would reassess rather than continuing with an approach that no longer fits.",Clarify requirements|Choose an appropriate approach|Explain trade-offs|Validate the result,Giving only a definition|Ignoring constraints|Overengineering|Making claims without evidence,How would you test your approach to shallow versus deep copy?|What trade-off would change your decision?,python developer|python developer|shallow versus deep copy,Shallow Versus Deep Copy Interview Questions and Answers | InterviewPrep,Practice shallow versus deep copy interview questions with practical answers and follow-up guidance for Python Developer candidates.,True
How would you approach exception chaining in a Python Developer role?,how-would-you-approach-exception-chaining-in-a-python-developer-role,Python Developer,Python Developer,FRESHER,EASY,TECHNICAL,Practical interview preparation for exception chaining.,"This question tests practical judgment around exception chaining. A strong answer should connect the concept to requirements, constraints, measurable outcomes, and appropriate trade-offs rather than giving only a definition.","I would first clarify the goal and constraints related to exception chaining, then choose an approach that is simple, testable, and appropriate for the situation. I would explain the main trade-offs, validate the result with relevant evidence, and document or communicate important decisions. If the situation changes, I would reassess rather than continuing with an approach that no longer fits.",Clarify requirements|Choose an appropriate approach|Explain trade-offs|Validate the result,Giving only a definition|Ignoring constraints|Overengineering|Making claims without evidence,How would you test your approach to exception chaining?|What trade-off would change your decision?,python developer|python developer|exception chaining,Exception Chaining Interview Questions and Answers | InterviewPrep,Practice exception chaining interview questions with practical answers and follow-up guidance for Python Developer candidates.,True
What would you consider when working with virtual environments as a Python Developer?,what-would-you-consider-when-working-with-virtual-environments-as-a-python-developer,Python Developer,Python Developer,MID_LEVEL,MEDIUM,TECHNICAL,Practical interview preparation for virtual environments.,"This question tests practical judgment around virtual environments. A strong answer should connect the concept to requirements, constraints, measurable outcomes, and appropriate trade-offs rather than giving only a definition.","I would first clarify the goal and constraints related to virtual environments, then choose an approach that is simple, testable, and appropriate for the situation. I would explain the main trade-offs, validate the result with relevant evidence, and document or communicate important decisions. If the situation changes, I would reassess rather than continuing with an approach that no longer fits.",Clarify requirements|Choose an appropriate approach|Explain trade-offs|Validate the result,Giving only a definition|Ignoring constraints|Overengineering|Making claims without evidence,How would you test your approach to virtual environments?|What trade-off would change your decision?,python developer|python developer|virtual environments,Virtual Environments Interview Questions and Answers | InterviewPrep,Practice virtual environments interview questions with practical answers and follow-up guidance for Python Developer candidates.,True
How would you explain GIL to an interviewer?,how-would-you-explain-gil-to-an-interviewer,Python Developer,Python Developer,EXPERIENCED,MEDIUM,CASE_STUDY,Practical interview preparation for GIL.,"This question tests practical judgment around GIL. A strong answer should connect the concept to requirements, constraints, measurable outcomes, and appropriate trade-offs rather than giving only a definition.","I would first clarify the goal and constraints related to GIL, then choose an approach that is simple, testable, and appropriate for the situation. I would explain the main trade-offs, validate the result with relevant evidence, and document or communicate important decisions. If the situation changes, I would reassess rather than continuing with an approach that no longer fits.",Clarify requirements|Choose an appropriate approach|Explain trade-offs|Validate the result,Giving only a definition|Ignoring constraints|Overengineering|Making claims without evidence,How would you test your approach to GIL?|What trade-off would change your decision?,python developer|python developer|gil,Gil Interview Questions and Answers | InterviewPrep,Practice GIL interview questions with practical answers and follow-up guidance for Python Developer candidates.,True
What are the main trade-offs involved in threading versus multiprocessing?,what-are-the-main-trade-offs-involved-in-threading-versus-multiprocessing,Python Developer,Python Developer,FRESHER,HARD,TECHNICAL,Practical interview preparation for threading versus multiprocessing.,"This question tests practical judgment around threading versus multiprocessing. A strong answer should connect the concept to requirements, constraints, measurable outcomes, and appropriate trade-offs rather than giving only a definition.","I would first clarify the goal and constraints related to threading versus multiprocessing, then choose an approach that is simple, testable, and appropriate for the situation. I would explain the main trade-offs, validate the result with relevant evidence, and document or communicate important decisions. If the situation changes, I would reassess rather than continuing with an approach that no longer fits.",Clarify requirements|Choose an appropriate approach|Explain trade-offs|Validate the result,Giving only a definition|Ignoring constraints|Overengineering|Making claims without evidence,How would you test your approach to threading versus multiprocessing?|What trade-off would change your decision?,python developer|python developer|threading versus multiprocessing,Threading Versus Multiprocessing Interview Questions and Answers | InterviewPrep,Practice threading versus multiprocessing interview questions with practical answers and follow-up guidance for Python Developer candidates.,True
How would you troubleshoot a problem involving asyncio?,how-would-you-troubleshoot-a-problem-involving-asyncio,Python Developer,Python Developer,MID_LEVEL,MEDIUM,TECHNICAL,Practical interview preparation for asyncio.,"This question tests practical judgment around asyncio. A strong answer should connect the concept to requirements, constraints, measurable outcomes, and appropriate trade-offs rather than giving only a definition.","I would first clarify the goal and constraints related to asyncio, then choose an approach that is simple, testable, and appropriate for the situation. I would explain the main trade-offs, validate the result with relevant evidence, and document or communicate important decisions. If the situation changes, I would reassess rather than continuing with an approach that no longer fits.",Clarify requirements|Choose an appropriate approach|Explain trade-offs|Validate the result,Giving only a definition|Ignoring constraints|Overengineering|Making claims without evidence,How would you test your approach to asyncio?|What trade-off would change your decision?,python developer|python developer|asyncio,Asyncio Interview Questions and Answers | InterviewPrep,Practice asyncio interview questions with practical answers and follow-up guidance for Python Developer candidates.,True
How would you approach async generators in a Python Developer role?,how-would-you-approach-async-generators-in-a-python-developer-role,Python Developer,Python Developer,FRESHER,EASY,TECHNICAL,Practical interview preparation for async generators.,"This question tests practical judgment around async generators. A strong answer should connect the concept to requirements, constraints, measurable outcomes, and appropriate trade-offs rather than giving only a definition.","I would first clarify the goal and constraints related to async generators, then choose an approach that is simple, testable, and appropriate for the situation. I would explain the main trade-offs, validate the result with relevant evidence, and document or communicate important decisions. If the situation changes, I would reassess rather than continuing with an approach that no longer fits.",Clarify requirements|Choose an appropriate approach|Explain trade-offs|Validate the result,Giving only a definition|Ignoring constraints|Overengineering|Making claims without evidence,How would you test your approach to async generators?|What trade-off would change your decision?,python developer|python developer|async generators,Async Generators Interview Questions and Answers | InterviewPrep,Practice async generators interview questions with practical answers and follow-up guidance for Python Developer candidates.,True
What would you consider when working with pytest fixtures as a Python Developer?,what-would-you-consider-when-working-with-pytest-fixtures-as-a-python-developer,Python Developer,Python Developer,MID_LEVEL,MEDIUM,TECHNICAL,Practical interview preparation for pytest fixtures.,"This question tests practical judgment around pytest fixtures. A strong answer should connect the concept to requirements, constraints, measurable outcomes, and appropriate trade-offs rather than giving only a definition.","I would first clarify the goal and constraints related to pytest fixtures, then choose an approach that is simple, testable, and appropriate for the situation. I would explain the main trade-offs, validate the result with relevant evidence, and document or communicate important decisions. If the situation changes, I would reassess rather than continuing with an approach that no longer fits.",Clarify requirements|Choose an appropriate approach|Explain trade-offs|Validate the result,Giving only a definition|Ignoring constraints|Overengineering|Making claims without evidence,How would you test your approach to pytest fixtures?|What trade-off would change your decision?,python developer|python developer|pytest fixtures,Pytest Fixtures Interview Questions and Answers | InterviewPrep,Practice pytest fixtures interview questions with practical answers and follow-up guidance for Python Developer candidates.,True
How would you explain logging to an interviewer?,how-would-you-explain-logging-to-an-interviewer,Python Developer,Python Developer,EXPERIENCED,MEDIUM,CASE_STUDY,Practical interview preparation for logging.,"This question tests practical judgment around logging. A strong answer should connect the concept to requirements, constraints, measurable outcomes, and appropriate trade-offs rather than giving only a definition.","I would first clarify the goal and constraints related to logging, then choose an approach that is simple, testable, and appropriate for the situation. I would explain the main trade-offs, validate the result with relevant evidence, and document or communicate important decisions. If the situation changes, I would reassess rather than continuing with an approach that no longer fits.",Clarify requirements|Choose an appropriate approach|Explain trade-offs|Validate the result,Giving only a definition|Ignoring constraints|Overengineering|Making claims without evidence,How would you test your approach to logging?|What trade-off would change your decision?,python developer|python developer|logging,Logging Interview Questions and Answers | InterviewPrep,Practice logging interview questions with practical answers and follow-up guidance for Python Developer candidates.,True
What are the main trade-offs involved in memory profiling?,what-are-the-main-trade-offs-involved-in-memory-profiling,Python Developer,Python Developer,FRESHER,HARD,TECHNICAL,Practical interview preparation for memory profiling.,"This question tests practical judgment around memory profiling. A strong answer should connect the concept to requirements, constraints, measurable outcomes, and appropriate trade-offs rather than giving only a definition.","I would first clarify the goal and constraints related to memory profiling, then choose an approach that is simple, testable, and appropriate for the situation. I would explain the main trade-offs, validate the result with relevant evidence, and document or communicate important decisions. If the situation changes, I would reassess rather than continuing with an approach that no longer fits.",Clarify requirements|Choose an appropriate approach|Explain trade-offs|Validate the result,Giving only a definition|Ignoring constraints|Overengineering|Making claims without evidence,How would you test your approach to memory profiling?|What trade-off would change your decision?,python developer|python developer|memory profiling,Memory Profiling Interview Questions and Answers | InterviewPrep,Practice memory profiling interview questions with practical answers and follow-up guidance for Python Developer candidates.,True
How would you troubleshoot a problem involving Python package structure?,how-would-you-troubleshoot-a-problem-involving-python-package-structure,Python Developer,Python Developer,MID_LEVEL,MEDIUM,TECHNICAL,Practical interview preparation for Python package structure.,"This question tests practical judgment around Python package structure. A strong answer should connect the concept to requirements, constraints, measurable outcomes, and appropriate trade-offs rather than giving only a definition.","I would first clarify the goal and constraints related to Python package structure, then choose an approach that is simple, testable, and appropriate for the situation. I would explain the main trade-offs, validate the result with relevant evidence, and document or communicate important decisions. If the situation changes, I would reassess rather than continuing with an approach that no longer fits.",Clarify requirements|Choose an appropriate approach|Explain trade-offs|Validate the result,Giving only a definition|Ignoring constraints|Overengineering|Making claims without evidence,How would you test your approach to Python package structure?|What trade-off would change your decision?,python developer|python developer|python package structure,Python Package Structure Interview Questions and Answers | InterviewPrep,Practice Python package structure interview questions with practical answers and follow-up guidance for Python Developer candidates.,True
How would you approach lexical scope in a JavaScript Developer role?,how-would-you-approach-lexical-scope-in-a-javascript-developer-role,JavaScript Developer,JavaScript Developer,FRESHER,EASY,TECHNICAL,Practical interview preparation for lexical scope.,"This question tests practical judgment around lexical scope. A strong answer should connect the concept to requirements, constraints, measurable outcomes, and appropriate trade-offs rather than giving only a definition.","I would first clarify the goal and constraints related to lexical scope, then choose an approach that is simple, testable, and appropriate for the situation. I would explain the main trade-offs, validate the result with relevant evidence, and document or communicate important decisions. If the situation changes, I would reassess rather than continuing with an approach that no longer fits.",Clarify requirements|Choose an appropriate approach|Explain trade-offs|Validate the result,Giving only a definition|Ignoring constraints|Overengineering|Making claims without evidence,How would you test your approach to lexical scope?|What trade-off would change your decision?,javascript developer|javascript developer|lexical scope,Lexical Scope Interview Questions and Answers | InterviewPrep,Practice lexical scope interview questions with practical answers and follow-up guidance for JavaScript Developer candidates.,True
What would you consider when working with closures as a JavaScript Developer?,what-would-you-consider-when-working-with-closures-as-a-javascript-developer,JavaScript Developer,JavaScript Developer,MID_LEVEL,MEDIUM,TECHNICAL,Practical interview preparation for closures.,"This question tests practical judgment around closures. A strong answer should connect the concept to requirements, constraints, measurable outcomes, and appropriate trade-offs rather than giving only a definition.","I would first clarify the goal and constraints related to closures, then choose an approach that is simple, testable, and appropriate for the situation. I would explain the main trade-offs, validate the result with relevant evidence, and document or communicate important decisions. If the situation changes, I would reassess rather than continuing with an approach that no longer fits.",Clarify requirements|Choose an appropriate approach|Explain trade-offs|Validate the result,Giving only a definition|Ignoring constraints|Overengineering|Making claims without evidence,How would you test your approach to closures?|What trade-off would change your decision?,javascript developer|javascript developer|closures,Closures Interview Questions and Answers | InterviewPrep,Practice closures interview questions with practical answers and follow-up guidance for JavaScript Developer candidates.,True
How would you explain hoisting to an interviewer?,how-would-you-explain-hoisting-to-an-interviewer,JavaScript Developer,JavaScript Developer,EXPERIENCED,MEDIUM,CASE_STUDY,Practical interview preparation for hoisting.,"This question tests practical judgment around hoisting. A strong answer should connect the concept to requirements, constraints, measurable outcomes, and appropriate trade-offs rather than giving only a definition.","I would first clarify the goal and constraints related to hoisting, then choose an approach that is simple, testable, and appropriate for the situation. I would explain the main trade-offs, validate the result with relevant evidence, and document or communicate important decisions. If the situation changes, I would reassess rather than continuing with an approach that no longer fits.",Clarify requirements|Choose an appropriate approach|Explain trade-offs|Validate the result,Giving only a definition|Ignoring constraints|Overengineering|Making claims without evidence,How would you test your approach to hoisting?|What trade-off would change your decision?,javascript developer|javascript developer|hoisting,Hoisting Interview Questions and Answers | InterviewPrep,Practice hoisting interview questions with practical answers and follow-up guidance for JavaScript Developer candidates.,True
What are the main trade-offs involved in this binding?,what-are-the-main-trade-offs-involved-in-this-binding,JavaScript Developer,JavaScript Developer,FRESHER,HARD,TECHNICAL,Practical interview preparation for this binding.,"This question tests practical judgment around this binding. A strong answer should connect the concept to requirements, constraints, measurable outcomes, and appropriate trade-offs rather than giving only a definition.","I would first clarify the goal and constraints related to this binding, then choose an approach that is simple, testable, and appropriate for the situation. I would explain the main trade-offs, validate the result with relevant evidence, and document or communicate important decisions. If the situation changes, I would reassess rather than continuing with an approach that no longer fits.",Clarify requirements|Choose an appropriate approach|Explain trade-offs|Validate the result,Giving only a definition|Ignoring constraints|Overengineering|Making claims without evidence,How would you test your approach to this binding?|What trade-off would change your decision?,javascript developer|javascript developer|this binding,This Binding Interview Questions and Answers | InterviewPrep,Practice this binding interview questions with practical answers and follow-up guidance for JavaScript Developer candidates.,True
How would you troubleshoot a problem involving prototype chain?,how-would-you-troubleshoot-a-problem-involving-prototype-chain,JavaScript Developer,JavaScript Developer,MID_LEVEL,MEDIUM,TECHNICAL,Practical interview preparation for prototype chain.,"This question tests practical judgment around prototype chain. A strong answer should connect the concept to requirements, constraints, measurable outcomes, and appropriate trade-offs rather than giving only a definition.","I would first clarify the goal and constraints related to prototype chain, then choose an approach that is simple, testable, and appropriate for the situation. I would explain the main trade-offs, validate the result with relevant evidence, and document or communicate important decisions. If the situation changes, I would reassess rather than continuing with an approach that no longer fits.",Clarify requirements|Choose an appropriate approach|Explain trade-offs|Validate the result,Giving only a definition|Ignoring constraints|Overengineering|Making claims without evidence,How would you test your approach to prototype chain?|What trade-off would change your decision?,javascript developer|javascript developer|prototype chain,Prototype Chain Interview Questions and Answers | InterviewPrep,Practice prototype chain interview questions with practical answers and follow-up guidance for JavaScript Developer candidates.,True
How would you approach event loop in a JavaScript Developer role?,how-would-you-approach-event-loop-in-a-javascript-developer-role,JavaScript Developer,JavaScript Developer,FRESHER,EASY,TECHNICAL,Practical interview preparation for event loop.,"This question tests practical judgment around event loop. A strong answer should connect the concept to requirements, constraints, measurable outcomes, and appropriate trade-offs rather than giving only a definition.","I would first clarify the goal and constraints related to event loop, then choose an approach that is simple, testable, and appropriate for the situation. I would explain the main trade-offs, validate the result with relevant evidence, and document or communicate important decisions. If the situation changes, I would reassess rather than continuing with an approach that no longer fits.",Clarify requirements|Choose an appropriate approach|Explain trade-offs|Validate the result,Giving only a definition|Ignoring constraints|Overengineering|Making claims without evidence,How would you test your approach to event loop?|What trade-off would change your decision?,javascript developer|javascript developer|event loop,Event Loop Interview Questions and Answers | InterviewPrep,Practice event loop interview questions with practical answers and follow-up guidance for JavaScript Developer candidates.,True
What would you consider when working with microtasks as a JavaScript Developer?,what-would-you-consider-when-working-with-microtasks-as-a-javascript-developer,JavaScript Developer,JavaScript Developer,MID_LEVEL,MEDIUM,TECHNICAL,Practical interview preparation for microtasks.,"This question tests practical judgment around microtasks. A strong answer should connect the concept to requirements, constraints, measurable outcomes, and appropriate trade-offs rather than giving only a definition.","I would first clarify the goal and constraints related to microtasks, then choose an approach that is simple, testable, and appropriate for the situation. I would explain the main trade-offs, validate the result with relevant evidence, and document or communicate important decisions. If the situation changes, I would reassess rather than continuing with an approach that no longer fits.",Clarify requirements|Choose an appropriate approach|Explain trade-offs|Validate the result,Giving only a definition|Ignoring constraints|Overengineering|Making claims without evidence,How would you test your approach to microtasks?|What trade-off would change your decision?,javascript developer|javascript developer|microtasks,Microtasks Interview Questions and Answers | InterviewPrep,Practice microtasks interview questions with practical answers and follow-up guidance for JavaScript Developer candidates.,True
How would you explain Promise.all to an interviewer?,how-would-you-explain-promise-all-to-an-interviewer,JavaScript Developer,JavaScript Developer,EXPERIENCED,MEDIUM,CASE_STUDY,Practical interview preparation for Promise.all.,"This question tests practical judgment around Promise.all. A strong answer should connect the concept to requirements, constraints, measurable outcomes, and appropriate trade-offs rather than giving only a definition.","I would first clarify the goal and constraints related to Promise.all, then choose an approach that is simple, testable, and appropriate for the situation. I would explain the main trade-offs, validate the result with relevant evidence, and document or communicate important decisions. If the situation changes, I would reassess rather than continuing with an approach that no longer fits.",Clarify requirements|Choose an appropriate approach|Explain trade-offs|Validate the result,Giving only a definition|Ignoring constraints|Overengineering|Making claims without evidence,How would you test your approach to Promise.all?|What trade-off would change your decision?,javascript developer|javascript developer|promise.all,Promise.All Interview Questions and Answers | InterviewPrep,Practice Promise.all interview questions with practical answers and follow-up guidance for JavaScript Developer candidates.,True
What are the main trade-offs involved in async error handling?,what-are-the-main-trade-offs-involved-in-async-error-handling,JavaScript Developer,JavaScript Developer,FRESHER,HARD,TECHNICAL,Practical interview preparation for async error handling.,"This question tests practical judgment around async error handling. A strong answer should connect the concept to requirements, constraints, measurable outcomes, and appropriate trade-offs rather than giving only a definition.","I would first clarify the goal and constraints related to async error handling, then choose an approach that is simple, testable, and appropriate for the situation. I would explain the main trade-offs, validate the result with relevant evidence, and document or communicate important decisions. If the situation changes, I would reassess rather than continuing with an approach that no longer fits.",Clarify requirements|Choose an appropriate approach|Explain trade-offs|Validate the result,Giving only a definition|Ignoring constraints|Overengineering|Making claims without evidence,How would you test your approach to async error handling?|What trade-off would change your decision?,javascript developer|javascript developer|async error handling,Async Error Handling Interview Questions and Answers | InterviewPrep,Practice async error handling interview questions with practical answers and follow-up guidance for JavaScript Developer candidates.,True
How would you troubleshoot a problem involving AbortController?,how-would-you-troubleshoot-a-problem-involving-abortcontroller,JavaScript Developer,JavaScript Developer,MID_LEVEL,MEDIUM,TECHNICAL,Practical interview preparation for AbortController.,"This question tests practical judgment around AbortController. A strong answer should connect the concept to requirements, constraints, measurable outcomes, and appropriate trade-offs rather than giving only a definition.","I would first clarify the goal and constraints related to AbortController, then choose an approach that is simple, testable, and appropriate for the situation. I would explain the main trade-offs, validate the result with relevant evidence, and document or communicate important decisions. If the situation changes, I would reassess rather than continuing with an approach that no longer fits.",Clarify requirements|Choose an appropriate approach|Explain trade-offs|Validate the result,Giving only a definition|Ignoring constraints|Overengineering|Making claims without evidence,How would you test your approach to AbortController?|What trade-off would change your decision?,javascript developer|javascript developer|abortcontroller,Abortcontroller Interview Questions and Answers | InterviewPrep,Practice AbortController interview questions with practical answers and follow-up guidance for JavaScript Developer candidates.,True
How would you approach event delegation in a JavaScript Developer role?,how-would-you-approach-event-delegation-in-a-javascript-developer-role,JavaScript Developer,JavaScript Developer,FRESHER,EASY,TECHNICAL,Practical interview preparation for event delegation.,"This question tests practical judgment around event delegation. A strong answer should connect the concept to requirements, constraints, measurable outcomes, and appropriate trade-offs rather than giving only a definition.","I would first clarify the goal and constraints related to event delegation, then choose an approach that is simple, testable, and appropriate for the situation. I would explain the main trade-offs, validate the result with relevant evidence, and document or communicate important decisions. If the situation changes, I would reassess rather than continuing with an approach that no longer fits.",Clarify requirements|Choose an appropriate approach|Explain trade-offs|Validate the result,Giving only a definition|Ignoring constraints|Overengineering|Making claims without evidence,How would you test your approach to event delegation?|What trade-off would change your decision?,javascript developer|javascript developer|event delegation,Event Delegation Interview Questions and Answers | InterviewPrep,Practice event delegation interview questions with practical answers and follow-up guidance for JavaScript Developer candidates.,True
What would you consider when working with debouncing as a JavaScript Developer?,what-would-you-consider-when-working-with-debouncing-as-a-javascript-developer,JavaScript Developer,JavaScript Developer,MID_LEVEL,MEDIUM,TECHNICAL,Practical interview preparation for debouncing.,"This question tests practical judgment around debouncing. A strong answer should connect the concept to requirements, constraints, measurable outcomes, and appropriate trade-offs rather than giving only a definition.","I would first clarify the goal and constraints related to debouncing, then choose an approach that is simple, testable, and appropriate for the situation. I would explain the main trade-offs, validate the result with relevant evidence, and document or communicate important decisions. If the situation changes, I would reassess rather than continuing with an approach that no longer fits.",Clarify requirements|Choose an appropriate approach|Explain trade-offs|Validate the result,Giving only a definition|Ignoring constraints|Overengineering|Making claims without evidence,How would you test your approach to debouncing?|What trade-off would change your decision?,javascript developer|javascript developer|debouncing,Debouncing Interview Questions and Answers | InterviewPrep,Practice debouncing interview questions with practical answers and follow-up guidance for JavaScript Developer candidates.,True
How would you explain throttling to an interviewer?,how-would-you-explain-throttling-to-an-interviewer,JavaScript Developer,JavaScript Developer,EXPERIENCED,MEDIUM,CASE_STUDY,Practical interview preparation for throttling.,"This question tests practical judgment around throttling. A strong answer should connect the concept to requirements, constraints, measurable outcomes, and appropriate trade-offs rather than giving only a definition.","I would first clarify the goal and constraints related to throttling, then choose an approach that is simple, testable, and appropriate for the situation. I would explain the main trade-offs, validate the result with relevant evidence, and document or communicate important decisions. If the situation changes, I would reassess rather than continuing with an approach that no longer fits.",Clarify requirements|Choose an appropriate approach|Explain trade-offs|Validate the result,Giving only a definition|Ignoring constraints|Overengineering|Making claims without evidence,How would you test your approach to throttling?|What trade-off would change your decision?,javascript developer|javascript developer|throttling,Throttling Interview Questions and Answers | InterviewPrep,Practice throttling interview questions with practical answers and follow-up guidance for JavaScript Developer candidates.,True
What are the main trade-offs involved in ES modules?,what-are-the-main-trade-offs-involved-in-es-modules,JavaScript Developer,JavaScript Developer,FRESHER,HARD,TECHNICAL,Practical interview preparation for ES modules.,"This question tests practical judgment around ES modules. A strong answer should connect the concept to requirements, constraints, measurable outcomes, and appropriate trade-offs rather than giving only a definition.","I would first clarify the goal and constraints related to ES modules, then choose an approach that is simple, testable, and appropriate for the situation. I would explain the main trade-offs, validate the result with relevant evidence, and document or communicate important decisions. If the situation changes, I would reassess rather than continuing with an approach that no longer fits.",Clarify requirements|Choose an appropriate approach|Explain trade-offs|Validate the result,Giving only a definition|Ignoring constraints|Overengineering|Making claims without evidence,How would you test your approach to ES modules?|What trade-off would change your decision?,javascript developer|javascript developer|es modules,Es Modules Interview Questions and Answers | InterviewPrep,Practice ES modules interview questions with practical answers and follow-up guidance for JavaScript Developer candidates.,True
How would you troubleshoot a problem involving dynamic import?,how-would-you-troubleshoot-a-problem-involving-dynamic-import,JavaScript Developer,JavaScript Developer,MID_LEVEL,MEDIUM,TECHNICAL,Practical interview preparation for dynamic import.,"This question tests practical judgment around dynamic import. A strong answer should connect the concept to requirements, constraints, measurable outcomes, and appropriate trade-offs rather than giving only a definition.","I would first clarify the goal and constraints related to dynamic import, then choose an approach that is simple, testable, and appropriate for the situation. I would explain the main trade-offs, validate the result with relevant evidence, and document or communicate important decisions. If the situation changes, I would reassess rather than continuing with an approach that no longer fits.",Clarify requirements|Choose an appropriate approach|Explain trade-offs|Validate the result,Giving only a definition|Ignoring constraints|Overengineering|Making claims without evidence,How would you test your approach to dynamic import?|What trade-off would change your decision?,javascript developer|javascript developer|dynamic import,Dynamic Import Interview Questions and Answers | InterviewPrep,Practice dynamic import interview questions with practical answers and follow-up guidance for JavaScript Developer candidates.,True
How would you approach optional chaining in a JavaScript Developer role?,how-would-you-approach-optional-chaining-in-a-javascript-developer-role,JavaScript Developer,JavaScript Developer,FRESHER,EASY,TECHNICAL,Practical interview preparation for optional chaining.,"This question tests practical judgment around optional chaining. A strong answer should connect the concept to requirements, constraints, measurable outcomes, and appropriate trade-offs rather than giving only a definition.","I would first clarify the goal and constraints related to optional chaining, then choose an approach that is simple, testable, and appropriate for the situation. I would explain the main trade-offs, validate the result with relevant evidence, and document or communicate important decisions. If the situation changes, I would reassess rather than continuing with an approach that no longer fits.",Clarify requirements|Choose an appropriate approach|Explain trade-offs|Validate the result,Giving only a definition|Ignoring constraints|Overengineering|Making claims without evidence,How would you test your approach to optional chaining?|What trade-off would change your decision?,javascript developer|javascript developer|optional chaining,Optional Chaining Interview Questions and Answers | InterviewPrep,Practice optional chaining interview questions with practical answers and follow-up guidance for JavaScript Developer candidates.,True
What would you consider when working with nullish coalescing as a JavaScript Developer?,what-would-you-consider-when-working-with-nullish-coalescing-as-a-javascript-developer,JavaScript Developer,JavaScript Developer,MID_LEVEL,MEDIUM,TECHNICAL,Practical interview preparation for nullish coalescing.,"This question tests practical judgment around nullish coalescing. A strong answer should connect the concept to requirements, constraints, measurable outcomes, and appropriate trade-offs rather than giving only a definition.","I would first clarify the goal and constraints related to nullish coalescing, then choose an approach that is simple, testable, and appropriate for the situation. I would explain the main trade-offs, validate the result with relevant evidence, and document or communicate important decisions. If the situation changes, I would reassess rather than continuing with an approach that no longer fits.",Clarify requirements|Choose an appropriate approach|Explain trade-offs|Validate the result,Giving only a definition|Ignoring constraints|Overengineering|Making claims without evidence,How would you test your approach to nullish coalescing?|What trade-off would change your decision?,javascript developer|javascript developer|nullish coalescing,Nullish Coalescing Interview Questions and Answers | InterviewPrep,Practice nullish coalescing interview questions with practical answers and follow-up guidance for JavaScript Developer candidates.,True
How would you explain immutability to an interviewer?,how-would-you-explain-immutability-to-an-interviewer,JavaScript Developer,JavaScript Developer,EXPERIENCED,MEDIUM,CASE_STUDY,Practical interview preparation for immutability.,"This question tests practical judgment around immutability. A strong answer should connect the concept to requirements, constraints, measurable outcomes, and appropriate trade-offs rather than giving only a definition.","I would first clarify the goal and constraints related to immutability, then choose an approach that is simple, testable, and appropriate for the situation. I would explain the main trade-offs, validate the result with relevant evidence, and document or communicate important decisions. If the situation changes, I would reassess rather than continuing with an approach that no longer fits.",Clarify requirements|Choose an appropriate approach|Explain trade-offs|Validate the result,Giving only a definition|Ignoring constraints|Overengineering|Making claims without evidence,How would you test your approach to immutability?|What trade-off would change your decision?,javascript developer|javascript developer|immutability,Immutability Interview Questions and Answers | InterviewPrep,Practice immutability interview questions with practical answers and follow-up guidance for JavaScript Developer candidates.,True
What are the main trade-offs involved in Web Storage?,what-are-the-main-trade-offs-involved-in-web-storage,JavaScript Developer,JavaScript Developer,FRESHER,HARD,TECHNICAL,Practical interview preparation for Web Storage.,"This question tests practical judgment around Web Storage. A strong answer should connect the concept to requirements, constraints, measurable outcomes, and appropriate trade-offs rather than giving only a definition.","I would first clarify the goal and constraints related to Web Storage, then choose an approach that is simple, testable, and appropriate for the situation. I would explain the main trade-offs, validate the result with relevant evidence, and document or communicate important decisions. If the situation changes, I would reassess rather than continuing with an approach that no longer fits.",Clarify requirements|Choose an appropriate approach|Explain trade-offs|Validate the result,Giving only a definition|Ignoring constraints|Overengineering|Making claims without evidence,How would you test your approach to Web Storage?|What trade-off would change your decision?,javascript developer|javascript developer|web storage,Web Storage Interview Questions and Answers | InterviewPrep,Practice Web Storage interview questions with practical answers and follow-up guidance for JavaScript Developer candidates.,True
How would you troubleshoot a problem involving browser performance?,how-would-you-troubleshoot-a-problem-involving-browser-performance,JavaScript Developer,JavaScript Developer,MID_LEVEL,MEDIUM,TECHNICAL,Practical interview preparation for browser performance.,"This question tests practical judgment around browser performance. A strong answer should connect the concept to requirements, constraints, measurable outcomes, and appropriate trade-offs rather than giving only a definition.","I would first clarify the goal and constraints related to browser performance, then choose an approach that is simple, testable, and appropriate for the situation. I would explain the main trade-offs, validate the result with relevant evidence, and document or communicate important decisions. If the situation changes, I would reassess rather than continuing with an approach that no longer fits.",Clarify requirements|Choose an appropriate approach|Explain trade-offs|Validate the result,Giving only a definition|Ignoring constraints|Overengineering|Making claims without evidence,How would you test your approach to browser performance?|What trade-off would change your decision?,javascript developer|javascript developer|browser performance,Browser Performance Interview Questions and Answers | InterviewPrep,Practice browser performance interview questions with practical answers and follow-up guidance for JavaScript Developer candidates.,True
How would you approach component composition in a React Developer role?,how-would-you-approach-component-composition-in-a-react-developer-role,React Developer,React Developer,FRESHER,EASY,TECHNICAL,Practical interview preparation for component composition.,"This question tests practical judgment around component composition. A strong answer should connect the concept to requirements, constraints, measurable outcomes, and appropriate trade-offs rather than giving only a definition.","I would first clarify the goal and constraints related to component composition, then choose an approach that is simple, testable, and appropriate for the situation. I would explain the main trade-offs, validate the result with relevant evidence, and document or communicate important decisions. If the situation changes, I would reassess rather than continuing with an approach that no longer fits.",Clarify requirements|Choose an appropriate approach|Explain trade-offs|Validate the result,Giving only a definition|Ignoring constraints|Overengineering|Making claims without evidence,How would you test your approach to component composition?|What trade-off would change your decision?,react developer|react developer|component composition,Component Composition Interview Questions and Answers | InterviewPrep,Practice component composition interview questions with practical answers and follow-up guidance for React Developer candidates.,True
What would you consider when working with state ownership as a React Developer?,what-would-you-consider-when-working-with-state-ownership-as-a-react-developer,React Developer,React Developer,MID_LEVEL,MEDIUM,TECHNICAL,Practical interview preparation for state ownership.,"This question tests practical judgment around state ownership. A strong answer should connect the concept to requirements, constraints, measurable outcomes, and appropriate trade-offs rather than giving only a definition.","I would first clarify the goal and constraints related to state ownership, then choose an approach that is simple, testable, and appropriate for the situation. I would explain the main trade-offs, validate the result with relevant evidence, and document or communicate important decisions. If the situation changes, I would reassess rather than continuing with an approach that no longer fits.",Clarify requirements|Choose an appropriate approach|Explain trade-offs|Validate the result,Giving only a definition|Ignoring constraints|Overengineering|Making claims without evidence,How would you test your approach to state ownership?|What trade-off would change your decision?,react developer|react developer|state ownership,State Ownership Interview Questions and Answers | InterviewPrep,Practice state ownership interview questions with practical answers and follow-up guidance for React Developer candidates.,True
How would you explain controlled inputs to an interviewer?,how-would-you-explain-controlled-inputs-to-an-interviewer,React Developer,React Developer,EXPERIENCED,MEDIUM,CASE_STUDY,Practical interview preparation for controlled inputs.,"This question tests practical judgment around controlled inputs. A strong answer should connect the concept to requirements, constraints, measurable outcomes, and appropriate trade-offs rather than giving only a definition.","I would first clarify the goal and constraints related to controlled inputs, then choose an approach that is simple, testable, and appropriate for the situation. I would explain the main trade-offs, validate the result with relevant evidence, and document or communicate important decisions. If the situation changes, I would reassess rather than continuing with an approach that no longer fits.",Clarify requirements|Choose an appropriate approach|Explain trade-offs|Validate the result,Giving only a definition|Ignoring constraints|Overengineering|Making claims without evidence,How would you test your approach to controlled inputs?|What trade-off would change your decision?,react developer|react developer|controlled inputs,Controlled Inputs Interview Questions and Answers | InterviewPrep,Practice controlled inputs interview questions with practical answers and follow-up guidance for React Developer candidates.,True
What are the main trade-offs involved in useEffect dependencies?,what-are-the-main-trade-offs-involved-in-useeffect-dependencies,React Developer,React Developer,FRESHER,HARD,TECHNICAL,Practical interview preparation for useEffect dependencies.,"This question tests practical judgment around useEffect dependencies. A strong answer should connect the concept to requirements, constraints, measurable outcomes, and appropriate trade-offs rather than giving only a definition.","I would first clarify the goal and constraints related to useEffect dependencies, then choose an approach that is simple, testable, and appropriate for the situation. I would explain the main trade-offs, validate the result with relevant evidence, and document or communicate important decisions. If the situation changes, I would reassess rather than continuing with an approach that no longer fits.",Clarify requirements|Choose an appropriate approach|Explain trade-offs|Validate the result,Giving only a definition|Ignoring constraints|Overengineering|Making claims without evidence,How would you test your approach to useEffect dependencies?|What trade-off would change your decision?,react developer|react developer|useeffect dependencies,Useeffect Dependencies Interview Questions and Answers | InterviewPrep,Practice useEffect dependencies interview questions with practical answers and follow-up guidance for React Developer candidates.,True
How would you troubleshoot a problem involving useMemo?,how-would-you-troubleshoot-a-problem-involving-usememo,React Developer,React Developer,MID_LEVEL,MEDIUM,TECHNICAL,Practical interview preparation for useMemo.,"This question tests practical judgment around useMemo. A strong answer should connect the concept to requirements, constraints, measurable outcomes, and appropriate trade-offs rather than giving only a definition.","I would first clarify the goal and constraints related to useMemo, then choose an approach that is simple, testable, and appropriate for the situation. I would explain the main trade-offs, validate the result with relevant evidence, and document or communicate important decisions. If the situation changes, I would reassess rather than continuing with an approach that no longer fits.",Clarify requirements|Choose an appropriate approach|Explain trade-offs|Validate the result,Giving only a definition|Ignoring constraints|Overengineering|Making claims without evidence,How would you test your approach to useMemo?|What trade-off would change your decision?,react developer|react developer|usememo,Usememo Interview Questions and Answers | InterviewPrep,Practice useMemo interview questions with practical answers and follow-up guidance for React Developer candidates.,True
How would you approach useCallback in a React Developer role?,how-would-you-approach-usecallback-in-a-react-developer-role,React Developer,React Developer,FRESHER,EASY,TECHNICAL,Practical interview preparation for useCallback.,"This question tests practical judgment around useCallback. A strong answer should connect the concept to requirements, constraints, measurable outcomes, and appropriate trade-offs rather than giving only a definition.","I would first clarify the goal and constraints related to useCallback, then choose an approach that is simple, testable, and appropriate for the situation. I would explain the main trade-offs, validate the result with relevant evidence, and document or communicate important decisions. If the situation changes, I would reassess rather than continuing with an approach that no longer fits.",Clarify requirements|Choose an appropriate approach|Explain trade-offs|Validate the result,Giving only a definition|Ignoring constraints|Overengineering|Making claims without evidence,How would you test your approach to useCallback?|What trade-off would change your decision?,react developer|react developer|usecallback,Usecallback Interview Questions and Answers | InterviewPrep,Practice useCallback interview questions with practical answers and follow-up guidance for React Developer candidates.,True
What would you consider when working with useRef as a React Developer?,what-would-you-consider-when-working-with-useref-as-a-react-developer,React Developer,React Developer,MID_LEVEL,MEDIUM,TECHNICAL,Practical interview preparation for useRef.,"This question tests practical judgment around useRef. A strong answer should connect the concept to requirements, constraints, measurable outcomes, and appropriate trade-offs rather than giving only a definition.","I would first clarify the goal and constraints related to useRef, then choose an approach that is simple, testable, and appropriate for the situation. I would explain the main trade-offs, validate the result with relevant evidence, and document or communicate important decisions. If the situation changes, I would reassess rather than continuing with an approach that no longer fits.",Clarify requirements|Choose an appropriate approach|Explain trade-offs|Validate the result,Giving only a definition|Ignoring constraints|Overengineering|Making claims without evidence,How would you test your approach to useRef?|What trade-off would change your decision?,react developer|react developer|useref,Useref Interview Questions and Answers | InterviewPrep,Practice useRef interview questions with practical answers and follow-up guidance for React Developer candidates.,True
How would you explain context to an interviewer?,how-would-you-explain-context-to-an-interviewer,React Developer,React Developer,EXPERIENCED,MEDIUM,CASE_STUDY,Practical interview preparation for context.,"This question tests practical judgment around context. A strong answer should connect the concept to requirements, constraints, measurable outcomes, and appropriate trade-offs rather than giving only a definition.","I would first clarify the goal and constraints related to context, then choose an approach that is simple, testable, and appropriate for the situation. I would explain the main trade-offs, validate the result with relevant evidence, and document or communicate important decisions. If the situation changes, I would reassess rather than continuing with an approach that no longer fits.",Clarify requirements|Choose an appropriate approach|Explain trade-offs|Validate the result,Giving only a definition|Ignoring constraints|Overengineering|Making claims without evidence,How would you test your approach to context?|What trade-off would change your decision?,react developer|react developer|context,Context Interview Questions and Answers | InterviewPrep,Practice context interview questions with practical answers and follow-up guidance for React Developer candidates.,True
What are the main trade-offs involved in custom hooks?,what-are-the-main-trade-offs-involved-in-custom-hooks,React Developer,React Developer,FRESHER,HARD,TECHNICAL,Practical interview preparation for custom hooks.,"This question tests practical judgment around custom hooks. A strong answer should connect the concept to requirements, constraints, measurable outcomes, and appropriate trade-offs rather than giving only a definition.","I would first clarify the goal and constraints related to custom hooks, then choose an approach that is simple, testable, and appropriate for the situation. I would explain the main trade-offs, validate the result with relevant evidence, and document or communicate important decisions. If the situation changes, I would reassess rather than continuing with an approach that no longer fits.",Clarify requirements|Choose an appropriate approach|Explain trade-offs|Validate the result,Giving only a definition|Ignoring constraints|Overengineering|Making claims without evidence,How would you test your approach to custom hooks?|What trade-off would change your decision?,react developer|react developer|custom hooks,Custom Hooks Interview Questions and Answers | InterviewPrep,Practice custom hooks interview questions with practical answers and follow-up guidance for React Developer candidates.,True
How would you troubleshoot a problem involving error boundaries?,how-would-you-troubleshoot-a-problem-involving-error-boundaries,React Developer,React Developer,MID_LEVEL,MEDIUM,TECHNICAL,Practical interview preparation for error boundaries.,"This question tests practical judgment around error boundaries. A strong answer should connect the concept to requirements, constraints, measurable outcomes, and appropriate trade-offs rather than giving only a definition.","I would first clarify the goal and constraints related to error boundaries, then choose an approach that is simple, testable, and appropriate for the situation. I would explain the main trade-offs, validate the result with relevant evidence, and document or communicate important decisions. If the situation changes, I would reassess rather than continuing with an approach that no longer fits.",Clarify requirements|Choose an appropriate approach|Explain trade-offs|Validate the result,Giving only a definition|Ignoring constraints|Overengineering|Making claims without evidence,How would you test your approach to error boundaries?|What trade-off would change your decision?,react developer|react developer|error boundaries,Error Boundaries Interview Questions and Answers | InterviewPrep,Practice error boundaries interview questions with practical answers and follow-up guidance for React Developer candidates.,True
How would you approach Suspense in a React Developer role?,how-would-you-approach-suspense-in-a-react-developer-role,React Developer,React Developer,FRESHER,EASY,TECHNICAL,Practical interview preparation for Suspense.,"This question tests practical judgment around Suspense. A strong answer should connect the concept to requirements, constraints, measurable outcomes, and appropriate trade-offs rather than giving only a definition.","I would first clarify the goal and constraints related to Suspense, then choose an approach that is simple, testable, and appropriate for the situation. I would explain the main trade-offs, validate the result with relevant evidence, and document or communicate important decisions. If the situation changes, I would reassess rather than continuing with an approach that no longer fits.",Clarify requirements|Choose an appropriate approach|Explain trade-offs|Validate the result,Giving only a definition|Ignoring constraints|Overengineering|Making claims without evidence,How would you test your approach to Suspense?|What trade-off would change your decision?,react developer|react developer|suspense,Suspense Interview Questions and Answers | InterviewPrep,Practice Suspense interview questions with practical answers and follow-up guidance for React Developer candidates.,True
What would you consider when working with code splitting as a React Developer?,what-would-you-consider-when-working-with-code-splitting-as-a-react-developer,React Developer,React Developer,MID_LEVEL,MEDIUM,TECHNICAL,Practical interview preparation for code splitting.,"This question tests practical judgment around code splitting. A strong answer should connect the concept to requirements, constraints, measurable outcomes, and appropriate trade-offs rather than giving only a definition.","I would first clarify the goal and constraints related to code splitting, then choose an approach that is simple, testable, and appropriate for the situation. I would explain the main trade-offs, validate the result with relevant evidence, and document or communicate important decisions. If the situation changes, I would reassess rather than continuing with an approach that no longer fits.",Clarify requirements|Choose an appropriate approach|Explain trade-offs|Validate the result,Giving only a definition|Ignoring constraints|Overengineering|Making claims without evidence,How would you test your approach to code splitting?|What trade-off would change your decision?,react developer|react developer|code splitting,Code Splitting Interview Questions and Answers | InterviewPrep,Practice code splitting interview questions with practical answers and follow-up guidance for React Developer candidates.,True
How would you explain list keys to an interviewer?,how-would-you-explain-list-keys-to-an-interviewer,React Developer,React Developer,EXPERIENCED,MEDIUM,CASE_STUDY,Practical interview preparation for list keys.,"This question tests practical judgment around list keys. A strong answer should connect the concept to requirements, constraints, measurable outcomes, and appropriate trade-offs rather than giving only a definition.","I would first clarify the goal and constraints related to list keys, then choose an approach that is simple, testable, and appropriate for the situation. I would explain the main trade-offs, validate the result with relevant evidence, and document or communicate important decisions. If the situation changes, I would reassess rather than continuing with an approach that no longer fits.",Clarify requirements|Choose an appropriate approach|Explain trade-offs|Validate the result,Giving only a definition|Ignoring constraints|Overengineering|Making claims without evidence,How would you test your approach to list keys?|What trade-off would change your decision?,react developer|react developer|list keys,List Keys Interview Questions and Answers | InterviewPrep,Practice list keys interview questions with practical answers and follow-up guidance for React Developer candidates.,True
What are the main trade-offs involved in form validation?,what-are-the-main-trade-offs-involved-in-form-validation,React Developer,React Developer,FRESHER,HARD,TECHNICAL,Practical interview preparation for form validation.,"This question tests practical judgment around form validation. A strong answer should connect the concept to requirements, constraints, measurable outcomes, and appropriate trade-offs rather than giving only a definition.","I would first clarify the goal and constraints related to form validation, then choose an approach that is simple, testable, and appropriate for the situation. I would explain the main trade-offs, validate the result with relevant evidence, and document or communicate important decisions. If the situation changes, I would reassess rather than continuing with an approach that no longer fits.",Clarify requirements|Choose an appropriate approach|Explain trade-offs|Validate the result,Giving only a definition|Ignoring constraints|Overengineering|Making claims without evidence,How would you test your approach to form validation?|What trade-off would change your decision?,react developer|react developer|form validation,Form Validation Interview Questions and Answers | InterviewPrep,Practice form validation interview questions with practical answers and follow-up guidance for React Developer candidates.,True
How would you troubleshoot a problem involving server state?,how-would-you-troubleshoot-a-problem-involving-server-state,React Developer,React Developer,MID_LEVEL,MEDIUM,TECHNICAL,Practical interview preparation for server state.,"This question tests practical judgment around server state. A strong answer should connect the concept to requirements, constraints, measurable outcomes, and appropriate trade-offs rather than giving only a definition.","I would first clarify the goal and constraints related to server state, then choose an approach that is simple, testable, and appropriate for the situation. I would explain the main trade-offs, validate the result with relevant evidence, and document or communicate important decisions. If the situation changes, I would reassess rather than continuing with an approach that no longer fits.",Clarify requirements|Choose an appropriate approach|Explain trade-offs|Validate the result,Giving only a definition|Ignoring constraints|Overengineering|Making claims without evidence,How would you test your approach to server state?|What trade-off would change your decision?,react developer|react developer|server state,Server State Interview Questions and Answers | InterviewPrep,Practice server state interview questions with practical answers and follow-up guidance for React Developer candidates.,True
How would you approach optimistic UI in a React Developer role?,how-would-you-approach-optimistic-ui-in-a-react-developer-role,React Developer,React Developer,FRESHER,EASY,TECHNICAL,Practical interview preparation for optimistic UI.,"This question tests practical judgment around optimistic UI. A strong answer should connect the concept to requirements, constraints, measurable outcomes, and appropriate trade-offs rather than giving only a definition.","I would first clarify the goal and constraints related to optimistic UI, then choose an approach that is simple, testable, and appropriate for the situation. I would explain the main trade-offs, validate the result with relevant evidence, and document or communicate important decisions. If the situation changes, I would reassess rather than continuing with an approach that no longer fits.",Clarify requirements|Choose an appropriate approach|Explain trade-offs|Validate the result,Giving only a definition|Ignoring constraints|Overengineering|Making claims without evidence,How would you test your approach to optimistic UI?|What trade-off would change your decision?,react developer|react developer|optimistic ui,Optimistic Ui Interview Questions and Answers | InterviewPrep,Practice optimistic UI interview questions with practical answers and follow-up guidance for React Developer candidates.,True
What would you consider when working with accessibility as a React Developer?,what-would-you-consider-when-working-with-accessibility-as-a-react-developer,React Developer,React Developer,MID_LEVEL,MEDIUM,TECHNICAL,Practical interview preparation for accessibility.,"This question tests practical judgment around accessibility. A strong answer should connect the concept to requirements, constraints, measurable outcomes, and appropriate trade-offs rather than giving only a definition.","I would first clarify the goal and constraints related to accessibility, then choose an approach that is simple, testable, and appropriate for the situation. I would explain the main trade-offs, validate the result with relevant evidence, and document or communicate important decisions. If the situation changes, I would reassess rather than continuing with an approach that no longer fits.",Clarify requirements|Choose an appropriate approach|Explain trade-offs|Validate the result,Giving only a definition|Ignoring constraints|Overengineering|Making claims without evidence,How would you test your approach to accessibility?|What trade-off would change your decision?,react developer|react developer|accessibility,Accessibility Interview Questions and Answers | InterviewPrep,Practice accessibility interview questions with practical answers and follow-up guidance for React Developer candidates.,True
How would you explain render performance to an interviewer?,how-would-you-explain-render-performance-to-an-interviewer,React Developer,React Developer,EXPERIENCED,MEDIUM,CASE_STUDY,Practical interview preparation for render performance.,"This question tests practical judgment around render performance. A strong answer should connect the concept to requirements, constraints, measurable outcomes, and appropriate trade-offs rather than giving only a definition.","I would first clarify the goal and constraints related to render performance, then choose an approach that is simple, testable, and appropriate for the situation. I would explain the main trade-offs, validate the result with relevant evidence, and document or communicate important decisions. If the situation changes, I would reassess rather than continuing with an approach that no longer fits.",Clarify requirements|Choose an appropriate approach|Explain trade-offs|Validate the result,Giving only a definition|Ignoring constraints|Overengineering|Making claims without evidence,How would you test your approach to render performance?|What trade-off would change your decision?,react developer|react developer|render performance,Render Performance Interview Questions and Answers | InterviewPrep,Practice render performance interview questions with practical answers and follow-up guidance for React Developer candidates.,True
What are the main trade-offs involved in React Server Components?,what-are-the-main-trade-offs-involved-in-react-server-components,React Developer,React Developer,FRESHER,HARD,TECHNICAL,Practical interview preparation for React Server Components.,"This question tests practical judgment around React Server Components. A strong answer should connect the concept to requirements, constraints, measurable outcomes, and appropriate trade-offs rather than giving only a definition.","I would first clarify the goal and constraints related to React Server Components, then choose an approach that is simple, testable, and appropriate for the situation. I would explain the main trade-offs, validate the result with relevant evidence, and document or communicate important decisions. If the situation changes, I would reassess rather than continuing with an approach that no longer fits.",Clarify requirements|Choose an appropriate approach|Explain trade-offs|Validate the result,Giving only a definition|Ignoring constraints|Overengineering|Making claims without evidence,How would you test your approach to React Server Components?|What trade-off would change your decision?,react developer|react developer|react server components,React Server Components Interview Questions and Answers | InterviewPrep,Practice React Server Components interview questions with practical answers and follow-up guidance for React Developer candidates.,True
How would you troubleshoot a problem involving testing React components?,how-would-you-troubleshoot-a-problem-involving-testing-react-components,React Developer,React Developer,MID_LEVEL,MEDIUM,TECHNICAL,Practical interview preparation for testing React components.,"This question tests practical judgment around testing React components. A strong answer should connect the concept to requirements, constraints, measurable outcomes, and appropriate trade-offs rather than giving only a definition.","I would first clarify the goal and constraints related to testing React components, then choose an approach that is simple, testable, and appropriate for the situation. I would explain the main trade-offs, validate the result with relevant evidence, and document or communicate important decisions. If the situation changes, I would reassess rather than continuing with an approach that no longer fits.",Clarify requirements|Choose an appropriate approach|Explain trade-offs|Validate the result,Giving only a definition|Ignoring constraints|Overengineering|Making claims without evidence,How would you test your approach to testing React components?|What trade-off would change your decision?,react developer|react developer|testing react components,Testing React Components Interview Questions and Answers | InterviewPrep,Practice testing React components interview questions with practical answers and follow-up guidance for React Developer candidates.,True
How would you approach semantic HTML in a Web Developer role?,how-would-you-approach-semantic-html-in-a-web-developer-role,Web Developer,Web Developer,FRESHER,EASY,TECHNICAL,Practical interview preparation for semantic HTML.,"This question tests practical judgment around semantic HTML. A strong answer should connect the concept to requirements, constraints, measurable outcomes, and appropriate trade-offs rather than giving only a definition.","I would first clarify the goal and constraints related to semantic HTML, then choose an approach that is simple, testable, and appropriate for the situation. I would explain the main trade-offs, validate the result with relevant evidence, and document or communicate important decisions. If the situation changes, I would reassess rather than continuing with an approach that no longer fits.",Clarify requirements|Choose an appropriate approach|Explain trade-offs|Validate the result,Giving only a definition|Ignoring constraints|Overengineering|Making claims without evidence,How would you test your approach to semantic HTML?|What trade-off would change your decision?,web developer|web developer|semantic html,Semantic Html Interview Questions and Answers | InterviewPrep,Practice semantic HTML interview questions with practical answers and follow-up guidance for Web Developer candidates.,True
What would you consider when working with accessible forms as a Web Developer?,what-would-you-consider-when-working-with-accessible-forms-as-a-web-developer,Web Developer,Web Developer,MID_LEVEL,MEDIUM,TECHNICAL,Practical interview preparation for accessible forms.,"This question tests practical judgment around accessible forms. A strong answer should connect the concept to requirements, constraints, measurable outcomes, and appropriate trade-offs rather than giving only a definition.","I would first clarify the goal and constraints related to accessible forms, then choose an approach that is simple, testable, and appropriate for the situation. I would explain the main trade-offs, validate the result with relevant evidence, and document or communicate important decisions. If the situation changes, I would reassess rather than continuing with an approach that no longer fits.",Clarify requirements|Choose an appropriate approach|Explain trade-offs|Validate the result,Giving only a definition|Ignoring constraints|Overengineering|Making claims without evidence,How would you test your approach to accessible forms?|What trade-off would change your decision?,web developer|web developer|accessible forms,Accessible Forms Interview Questions and Answers | InterviewPrep,Practice accessible forms interview questions with practical answers and follow-up guidance for Web Developer candidates.,True
How would you explain responsive layouts to an interviewer?,how-would-you-explain-responsive-layouts-to-an-interviewer,Web Developer,Web Developer,EXPERIENCED,MEDIUM,CASE_STUDY,Practical interview preparation for responsive layouts.,"This question tests practical judgment around responsive layouts. A strong answer should connect the concept to requirements, constraints, measurable outcomes, and appropriate trade-offs rather than giving only a definition.","I would first clarify the goal and constraints related to responsive layouts, then choose an approach that is simple, testable, and appropriate for the situation. I would explain the main trade-offs, validate the result with relevant evidence, and document or communicate important decisions. If the situation changes, I would reassess rather than continuing with an approach that no longer fits.",Clarify requirements|Choose an appropriate approach|Explain trade-offs|Validate the result,Giving only a definition|Ignoring constraints|Overengineering|Making claims without evidence,How would you test your approach to responsive layouts?|What trade-off would change your decision?,web developer|web developer|responsive layouts,Responsive Layouts Interview Questions and Answers | InterviewPrep,Practice responsive layouts interview questions with practical answers and follow-up guidance for Web Developer candidates.,True
What are the main trade-offs involved in CSS specificity?,what-are-the-main-trade-offs-involved-in-css-specificity,Web Developer,Web Developer,FRESHER,HARD,TECHNICAL,Practical interview preparation for CSS specificity.,"This question tests practical judgment around CSS specificity. A strong answer should connect the concept to requirements, constraints, measurable outcomes, and appropriate trade-offs rather than giving only a definition.","I would first clarify the goal and constraints related to CSS specificity, then choose an approach that is simple, testable, and appropriate for the situation. I would explain the main trade-offs, validate the result with relevant evidence, and document or communicate important decisions. If the situation changes, I would reassess rather than continuing with an approach that no longer fits.",Clarify requirements|Choose an appropriate approach|Explain trade-offs|Validate the result,Giving only a definition|Ignoring constraints|Overengineering|Making claims without evidence,How would you test your approach to CSS specificity?|What trade-off would change your decision?,web developer|web developer|css specificity,Css Specificity Interview Questions and Answers | InterviewPrep,Practice CSS specificity interview questions with practical answers and follow-up guidance for Web Developer candidates.,True
How would you troubleshoot a problem involving Flexbox?,how-would-you-troubleshoot-a-problem-involving-flexbox,Web Developer,Web Developer,MID_LEVEL,MEDIUM,TECHNICAL,Practical interview preparation for Flexbox.,"This question tests practical judgment around Flexbox. A strong answer should connect the concept to requirements, constraints, measurable outcomes, and appropriate trade-offs rather than giving only a definition.","I would first clarify the goal and constraints related to Flexbox, then choose an approach that is simple, testable, and appropriate for the situation. I would explain the main trade-offs, validate the result with relevant evidence, and document or communicate important decisions. If the situation changes, I would reassess rather than continuing with an approach that no longer fits.",Clarify requirements|Choose an appropriate approach|Explain trade-offs|Validate the result,Giving only a definition|Ignoring constraints|Overengineering|Making claims without evidence,How would you test your approach to Flexbox?|What trade-off would change your decision?,web developer|web developer|flexbox,Flexbox Interview Questions and Answers | InterviewPrep,Practice Flexbox interview questions with practical answers and follow-up guidance for Web Developer candidates.,True
How would you approach CSS Grid in a Web Developer role?,how-would-you-approach-css-grid-in-a-web-developer-role,Web Developer,Web Developer,FRESHER,EASY,TECHNICAL,Practical interview preparation for CSS Grid.,"This question tests practical judgment around CSS Grid. A strong answer should connect the concept to requirements, constraints, measurable outcomes, and appropriate trade-offs rather than giving only a definition.","I would first clarify the goal and constraints related to CSS Grid, then choose an approach that is simple, testable, and appropriate for the situation. I would explain the main trade-offs, validate the result with relevant evidence, and document or communicate important decisions. If the situation changes, I would reassess rather than continuing with an approach that no longer fits.",Clarify requirements|Choose an appropriate approach|Explain trade-offs|Validate the result,Giving only a definition|Ignoring constraints|Overengineering|Making claims without evidence,How would you test your approach to CSS Grid?|What trade-off would change your decision?,web developer|web developer|css grid,Css Grid Interview Questions and Answers | InterviewPrep,Practice CSS Grid interview questions with practical answers and follow-up guidance for Web Developer candidates.,True
What would you consider when working with browser caching as a Web Developer?,what-would-you-consider-when-working-with-browser-caching-as-a-web-developer,Web Developer,Web Developer,MID_LEVEL,MEDIUM,TECHNICAL,Practical interview preparation for browser caching.,"This question tests practical judgment around browser caching. A strong answer should connect the concept to requirements, constraints, measurable outcomes, and appropriate trade-offs rather than giving only a definition.","I would first clarify the goal and constraints related to browser caching, then choose an approach that is simple, testable, and appropriate for the situation. I would explain the main trade-offs, validate the result with relevant evidence, and document or communicate important decisions. If the situation changes, I would reassess rather than continuing with an approach that no longer fits.",Clarify requirements|Choose an appropriate approach|Explain trade-offs|Validate the result,Giving only a definition|Ignoring constraints|Overengineering|Making claims without evidence,How would you test your approach to browser caching?|What trade-off would change your decision?,web developer|web developer|browser caching,Browser Caching Interview Questions and Answers | InterviewPrep,Practice browser caching interview questions with practical answers and follow-up guidance for Web Developer candidates.,True
How would you explain HTTP methods to an interviewer?,how-would-you-explain-http-methods-to-an-interviewer,Web Developer,Web Developer,EXPERIENCED,MEDIUM,CASE_STUDY,Practical interview preparation for HTTP methods.,"This question tests practical judgment around HTTP methods. A strong answer should connect the concept to requirements, constraints, measurable outcomes, and appropriate trade-offs rather than giving only a definition.","I would first clarify the goal and constraints related to HTTP methods, then choose an approach that is simple, testable, and appropriate for the situation. I would explain the main trade-offs, validate the result with relevant evidence, and document or communicate important decisions. If the situation changes, I would reassess rather than continuing with an approach that no longer fits.",Clarify requirements|Choose an appropriate approach|Explain trade-offs|Validate the result,Giving only a definition|Ignoring constraints|Overengineering|Making claims without evidence,How would you test your approach to HTTP methods?|What trade-off would change your decision?,web developer|web developer|http methods,Http Methods Interview Questions and Answers | InterviewPrep,Practice HTTP methods interview questions with practical answers and follow-up guidance for Web Developer candidates.,True
What are the main trade-offs involved in HTTP status codes?,what-are-the-main-trade-offs-involved-in-http-status-codes,Web Developer,Web Developer,FRESHER,HARD,TECHNICAL,Practical interview preparation for HTTP status codes.,"This question tests practical judgment around HTTP status codes. A strong answer should connect the concept to requirements, constraints, measurable outcomes, and appropriate trade-offs rather than giving only a definition.","I would first clarify the goal and constraints related to HTTP status codes, then choose an approach that is simple, testable, and appropriate for the situation. I would explain the main trade-offs, validate the result with relevant evidence, and document or communicate important decisions. If the situation changes, I would reassess rather than continuing with an approach that no longer fits.",Clarify requirements|Choose an appropriate approach|Explain trade-offs|Validate the result,Giving only a definition|Ignoring constraints|Overengineering|Making claims without evidence,How would you test your approach to HTTP status codes?|What trade-off would change your decision?,web developer|web developer|http status codes,Http Status Codes Interview Questions and Answers | InterviewPrep,Practice HTTP status codes interview questions with practical answers and follow-up guidance for Web Developer candidates.,True
How would you troubleshoot a problem involving CORS?,how-would-you-troubleshoot-a-problem-involving-cors,Web Developer,Web Developer,MID_LEVEL,MEDIUM,TECHNICAL,Practical interview preparation for CORS.,"This question tests practical judgment around CORS. A strong answer should connect the concept to requirements, constraints, measurable outcomes, and appropriate trade-offs rather than giving only a definition.","I would first clarify the goal and constraints related to CORS, then choose an approach that is simple, testable, and appropriate for the situation. I would explain the main trade-offs, validate the result with relevant evidence, and document or communicate important decisions. If the situation changes, I would reassess rather than continuing with an approach that no longer fits.",Clarify requirements|Choose an appropriate approach|Explain trade-offs|Validate the result,Giving only a definition|Ignoring constraints|Overengineering|Making claims without evidence,How would you test your approach to CORS?|What trade-off would change your decision?,web developer|web developer|cors,Cors Interview Questions and Answers | InterviewPrep,Practice CORS interview questions with practical answers and follow-up guidance for Web Developer candidates.,True
How would you approach Content Security Policy in a Web Developer role?,how-would-you-approach-content-security-policy-in-a-web-developer-role,Web Developer,Web Developer,FRESHER,EASY,TECHNICAL,Practical interview preparation for Content Security Policy.,"This question tests practical judgment around Content Security Policy. A strong answer should connect the concept to requirements, constraints, measurable outcomes, and appropriate trade-offs rather than giving only a definition.","I would first clarify the goal and constraints related to Content Security Policy, then choose an approach that is simple, testable, and appropriate for the situation. I would explain the main trade-offs, validate the result with relevant evidence, and document or communicate important decisions. If the situation changes, I would reassess rather than continuing with an approach that no longer fits.",Clarify requirements|Choose an appropriate approach|Explain trade-offs|Validate the result,Giving only a definition|Ignoring constraints|Overengineering|Making claims without evidence,How would you test your approach to Content Security Policy?|What trade-off would change your decision?,web developer|web developer|content security policy,Content Security Policy Interview Questions and Answers | InterviewPrep,Practice Content Security Policy interview questions with practical answers and follow-up guidance for Web Developer candidates.,True
What would you consider when working with XSS prevention as a Web Developer?,what-would-you-consider-when-working-with-xss-prevention-as-a-web-developer,Web Developer,Web Developer,MID_LEVEL,MEDIUM,TECHNICAL,Practical interview preparation for XSS prevention.,"This question tests practical judgment around XSS prevention. A strong answer should connect the concept to requirements, constraints, measurable outcomes, and appropriate trade-offs rather than giving only a definition.","I would first clarify the goal and constraints related to XSS prevention, then choose an approach that is simple, testable, and appropriate for the situation. I would explain the main trade-offs, validate the result with relevant evidence, and document or communicate important decisions. If the situation changes, I would reassess rather than continuing with an approach that no longer fits.",Clarify requirements|Choose an appropriate approach|Explain trade-offs|Validate the result,Giving only a definition|Ignoring constraints|Overengineering|Making claims without evidence,How would you test your approach to XSS prevention?|What trade-off would change your decision?,web developer|web developer|xss prevention,Xss Prevention Interview Questions and Answers | InterviewPrep,Practice XSS prevention interview questions with practical answers and follow-up guidance for Web Developer candidates.,True
How would you explain CSRF protection to an interviewer?,how-would-you-explain-csrf-protection-to-an-interviewer,Web Developer,Web Developer,EXPERIENCED,MEDIUM,CASE_STUDY,Practical interview preparation for CSRF protection.,"This question tests practical judgment around CSRF protection. A strong answer should connect the concept to requirements, constraints, measurable outcomes, and appropriate trade-offs rather than giving only a definition.","I would first clarify the goal and constraints related to CSRF protection, then choose an approach that is simple, testable, and appropriate for the situation. I would explain the main trade-offs, validate the result with relevant evidence, and document or communicate important decisions. If the situation changes, I would reassess rather than continuing with an approach that no longer fits.",Clarify requirements|Choose an appropriate approach|Explain trade-offs|Validate the result,Giving only a definition|Ignoring constraints|Overengineering|Making claims without evidence,How would you test your approach to CSRF protection?|What trade-off would change your decision?,web developer|web developer|csrf protection,Csrf Protection Interview Questions and Answers | InterviewPrep,Practice CSRF protection interview questions with practical answers and follow-up guidance for Web Developer candidates.,True
What are the main trade-offs involved in lazy loading?,what-are-the-main-trade-offs-involved-in-lazy-loading,Web Developer,Web Developer,FRESHER,HARD,TECHNICAL,Practical interview preparation for lazy loading.,"This question tests practical judgment around lazy loading. A strong answer should connect the concept to requirements, constraints, measurable outcomes, and appropriate trade-offs rather than giving only a definition.","I would first clarify the goal and constraints related to lazy loading, then choose an approach that is simple, testable, and appropriate for the situation. I would explain the main trade-offs, validate the result with relevant evidence, and document or communicate important decisions. If the situation changes, I would reassess rather than continuing with an approach that no longer fits.",Clarify requirements|Choose an appropriate approach|Explain trade-offs|Validate the result,Giving only a definition|Ignoring constraints|Overengineering|Making claims without evidence,How would you test your approach to lazy loading?|What trade-off would change your decision?,web developer|web developer|lazy loading,Lazy Loading Interview Questions and Answers | InterviewPrep,Practice lazy loading interview questions with practical answers and follow-up guidance for Web Developer candidates.,True
How would you troubleshoot a problem involving image optimization?,how-would-you-troubleshoot-a-problem-involving-image-optimization,Web Developer,Web Developer,MID_LEVEL,MEDIUM,TECHNICAL,Practical interview preparation for image optimization.,"This question tests practical judgment around image optimization. A strong answer should connect the concept to requirements, constraints, measurable outcomes, and appropriate trade-offs rather than giving only a definition.","I would first clarify the goal and constraints related to image optimization, then choose an approach that is simple, testable, and appropriate for the situation. I would explain the main trade-offs, validate the result with relevant evidence, and document or communicate important decisions. If the situation changes, I would reassess rather than continuing with an approach that no longer fits.",Clarify requirements|Choose an appropriate approach|Explain trade-offs|Validate the result,Giving only a definition|Ignoring constraints|Overengineering|Making claims without evidence,How would you test your approach to image optimization?|What trade-off would change your decision?,web developer|web developer|image optimization,Image Optimization Interview Questions and Answers | InterviewPrep,Practice image optimization interview questions with practical answers and follow-up guidance for Web Developer candidates.,True
How would you approach web performance in a Web Developer role?,how-would-you-approach-web-performance-in-a-web-developer-role,Web Developer,Web Developer,FRESHER,EASY,TECHNICAL,Practical interview preparation for web performance.,"This question tests practical judgment around web performance. A strong answer should connect the concept to requirements, constraints, measurable outcomes, and appropriate trade-offs rather than giving only a definition.","I would first clarify the goal and constraints related to web performance, then choose an approach that is simple, testable, and appropriate for the situation. I would explain the main trade-offs, validate the result with relevant evidence, and document or communicate important decisions. If the situation changes, I would reassess rather than continuing with an approach that no longer fits.",Clarify requirements|Choose an appropriate approach|Explain trade-offs|Validate the result,Giving only a definition|Ignoring constraints|Overengineering|Making claims without evidence,How would you test your approach to web performance?|What trade-off would change your decision?,web developer|web developer|web performance,Web Performance Interview Questions and Answers | InterviewPrep,Practice web performance interview questions with practical answers and follow-up guidance for Web Developer candidates.,True
What would you consider when working with keyboard navigation as a Web Developer?,what-would-you-consider-when-working-with-keyboard-navigation-as-a-web-developer,Web Developer,Web Developer,MID_LEVEL,MEDIUM,TECHNICAL,Practical interview preparation for keyboard navigation.,"This question tests practical judgment around keyboard navigation. A strong answer should connect the concept to requirements, constraints, measurable outcomes, and appropriate trade-offs rather than giving only a definition.","I would first clarify the goal and constraints related to keyboard navigation, then choose an approach that is simple, testable, and appropriate for the situation. I would explain the main trade-offs, validate the result with relevant evidence, and document or communicate important decisions. If the situation changes, I would reassess rather than continuing with an approach that no longer fits.",Clarify requirements|Choose an appropriate approach|Explain trade-offs|Validate the result,Giving only a definition|Ignoring constraints|Overengineering|Making claims without evidence,How would you test your approach to keyboard navigation?|What trade-off would change your decision?,web developer|web developer|keyboard navigation,Keyboard Navigation Interview Questions and Answers | InterviewPrep,Practice keyboard navigation interview questions with practical answers and follow-up guidance for Web Developer candidates.,True
How would you explain ARIA usage to an interviewer?,how-would-you-explain-aria-usage-to-an-interviewer,Web Developer,Web Developer,EXPERIENCED,MEDIUM,CASE_STUDY,Practical interview preparation for ARIA usage.,"This question tests practical judgment around ARIA usage. A strong answer should connect the concept to requirements, constraints, measurable outcomes, and appropriate trade-offs rather than giving only a definition.","I would first clarify the goal and constraints related to ARIA usage, then choose an approach that is simple, testable, and appropriate for the situation. I would explain the main trade-offs, validate the result with relevant evidence, and document or communicate important decisions. If the situation changes, I would reassess rather than continuing with an approach that no longer fits.",Clarify requirements|Choose an appropriate approach|Explain trade-offs|Validate the result,Giving only a definition|Ignoring constraints|Overengineering|Making claims without evidence,How would you test your approach to ARIA usage?|What trade-off would change your decision?,web developer|web developer|aria usage,Aria Usage Interview Questions and Answers | InterviewPrep,Practice ARIA usage interview questions with practical answers and follow-up guidance for Web Developer candidates.,True
What are the main trade-offs involved in REST design?,what-are-the-main-trade-offs-involved-in-rest-design,Web Developer,Web Developer,FRESHER,HARD,TECHNICAL,Practical interview preparation for REST design.,"This question tests practical judgment around REST design. A strong answer should connect the concept to requirements, constraints, measurable outcomes, and appropriate trade-offs rather than giving only a definition.","I would first clarify the goal and constraints related to REST design, then choose an approach that is simple, testable, and appropriate for the situation. I would explain the main trade-offs, validate the result with relevant evidence, and document or communicate important decisions. If the situation changes, I would reassess rather than continuing with an approach that no longer fits.",Clarify requirements|Choose an appropriate approach|Explain trade-offs|Validate the result,Giving only a definition|Ignoring constraints|Overengineering|Making claims without evidence,How would you test your approach to REST design?|What trade-off would change your decision?,web developer|web developer|rest design,Rest Design Interview Questions and Answers | InterviewPrep,Practice REST design interview questions with practical answers and follow-up guidance for Web Developer candidates.,True
How would you troubleshoot a problem involving progressive enhancement?,how-would-you-troubleshoot-a-problem-involving-progressive-enhancement,Web Developer,Web Developer,MID_LEVEL,MEDIUM,TECHNICAL,Practical interview preparation for progressive enhancement.,"This question tests practical judgment around progressive enhancement. A strong answer should connect the concept to requirements, constraints, measurable outcomes, and appropriate trade-offs rather than giving only a definition.","I would first clarify the goal and constraints related to progressive enhancement, then choose an approach that is simple, testable, and appropriate for the situation. I would explain the main trade-offs, validate the result with relevant evidence, and document or communicate important decisions. If the situation changes, I would reassess rather than continuing with an approach that no longer fits.",Clarify requirements|Choose an appropriate approach|Explain trade-offs|Validate the result,Giving only a definition|Ignoring constraints|Overengineering|Making claims without evidence,How would you test your approach to progressive enhancement?|What trade-off would change your decision?,web developer|web developer|progressive enhancement,Progressive Enhancement Interview Questions and Answers | InterviewPrep,Practice progressive enhancement interview questions with practical answers and follow-up guidance for Web Developer candidates.,True
How would you approach INNER JOIN in a SQL role?,how-would-you-approach-inner-join-in-a-sql-role,SQL,SQL,FRESHER,EASY,TECHNICAL,Practical interview preparation for INNER JOIN.,"This question tests practical judgment around INNER JOIN. A strong answer should connect the concept to requirements, constraints, measurable outcomes, and appropriate trade-offs rather than giving only a definition.","I would first clarify the goal and constraints related to INNER JOIN, then choose an approach that is simple, testable, and appropriate for the situation. I would explain the main trade-offs, validate the result with relevant evidence, and document or communicate important decisions. If the situation changes, I would reassess rather than continuing with an approach that no longer fits.",Clarify requirements|Choose an appropriate approach|Explain trade-offs|Validate the result,Giving only a definition|Ignoring constraints|Overengineering|Making claims without evidence,How would you test your approach to INNER JOIN?|What trade-off would change your decision?,sql|sql|inner join,Inner Join Interview Questions and Answers | InterviewPrep,Practice INNER JOIN interview questions with practical answers and follow-up guidance for SQL candidates.,True
What would you consider when working with LEFT JOIN as a SQL?,what-would-you-consider-when-working-with-left-join-as-a-sql,SQL,SQL,MID_LEVEL,MEDIUM,TECHNICAL,Practical interview preparation for LEFT JOIN.,"This question tests practical judgment around LEFT JOIN. A strong answer should connect the concept to requirements, constraints, measurable outcomes, and appropriate trade-offs rather than giving only a definition.","I would first clarify the goal and constraints related to LEFT JOIN, then choose an approach that is simple, testable, and appropriate for the situation. I would explain the main trade-offs, validate the result with relevant evidence, and document or communicate important decisions. If the situation changes, I would reassess rather than continuing with an approach that no longer fits.",Clarify requirements|Choose an appropriate approach|Explain trade-offs|Validate the result,Giving only a definition|Ignoring constraints|Overengineering|Making claims without evidence,How would you test your approach to LEFT JOIN?|What trade-off would change your decision?,sql|sql|left join,Left Join Interview Questions and Answers | InterviewPrep,Practice LEFT JOIN interview questions with practical answers and follow-up guidance for SQL candidates.,True
How would you explain GROUP BY to an interviewer?,how-would-you-explain-group-by-to-an-interviewer,SQL,SQL,EXPERIENCED,MEDIUM,CASE_STUDY,Practical interview preparation for GROUP BY.,"This question tests practical judgment around GROUP BY. A strong answer should connect the concept to requirements, constraints, measurable outcomes, and appropriate trade-offs rather than giving only a definition.","I would first clarify the goal and constraints related to GROUP BY, then choose an approach that is simple, testable, and appropriate for the situation. I would explain the main trade-offs, validate the result with relevant evidence, and document or communicate important decisions. If the situation changes, I would reassess rather than continuing with an approach that no longer fits.",Clarify requirements|Choose an appropriate approach|Explain trade-offs|Validate the result,Giving only a definition|Ignoring constraints|Overengineering|Making claims without evidence,How would you test your approach to GROUP BY?|What trade-off would change your decision?,sql|sql|group by,Group By Interview Questions and Answers | InterviewPrep,Practice GROUP BY interview questions with practical answers and follow-up guidance for SQL candidates.,True
What are the main trade-offs involved in HAVING?,what-are-the-main-trade-offs-involved-in-having,SQL,SQL,FRESHER,HARD,TECHNICAL,Practical interview preparation for HAVING.,"This question tests practical judgment around HAVING. A strong answer should connect the concept to requirements, constraints, measurable outcomes, and appropriate trade-offs rather than giving only a definition.","I would first clarify the goal and constraints related to HAVING, then choose an approach that is simple, testable, and appropriate for the situation. I would explain the main trade-offs, validate the result with relevant evidence, and document or communicate important decisions. If the situation changes, I would reassess rather than continuing with an approach that no longer fits.",Clarify requirements|Choose an appropriate approach|Explain trade-offs|Validate the result,Giving only a definition|Ignoring constraints|Overengineering|Making claims without evidence,How would you test your approach to HAVING?|What trade-off would change your decision?,sql|sql|having,Having Interview Questions and Answers | InterviewPrep,Practice HAVING interview questions with practical answers and follow-up guidance for SQL candidates.,True
How would you troubleshoot a problem involving window functions?,how-would-you-troubleshoot-a-problem-involving-window-functions,SQL,SQL,MID_LEVEL,MEDIUM,TECHNICAL,Practical interview preparation for window functions.,"This question tests practical judgment around window functions. A strong answer should connect the concept to requirements, constraints, measurable outcomes, and appropriate trade-offs rather than giving only a definition.","I would first clarify the goal and constraints related to window functions, then choose an approach that is simple, testable, and appropriate for the situation. I would explain the main trade-offs, validate the result with relevant evidence, and document or communicate important decisions. If the situation changes, I would reassess rather than continuing with an approach that no longer fits.",Clarify requirements|Choose an appropriate approach|Explain trade-offs|Validate the result,Giving only a definition|Ignoring constraints|Overengineering|Making claims without evidence,How would you test your approach to window functions?|What trade-off would change your decision?,sql|sql|window functions,Window Functions Interview Questions and Answers | InterviewPrep,Practice window functions interview questions with practical answers and follow-up guidance for SQL candidates.,True
How would you approach CTEs in a SQL role?,how-would-you-approach-ctes-in-a-sql-role,SQL,SQL,FRESHER,EASY,TECHNICAL,Practical interview preparation for CTEs.,"This question tests practical judgment around CTEs. A strong answer should connect the concept to requirements, constraints, measurable outcomes, and appropriate trade-offs rather than giving only a definition.","I would first clarify the goal and constraints related to CTEs, then choose an approach that is simple, testable, and appropriate for the situation. I would explain the main trade-offs, validate the result with relevant evidence, and document or communicate important decisions. If the situation changes, I would reassess rather than continuing with an approach that no longer fits.",Clarify requirements|Choose an appropriate approach|Explain trade-offs|Validate the result,Giving only a definition|Ignoring constraints|Overengineering|Making claims without evidence,How would you test your approach to CTEs?|What trade-off would change your decision?,sql|sql|ctes,Ctes Interview Questions and Answers | InterviewPrep,Practice CTEs interview questions with practical answers and follow-up guidance for SQL candidates.,True
What would you consider when working with subqueries as a SQL?,what-would-you-consider-when-working-with-subqueries-as-a-sql,SQL,SQL,MID_LEVEL,MEDIUM,TECHNICAL,Practical interview preparation for subqueries.,"This question tests practical judgment around subqueries. A strong answer should connect the concept to requirements, constraints, measurable outcomes, and appropriate trade-offs rather than giving only a definition.","I would first clarify the goal and constraints related to subqueries, then choose an approach that is simple, testable, and appropriate for the situation. I would explain the main trade-offs, validate the result with relevant evidence, and document or communicate important decisions. If the situation changes, I would reassess rather than continuing with an approach that no longer fits.",Clarify requirements|Choose an appropriate approach|Explain trade-offs|Validate the result,Giving only a definition|Ignoring constraints|Overengineering|Making claims without evidence,How would you test your approach to subqueries?|What trade-off would change your decision?,sql|sql|subqueries,Subqueries Interview Questions and Answers | InterviewPrep,Practice subqueries interview questions with practical answers and follow-up guidance for SQL candidates.,True
How would you explain indexes to an interviewer?,how-would-you-explain-indexes-to-an-interviewer,SQL,SQL,EXPERIENCED,MEDIUM,CASE_STUDY,Practical interview preparation for indexes.,"This question tests practical judgment around indexes. A strong answer should connect the concept to requirements, constraints, measurable outcomes, and appropriate trade-offs rather than giving only a definition.","I would first clarify the goal and constraints related to indexes, then choose an approach that is simple, testable, and appropriate for the situation. I would explain the main trade-offs, validate the result with relevant evidence, and document or communicate important decisions. If the situation changes, I would reassess rather than continuing with an approach that no longer fits.",Clarify requirements|Choose an appropriate approach|Explain trade-offs|Validate the result,Giving only a definition|Ignoring constraints|Overengineering|Making claims without evidence,How would you test your approach to indexes?|What trade-off would change your decision?,sql|sql|indexes,Indexes Interview Questions and Answers | InterviewPrep,Practice indexes interview questions with practical answers and follow-up guidance for SQL candidates.,True
What are the main trade-offs involved in composite indexes?,what-are-the-main-trade-offs-involved-in-composite-indexes,SQL,SQL,FRESHER,HARD,TECHNICAL,Practical interview preparation for composite indexes.,"This question tests practical judgment around composite indexes. A strong answer should connect the concept to requirements, constraints, measurable outcomes, and appropriate trade-offs rather than giving only a definition.","I would first clarify the goal and constraints related to composite indexes, then choose an approach that is simple, testable, and appropriate for the situation. I would explain the main trade-offs, validate the result with relevant evidence, and document or communicate important decisions. If the situation changes, I would reassess rather than continuing with an approach that no longer fits.",Clarify requirements|Choose an appropriate approach|Explain trade-offs|Validate the result,Giving only a definition|Ignoring constraints|Overengineering|Making claims without evidence,How would you test your approach to composite indexes?|What trade-off would change your decision?,sql|sql|composite indexes,Composite Indexes Interview Questions and Answers | InterviewPrep,Practice composite indexes interview questions with practical answers and follow-up guidance for SQL candidates.,True
How would you troubleshoot a problem involving query plans?,how-would-you-troubleshoot-a-problem-involving-query-plans,SQL,SQL,MID_LEVEL,MEDIUM,TECHNICAL,Practical interview preparation for query plans.,"This question tests practical judgment around query plans. A strong answer should connect the concept to requirements, constraints, measurable outcomes, and appropriate trade-offs rather than giving only a definition.","I would first clarify the goal and constraints related to query plans, then choose an approach that is simple, testable, and appropriate for the situation. I would explain the main trade-offs, validate the result with relevant evidence, and document or communicate important decisions. If the situation changes, I would reassess rather than continuing with an approach that no longer fits.",Clarify requirements|Choose an appropriate approach|Explain trade-offs|Validate the result,Giving only a definition|Ignoring constraints|Overengineering|Making claims without evidence,How would you test your approach to query plans?|What trade-off would change your decision?,sql|sql|query plans,Query Plans Interview Questions and Answers | InterviewPrep,Practice query plans interview questions with practical answers and follow-up guidance for SQL candidates.,True
How would you approach transactions in a SQL role?,how-would-you-approach-transactions-in-a-sql-role,SQL,SQL,FRESHER,EASY,TECHNICAL,Practical interview preparation for transactions.,"This question tests practical judgment around transactions. A strong answer should connect the concept to requirements, constraints, measurable outcomes, and appropriate trade-offs rather than giving only a definition.","I would first clarify the goal and constraints related to transactions, then choose an approach that is simple, testable, and appropriate for the situation. I would explain the main trade-offs, validate the result with relevant evidence, and document or communicate important decisions. If the situation changes, I would reassess rather than continuing with an approach that no longer fits.",Clarify requirements|Choose an appropriate approach|Explain trade-offs|Validate the result,Giving only a definition|Ignoring constraints|Overengineering|Making claims without evidence,How would you test your approach to transactions?|What trade-off would change your decision?,sql|sql|transactions,Transactions Interview Questions and Answers | InterviewPrep,Practice transactions interview questions with practical answers and follow-up guidance for SQL candidates.,True
What would you consider when working with ACID as a SQL?,what-would-you-consider-when-working-with-acid-as-a-sql,SQL,SQL,MID_LEVEL,MEDIUM,TECHNICAL,Practical interview preparation for ACID.,"This question tests practical judgment around ACID. A strong answer should connect the concept to requirements, constraints, measurable outcomes, and appropriate trade-offs rather than giving only a definition.","I would first clarify the goal and constraints related to ACID, then choose an approach that is simple, testable, and appropriate for the situation. I would explain the main trade-offs, validate the result with relevant evidence, and document or communicate important decisions. If the situation changes, I would reassess rather than continuing with an approach that no longer fits.",Clarify requirements|Choose an appropriate approach|Explain trade-offs|Validate the result,Giving only a definition|Ignoring constraints|Overengineering|Making claims without evidence,How would you test your approach to ACID?|What trade-off would change your decision?,sql|sql|acid,Acid Interview Questions and Answers | InterviewPrep,Practice ACID interview questions with practical answers and follow-up guidance for SQL candidates.,True
How would you explain isolation levels to an interviewer?,how-would-you-explain-isolation-levels-to-an-interviewer,SQL,SQL,EXPERIENCED,MEDIUM,CASE_STUDY,Practical interview preparation for isolation levels.,"This question tests practical judgment around isolation levels. A strong answer should connect the concept to requirements, constraints, measurable outcomes, and appropriate trade-offs rather than giving only a definition.","I would first clarify the goal and constraints related to isolation levels, then choose an approach that is simple, testable, and appropriate for the situation. I would explain the main trade-offs, validate the result with relevant evidence, and document or communicate important decisions. If the situation changes, I would reassess rather than continuing with an approach that no longer fits.",Clarify requirements|Choose an appropriate approach|Explain trade-offs|Validate the result,Giving only a definition|Ignoring constraints|Overengineering|Making claims without evidence,How would you test your approach to isolation levels?|What trade-off would change your decision?,sql|sql|isolation levels,Isolation Levels Interview Questions and Answers | InterviewPrep,Practice isolation levels interview questions with practical answers and follow-up guidance for SQL candidates.,True
What are the main trade-offs involved in deadlocks?,what-are-the-main-trade-offs-involved-in-deadlocks,SQL,SQL,FRESHER,HARD,TECHNICAL,Practical interview preparation for deadlocks.,"This question tests practical judgment around deadlocks. A strong answer should connect the concept to requirements, constraints, measurable outcomes, and appropriate trade-offs rather than giving only a definition.","I would first clarify the goal and constraints related to deadlocks, then choose an approach that is simple, testable, and appropriate for the situation. I would explain the main trade-offs, validate the result with relevant evidence, and document or communicate important decisions. If the situation changes, I would reassess rather than continuing with an approach that no longer fits.",Clarify requirements|Choose an appropriate approach|Explain trade-offs|Validate the result,Giving only a definition|Ignoring constraints|Overengineering|Making claims without evidence,How would you test your approach to deadlocks?|What trade-off would change your decision?,sql|sql|deadlocks,Deadlocks Interview Questions and Answers | InterviewPrep,Practice deadlocks interview questions with practical answers and follow-up guidance for SQL candidates.,True
How would you troubleshoot a problem involving normalization?,how-would-you-troubleshoot-a-problem-involving-normalization,SQL,SQL,MID_LEVEL,MEDIUM,TECHNICAL,Practical interview preparation for normalization.,"This question tests practical judgment around normalization. A strong answer should connect the concept to requirements, constraints, measurable outcomes, and appropriate trade-offs rather than giving only a definition.","I would first clarify the goal and constraints related to normalization, then choose an approach that is simple, testable, and appropriate for the situation. I would explain the main trade-offs, validate the result with relevant evidence, and document or communicate important decisions. If the situation changes, I would reassess rather than continuing with an approach that no longer fits.",Clarify requirements|Choose an appropriate approach|Explain trade-offs|Validate the result,Giving only a definition|Ignoring constraints|Overengineering|Making claims without evidence,How would you test your approach to normalization?|What trade-off would change your decision?,sql|sql|normalization,Normalization Interview Questions and Answers | InterviewPrep,Practice normalization interview questions with practical answers and follow-up guidance for SQL candidates.,True
How would you approach denormalization in a SQL role?,how-would-you-approach-denormalization-in-a-sql-role,SQL,SQL,FRESHER,EASY,TECHNICAL,Practical interview preparation for denormalization.,"This question tests practical judgment around denormalization. A strong answer should connect the concept to requirements, constraints, measurable outcomes, and appropriate trade-offs rather than giving only a definition.","I would first clarify the goal and constraints related to denormalization, then choose an approach that is simple, testable, and appropriate for the situation. I would explain the main trade-offs, validate the result with relevant evidence, and document or communicate important decisions. If the situation changes, I would reassess rather than continuing with an approach that no longer fits.",Clarify requirements|Choose an appropriate approach|Explain trade-offs|Validate the result,Giving only a definition|Ignoring constraints|Overengineering|Making claims without evidence,How would you test your approach to denormalization?|What trade-off would change your decision?,sql|sql|denormalization,Denormalization Interview Questions and Answers | InterviewPrep,Practice denormalization interview questions with practical answers and follow-up guidance for SQL candidates.,True
What would you consider when working with NULL semantics as a SQL?,what-would-you-consider-when-working-with-null-semantics-as-a-sql,SQL,SQL,MID_LEVEL,MEDIUM,TECHNICAL,Practical interview preparation for NULL semantics.,"This question tests practical judgment around NULL semantics. A strong answer should connect the concept to requirements, constraints, measurable outcomes, and appropriate trade-offs rather than giving only a definition.","I would first clarify the goal and constraints related to NULL semantics, then choose an approach that is simple, testable, and appropriate for the situation. I would explain the main trade-offs, validate the result with relevant evidence, and document or communicate important decisions. If the situation changes, I would reassess rather than continuing with an approach that no longer fits.",Clarify requirements|Choose an appropriate approach|Explain trade-offs|Validate the result,Giving only a definition|Ignoring constraints|Overengineering|Making claims without evidence,How would you test your approach to NULL semantics?|What trade-off would change your decision?,sql|sql|null semantics,Null Semantics Interview Questions and Answers | InterviewPrep,Practice NULL semantics interview questions with practical answers and follow-up guidance for SQL candidates.,True
How would you explain UPSERT to an interviewer?,how-would-you-explain-upsert-to-an-interviewer,SQL,SQL,EXPERIENCED,MEDIUM,CASE_STUDY,Practical interview preparation for UPSERT.,"This question tests practical judgment around UPSERT. A strong answer should connect the concept to requirements, constraints, measurable outcomes, and appropriate trade-offs rather than giving only a definition.","I would first clarify the goal and constraints related to UPSERT, then choose an approach that is simple, testable, and appropriate for the situation. I would explain the main trade-offs, validate the result with relevant evidence, and document or communicate important decisions. If the situation changes, I would reassess rather than continuing with an approach that no longer fits.",Clarify requirements|Choose an appropriate approach|Explain trade-offs|Validate the result,Giving only a definition|Ignoring constraints|Overengineering|Making claims without evidence,How would you test your approach to UPSERT?|What trade-off would change your decision?,sql|sql|upsert,Upsert Interview Questions and Answers | InterviewPrep,Practice UPSERT interview questions with practical answers and follow-up guidance for SQL candidates.,True
What are the main trade-offs involved in pagination?,what-are-the-main-trade-offs-involved-in-pagination,SQL,SQL,FRESHER,HARD,TECHNICAL,Practical interview preparation for pagination.,"This question tests practical judgment around pagination. A strong answer should connect the concept to requirements, constraints, measurable outcomes, and appropriate trade-offs rather than giving only a definition.","I would first clarify the goal and constraints related to pagination, then choose an approach that is simple, testable, and appropriate for the situation. I would explain the main trade-offs, validate the result with relevant evidence, and document or communicate important decisions. If the situation changes, I would reassess rather than continuing with an approach that no longer fits.",Clarify requirements|Choose an appropriate approach|Explain trade-offs|Validate the result,Giving only a definition|Ignoring constraints|Overengineering|Making claims without evidence,How would you test your approach to pagination?|What trade-off would change your decision?,sql|sql|pagination,Pagination Interview Questions and Answers | InterviewPrep,Practice pagination interview questions with practical answers and follow-up guidance for SQL candidates.,True
How would you troubleshoot a problem involving database constraints?,how-would-you-troubleshoot-a-problem-involving-database-constraints,SQL,SQL,MID_LEVEL,MEDIUM,TECHNICAL,Practical interview preparation for database constraints.,"This question tests practical judgment around database constraints. A strong answer should connect the concept to requirements, constraints, measurable outcomes, and appropriate trade-offs rather than giving only a definition.","I would first clarify the goal and constraints related to database constraints, then choose an approach that is simple, testable, and appropriate for the situation. I would explain the main trade-offs, validate the result with relevant evidence, and document or communicate important decisions. If the situation changes, I would reassess rather than continuing with an approach that no longer fits.",Clarify requirements|Choose an appropriate approach|Explain trade-offs|Validate the result,Giving only a definition|Ignoring constraints|Overengineering|Making claims without evidence,How would you test your approach to database constraints?|What trade-off would change your decision?,sql|sql|database constraints,Database Constraints Interview Questions and Answers | InterviewPrep,Practice database constraints interview questions with practical answers and follow-up guidance for SQL candidates.,True
How would you approach test strategy in a QA Tester role?,how-would-you-approach-test-strategy-in-a-qa-tester-role,QA Tester,QA Tester,FRESHER,EASY,TECHNICAL,Practical interview preparation for test strategy.,"This question tests practical judgment around test strategy. A strong answer should connect the concept to requirements, constraints, measurable outcomes, and appropriate trade-offs rather than giving only a definition.","I would first clarify the goal and constraints related to test strategy, then choose an approach that is simple, testable, and appropriate for the situation. I would explain the main trade-offs, validate the result with relevant evidence, and document or communicate important decisions. If the situation changes, I would reassess rather than continuing with an approach that no longer fits.",Clarify requirements|Choose an appropriate approach|Explain trade-offs|Validate the result,Giving only a definition|Ignoring constraints|Overengineering|Making claims without evidence,How would you test your approach to test strategy?|What trade-off would change your decision?,qa tester|qa tester|test strategy,Test Strategy Interview Questions and Answers | InterviewPrep,Practice test strategy interview questions with practical answers and follow-up guidance for QA Tester candidates.,True
What would you consider when working with risk-based testing as a QA Tester?,what-would-you-consider-when-working-with-risk-based-testing-as-a-qa-tester,QA Tester,QA Tester,MID_LEVEL,MEDIUM,TECHNICAL,Practical interview preparation for risk-based testing.,"This question tests practical judgment around risk-based testing. A strong answer should connect the concept to requirements, constraints, measurable outcomes, and appropriate trade-offs rather than giving only a definition.","I would first clarify the goal and constraints related to risk-based testing, then choose an approach that is simple, testable, and appropriate for the situation. I would explain the main trade-offs, validate the result with relevant evidence, and document or communicate important decisions. If the situation changes, I would reassess rather than continuing with an approach that no longer fits.",Clarify requirements|Choose an appropriate approach|Explain trade-offs|Validate the result,Giving only a definition|Ignoring constraints|Overengineering|Making claims without evidence,How would you test your approach to risk-based testing?|What trade-off would change your decision?,qa tester|qa tester|risk-based testing,Risk-Based Testing Interview Questions and Answers | InterviewPrep,Practice risk-based testing interview questions with practical answers and follow-up guidance for QA Tester candidates.,True
How would you explain test cases to an interviewer?,how-would-you-explain-test-cases-to-an-interviewer,QA Tester,QA Tester,EXPERIENCED,MEDIUM,CASE_STUDY,Practical interview preparation for test cases.,"This question tests practical judgment around test cases. A strong answer should connect the concept to requirements, constraints, measurable outcomes, and appropriate trade-offs rather than giving only a definition.","I would first clarify the goal and constraints related to test cases, then choose an approach that is simple, testable, and appropriate for the situation. I would explain the main trade-offs, validate the result with relevant evidence, and document or communicate important decisions. If the situation changes, I would reassess rather than continuing with an approach that no longer fits.",Clarify requirements|Choose an appropriate approach|Explain trade-offs|Validate the result,Giving only a definition|Ignoring constraints|Overengineering|Making claims without evidence,How would you test your approach to test cases?|What trade-off would change your decision?,qa tester|qa tester|test cases,Test Cases Interview Questions and Answers | InterviewPrep,Practice test cases interview questions with practical answers and follow-up guidance for QA Tester candidates.,True
What are the main trade-offs involved in boundary value analysis?,what-are-the-main-trade-offs-involved-in-boundary-value-analysis,QA Tester,QA Tester,FRESHER,HARD,TECHNICAL,Practical interview preparation for boundary value analysis.,"This question tests practical judgment around boundary value analysis. A strong answer should connect the concept to requirements, constraints, measurable outcomes, and appropriate trade-offs rather than giving only a definition.","I would first clarify the goal and constraints related to boundary value analysis, then choose an approach that is simple, testable, and appropriate for the situation. I would explain the main trade-offs, validate the result with relevant evidence, and document or communicate important decisions. If the situation changes, I would reassess rather than continuing with an approach that no longer fits.",Clarify requirements|Choose an appropriate approach|Explain trade-offs|Validate the result,Giving only a definition|Ignoring constraints|Overengineering|Making claims without evidence,How would you test your approach to boundary value analysis?|What trade-off would change your decision?,qa tester|qa tester|boundary value analysis,Boundary Value Analysis Interview Questions and Answers | InterviewPrep,Practice boundary value analysis interview questions with practical answers and follow-up guidance for QA Tester candidates.,True
How would you troubleshoot a problem involving equivalence partitioning?,how-would-you-troubleshoot-a-problem-involving-equivalence-partitioning,QA Tester,QA Tester,MID_LEVEL,MEDIUM,TECHNICAL,Practical interview preparation for equivalence partitioning.,"This question tests practical judgment around equivalence partitioning. A strong answer should connect the concept to requirements, constraints, measurable outcomes, and appropriate trade-offs rather than giving only a definition.","I would first clarify the goal and constraints related to equivalence partitioning, then choose an approach that is simple, testable, and appropriate for the situation. I would explain the main trade-offs, validate the result with relevant evidence, and document or communicate important decisions. If the situation changes, I would reassess rather than continuing with an approach that no longer fits.",Clarify requirements|Choose an appropriate approach|Explain trade-offs|Validate the result,Giving only a definition|Ignoring constraints|Overengineering|Making claims without evidence,How would you test your approach to equivalence partitioning?|What trade-off would change your decision?,qa tester|qa tester|equivalence partitioning,Equivalence Partitioning Interview Questions and Answers | InterviewPrep,Practice equivalence partitioning interview questions with practical answers and follow-up guidance for QA Tester candidates.,True
How would you approach regression testing in a QA Tester role?,how-would-you-approach-regression-testing-in-a-qa-tester-role,QA Tester,QA Tester,FRESHER,EASY,TECHNICAL,Practical interview preparation for regression testing.,"This question tests practical judgment around regression testing. A strong answer should connect the concept to requirements, constraints, measurable outcomes, and appropriate trade-offs rather than giving only a definition.","I would first clarify the goal and constraints related to regression testing, then choose an approach that is simple, testable, and appropriate for the situation. I would explain the main trade-offs, validate the result with relevant evidence, and document or communicate important decisions. If the situation changes, I would reassess rather than continuing with an approach that no longer fits.",Clarify requirements|Choose an appropriate approach|Explain trade-offs|Validate the result,Giving only a definition|Ignoring constraints|Overengineering|Making claims without evidence,How would you test your approach to regression testing?|What trade-off would change your decision?,qa tester|qa tester|regression testing,Regression Testing Interview Questions and Answers | InterviewPrep,Practice regression testing interview questions with practical answers and follow-up guidance for QA Tester candidates.,True
What would you consider when working with smoke testing as a QA Tester?,what-would-you-consider-when-working-with-smoke-testing-as-a-qa-tester,QA Tester,QA Tester,MID_LEVEL,MEDIUM,TECHNICAL,Practical interview preparation for smoke testing.,"This question tests practical judgment around smoke testing. A strong answer should connect the concept to requirements, constraints, measurable outcomes, and appropriate trade-offs rather than giving only a definition.","I would first clarify the goal and constraints related to smoke testing, then choose an approach that is simple, testable, and appropriate for the situation. I would explain the main trade-offs, validate the result with relevant evidence, and document or communicate important decisions. If the situation changes, I would reassess rather than continuing with an approach that no longer fits.",Clarify requirements|Choose an appropriate approach|Explain trade-offs|Validate the result,Giving only a definition|Ignoring constraints|Overengineering|Making claims without evidence,How would you test your approach to smoke testing?|What trade-off would change your decision?,qa tester|qa tester|smoke testing,Smoke Testing Interview Questions and Answers | InterviewPrep,Practice smoke testing interview questions with practical answers and follow-up guidance for QA Tester candidates.,True
How would you explain integration testing to an interviewer?,how-would-you-explain-integration-testing-to-an-interviewer,QA Tester,QA Tester,EXPERIENCED,MEDIUM,CASE_STUDY,Practical interview preparation for integration testing.,"This question tests practical judgment around integration testing. A strong answer should connect the concept to requirements, constraints, measurable outcomes, and appropriate trade-offs rather than giving only a definition.","I would first clarify the goal and constraints related to integration testing, then choose an approach that is simple, testable, and appropriate for the situation. I would explain the main trade-offs, validate the result with relevant evidence, and document or communicate important decisions. If the situation changes, I would reassess rather than continuing with an approach that no longer fits.",Clarify requirements|Choose an appropriate approach|Explain trade-offs|Validate the result,Giving only a definition|Ignoring constraints|Overengineering|Making claims without evidence,How would you test your approach to integration testing?|What trade-off would change your decision?,qa tester|qa tester|integration testing,Integration Testing Interview Questions and Answers | InterviewPrep,Practice integration testing interview questions with practical answers and follow-up guidance for QA Tester candidates.,True
What are the main trade-offs involved in API testing?,what-are-the-main-trade-offs-involved-in-api-testing,QA Tester,QA Tester,FRESHER,HARD,TECHNICAL,Practical interview preparation for API testing.,"This question tests practical judgment around API testing. A strong answer should connect the concept to requirements, constraints, measurable outcomes, and appropriate trade-offs rather than giving only a definition.","I would first clarify the goal and constraints related to API testing, then choose an approach that is simple, testable, and appropriate for the situation. I would explain the main trade-offs, validate the result with relevant evidence, and document or communicate important decisions. If the situation changes, I would reassess rather than continuing with an approach that no longer fits.",Clarify requirements|Choose an appropriate approach|Explain trade-offs|Validate the result,Giving only a definition|Ignoring constraints|Overengineering|Making claims without evidence,How would you test your approach to API testing?|What trade-off would change your decision?,qa tester|qa tester|api testing,Api Testing Interview Questions and Answers | InterviewPrep,Practice API testing interview questions with practical answers and follow-up guidance for QA Tester candidates.,True
How would you troubleshoot a problem involving UI automation?,how-would-you-troubleshoot-a-problem-involving-ui-automation,QA Tester,QA Tester,MID_LEVEL,MEDIUM,TECHNICAL,Practical interview preparation for UI automation.,"This question tests practical judgment around UI automation. A strong answer should connect the concept to requirements, constraints, measurable outcomes, and appropriate trade-offs rather than giving only a definition.","I would first clarify the goal and constraints related to UI automation, then choose an approach that is simple, testable, and appropriate for the situation. I would explain the main trade-offs, validate the result with relevant evidence, and document or communicate important decisions. If the situation changes, I would reassess rather than continuing with an approach that no longer fits.",Clarify requirements|Choose an appropriate approach|Explain trade-offs|Validate the result,Giving only a definition|Ignoring constraints|Overengineering|Making claims without evidence,How would you test your approach to UI automation?|What trade-off would change your decision?,qa tester|qa tester|ui automation,Ui Automation Interview Questions and Answers | InterviewPrep,Practice UI automation interview questions with practical answers and follow-up guidance for QA Tester candidates.,True
How would you approach test data in a QA Tester role?,how-would-you-approach-test-data-in-a-qa-tester-role,QA Tester,QA Tester,FRESHER,EASY,TECHNICAL,Practical interview preparation for test data.,"This question tests practical judgment around test data. A strong answer should connect the concept to requirements, constraints, measurable outcomes, and appropriate trade-offs rather than giving only a definition.","I would first clarify the goal and constraints related to test data, then choose an approach that is simple, testable, and appropriate for the situation. I would explain the main trade-offs, validate the result with relevant evidence, and document or communicate important decisions. If the situation changes, I would reassess rather than continuing with an approach that no longer fits.",Clarify requirements|Choose an appropriate approach|Explain trade-offs|Validate the result,Giving only a definition|Ignoring constraints|Overengineering|Making claims without evidence,How would you test your approach to test data?|What trade-off would change your decision?,qa tester|qa tester|test data,Test Data Interview Questions and Answers | InterviewPrep,Practice test data interview questions with practical answers and follow-up guidance for QA Tester candidates.,True
What would you consider when working with flaky tests as a QA Tester?,what-would-you-consider-when-working-with-flaky-tests-as-a-qa-tester,QA Tester,QA Tester,MID_LEVEL,MEDIUM,TECHNICAL,Practical interview preparation for flaky tests.,"This question tests practical judgment around flaky tests. A strong answer should connect the concept to requirements, constraints, measurable outcomes, and appropriate trade-offs rather than giving only a definition.","I would first clarify the goal and constraints related to flaky tests, then choose an approach that is simple, testable, and appropriate for the situation. I would explain the main trade-offs, validate the result with relevant evidence, and document or communicate important decisions. If the situation changes, I would reassess rather than continuing with an approach that no longer fits.",Clarify requirements|Choose an appropriate approach|Explain trade-offs|Validate the result,Giving only a definition|Ignoring constraints|Overengineering|Making claims without evidence,How would you test your approach to flaky tests?|What trade-off would change your decision?,qa tester|qa tester|flaky tests,Flaky Tests Interview Questions and Answers | InterviewPrep,Practice flaky tests interview questions with practical answers and follow-up guidance for QA Tester candidates.,True
How would you explain defect severity to an interviewer?,how-would-you-explain-defect-severity-to-an-interviewer,QA Tester,QA Tester,EXPERIENCED,MEDIUM,CASE_STUDY,Practical interview preparation for defect severity.,"This question tests practical judgment around defect severity. A strong answer should connect the concept to requirements, constraints, measurable outcomes, and appropriate trade-offs rather than giving only a definition.","I would first clarify the goal and constraints related to defect severity, then choose an approach that is simple, testable, and appropriate for the situation. I would explain the main trade-offs, validate the result with relevant evidence, and document or communicate important decisions. If the situation changes, I would reassess rather than continuing with an approach that no longer fits.",Clarify requirements|Choose an appropriate approach|Explain trade-offs|Validate the result,Giving only a definition|Ignoring constraints|Overengineering|Making claims without evidence,How would you test your approach to defect severity?|What trade-off would change your decision?,qa tester|qa tester|defect severity,Defect Severity Interview Questions and Answers | InterviewPrep,Practice defect severity interview questions with practical answers and follow-up guidance for QA Tester candidates.,True
What are the main trade-offs involved in defect priority?,what-are-the-main-trade-offs-involved-in-defect-priority,QA Tester,QA Tester,FRESHER,HARD,TECHNICAL,Practical interview preparation for defect priority.,"This question tests practical judgment around defect priority. A strong answer should connect the concept to requirements, constraints, measurable outcomes, and appropriate trade-offs rather than giving only a definition.","I would first clarify the goal and constraints related to defect priority, then choose an approach that is simple, testable, and appropriate for the situation. I would explain the main trade-offs, validate the result with relevant evidence, and document or communicate important decisions. If the situation changes, I would reassess rather than continuing with an approach that no longer fits.",Clarify requirements|Choose an appropriate approach|Explain trade-offs|Validate the result,Giving only a definition|Ignoring constraints|Overengineering|Making claims without evidence,How would you test your approach to defect priority?|What trade-off would change your decision?,qa tester|qa tester|defect priority,Defect Priority Interview Questions and Answers | InterviewPrep,Practice defect priority interview questions with practical answers and follow-up guidance for QA Tester candidates.,True
How would you troubleshoot a problem involving exploratory testing?,how-would-you-troubleshoot-a-problem-involving-exploratory-testing,QA Tester,QA Tester,MID_LEVEL,MEDIUM,TECHNICAL,Practical interview preparation for exploratory testing.,"This question tests practical judgment around exploratory testing. A strong answer should connect the concept to requirements, constraints, measurable outcomes, and appropriate trade-offs rather than giving only a definition.","I would first clarify the goal and constraints related to exploratory testing, then choose an approach that is simple, testable, and appropriate for the situation. I would explain the main trade-offs, validate the result with relevant evidence, and document or communicate important decisions. If the situation changes, I would reassess rather than continuing with an approach that no longer fits.",Clarify requirements|Choose an appropriate approach|Explain trade-offs|Validate the result,Giving only a definition|Ignoring constraints|Overengineering|Making claims without evidence,How would you test your approach to exploratory testing?|What trade-off would change your decision?,qa tester|qa tester|exploratory testing,Exploratory Testing Interview Questions and Answers | InterviewPrep,Practice exploratory testing interview questions with practical answers and follow-up guidance for QA Tester candidates.,True
How would you approach release criteria in a QA Tester role?,how-would-you-approach-release-criteria-in-a-qa-tester-role,QA Tester,QA Tester,FRESHER,EASY,TECHNICAL,Practical interview preparation for release criteria.,"This question tests practical judgment around release criteria. A strong answer should connect the concept to requirements, constraints, measurable outcomes, and appropriate trade-offs rather than giving only a definition.","I would first clarify the goal and constraints related to release criteria, then choose an approach that is simple, testable, and appropriate for the situation. I would explain the main trade-offs, validate the result with relevant evidence, and document or communicate important decisions. If the situation changes, I would reassess rather than continuing with an approach that no longer fits.",Clarify requirements|Choose an appropriate approach|Explain trade-offs|Validate the result,Giving only a definition|Ignoring constraints|Overengineering|Making claims without evidence,How would you test your approach to release criteria?|What trade-off would change your decision?,qa tester|qa tester|release criteria,Release Criteria Interview Questions and Answers | InterviewPrep,Practice release criteria interview questions with practical answers and follow-up guidance for QA Tester candidates.,True
What would you consider when working with traceability as a QA Tester?,what-would-you-consider-when-working-with-traceability-as-a-qa-tester,QA Tester,QA Tester,MID_LEVEL,MEDIUM,TECHNICAL,Practical interview preparation for traceability.,"This question tests practical judgment around traceability. A strong answer should connect the concept to requirements, constraints, measurable outcomes, and appropriate trade-offs rather than giving only a definition.","I would first clarify the goal and constraints related to traceability, then choose an approach that is simple, testable, and appropriate for the situation. I would explain the main trade-offs, validate the result with relevant evidence, and document or communicate important decisions. If the situation changes, I would reassess rather than continuing with an approach that no longer fits.",Clarify requirements|Choose an appropriate approach|Explain trade-offs|Validate the result,Giving only a definition|Ignoring constraints|Overengineering|Making claims without evidence,How would you test your approach to traceability?|What trade-off would change your decision?,qa tester|qa tester|traceability,Traceability Interview Questions and Answers | InterviewPrep,Practice traceability interview questions with practical answers and follow-up guidance for QA Tester candidates.,True
How would you explain test environment management to an interviewer?,how-would-you-explain-test-environment-management-to-an-interviewer,QA Tester,QA Tester,EXPERIENCED,MEDIUM,CASE_STUDY,Practical interview preparation for test environment management.,"This question tests practical judgment around test environment management. A strong answer should connect the concept to requirements, constraints, measurable outcomes, and appropriate trade-offs rather than giving only a definition.","I would first clarify the goal and constraints related to test environment management, then choose an approach that is simple, testable, and appropriate for the situation. I would explain the main trade-offs, validate the result with relevant evidence, and document or communicate important decisions. If the situation changes, I would reassess rather than continuing with an approach that no longer fits.",Clarify requirements|Choose an appropriate approach|Explain trade-offs|Validate the result,Giving only a definition|Ignoring constraints|Overengineering|Making claims without evidence,How would you test your approach to test environment management?|What trade-off would change your decision?,qa tester|qa tester|test environment management,Test Environment Management Interview Questions and Answers | InterviewPrep,Practice test environment management interview questions with practical answers and follow-up guidance for QA Tester candidates.,True
What are the main trade-offs involved in negative testing?,what-are-the-main-trade-offs-involved-in-negative-testing,QA Tester,QA Tester,FRESHER,HARD,TECHNICAL,Practical interview preparation for negative testing.,"This question tests practical judgment around negative testing. A strong answer should connect the concept to requirements, constraints, measurable outcomes, and appropriate trade-offs rather than giving only a definition.","I would first clarify the goal and constraints related to negative testing, then choose an approach that is simple, testable, and appropriate for the situation. I would explain the main trade-offs, validate the result with relevant evidence, and document or communicate important decisions. If the situation changes, I would reassess rather than continuing with an approach that no longer fits.",Clarify requirements|Choose an appropriate approach|Explain trade-offs|Validate the result,Giving only a definition|Ignoring constraints|Overengineering|Making claims without evidence,How would you test your approach to negative testing?|What trade-off would change your decision?,qa tester|qa tester|negative testing,Negative Testing Interview Questions and Answers | InterviewPrep,Practice negative testing interview questions with practical answers and follow-up guidance for QA Tester candidates.,True
How would you troubleshoot a problem involving production incidents?,how-would-you-troubleshoot-a-problem-involving-production-incidents,QA Tester,QA Tester,MID_LEVEL,MEDIUM,TECHNICAL,Practical interview preparation for production incidents.,"This question tests practical judgment around production incidents. A strong answer should connect the concept to requirements, constraints, measurable outcomes, and appropriate trade-offs rather than giving only a definition.","I would first clarify the goal and constraints related to production incidents, then choose an approach that is simple, testable, and appropriate for the situation. I would explain the main trade-offs, validate the result with relevant evidence, and document or communicate important decisions. If the situation changes, I would reassess rather than continuing with an approach that no longer fits.",Clarify requirements|Choose an appropriate approach|Explain trade-offs|Validate the result,Giving only a definition|Ignoring constraints|Overengineering|Making claims without evidence,How would you test your approach to production incidents?|What trade-off would change your decision?,qa tester|qa tester|production incidents,Production Incidents Interview Questions and Answers | InterviewPrep,Practice production incidents interview questions with practical answers and follow-up guidance for QA Tester candidates.,True
How would you approach metric definitions in a Data Analyst role?,how-would-you-approach-metric-definitions-in-a-data-analyst-role,Data Analyst,Data Analyst,FRESHER,EASY,TECHNICAL,Practical interview preparation for metric definitions.,"This question tests practical judgment around metric definitions. A strong answer should connect the concept to requirements, constraints, measurable outcomes, and appropriate trade-offs rather than giving only a definition.","I would first clarify the goal and constraints related to metric definitions, then choose an approach that is simple, testable, and appropriate for the situation. I would explain the main trade-offs, validate the result with relevant evidence, and document or communicate important decisions. If the situation changes, I would reassess rather than continuing with an approach that no longer fits.",Clarify requirements|Choose an appropriate approach|Explain trade-offs|Validate the result,Giving only a definition|Ignoring constraints|Overengineering|Making claims without evidence,How would you test your approach to metric definitions?|What trade-off would change your decision?,data analyst|data analyst|metric definitions,Metric Definitions Interview Questions and Answers | InterviewPrep,Practice metric definitions interview questions with practical answers and follow-up guidance for Data Analyst candidates.,True
What would you consider when working with data validation as a Data Analyst?,what-would-you-consider-when-working-with-data-validation-as-a-data-analyst,Data Analyst,Data Analyst,MID_LEVEL,MEDIUM,TECHNICAL,Practical interview preparation for data validation.,"This question tests practical judgment around data validation. A strong answer should connect the concept to requirements, constraints, measurable outcomes, and appropriate trade-offs rather than giving only a definition.","I would first clarify the goal and constraints related to data validation, then choose an approach that is simple, testable, and appropriate for the situation. I would explain the main trade-offs, validate the result with relevant evidence, and document or communicate important decisions. If the situation changes, I would reassess rather than continuing with an approach that no longer fits.",Clarify requirements|Choose an appropriate approach|Explain trade-offs|Validate the result,Giving only a definition|Ignoring constraints|Overengineering|Making claims without evidence,How would you test your approach to data validation?|What trade-off would change your decision?,data analyst|data analyst|data validation,Data Validation Interview Questions and Answers | InterviewPrep,Practice data validation interview questions with practical answers and follow-up guidance for Data Analyst candidates.,True
How would you explain missing values to an interviewer?,how-would-you-explain-missing-values-to-an-interviewer,Data Analyst,Data Analyst,EXPERIENCED,MEDIUM,CASE_STUDY,Practical interview preparation for missing values.,"This question tests practical judgment around missing values. A strong answer should connect the concept to requirements, constraints, measurable outcomes, and appropriate trade-offs rather than giving only a definition.","I would first clarify the goal and constraints related to missing values, then choose an approach that is simple, testable, and appropriate for the situation. I would explain the main trade-offs, validate the result with relevant evidence, and document or communicate important decisions. If the situation changes, I would reassess rather than continuing with an approach that no longer fits.",Clarify requirements|Choose an appropriate approach|Explain trade-offs|Validate the result,Giving only a definition|Ignoring constraints|Overengineering|Making claims without evidence,How would you test your approach to missing values?|What trade-off would change your decision?,data analyst|data analyst|missing values,Missing Values Interview Questions and Answers | InterviewPrep,Practice missing values interview questions with practical answers and follow-up guidance for Data Analyst candidates.,True
What are the main trade-offs involved in outlier analysis?,what-are-the-main-trade-offs-involved-in-outlier-analysis,Data Analyst,Data Analyst,FRESHER,HARD,TECHNICAL,Practical interview preparation for outlier analysis.,"This question tests practical judgment around outlier analysis. A strong answer should connect the concept to requirements, constraints, measurable outcomes, and appropriate trade-offs rather than giving only a definition.","I would first clarify the goal and constraints related to outlier analysis, then choose an approach that is simple, testable, and appropriate for the situation. I would explain the main trade-offs, validate the result with relevant evidence, and document or communicate important decisions. If the situation changes, I would reassess rather than continuing with an approach that no longer fits.",Clarify requirements|Choose an appropriate approach|Explain trade-offs|Validate the result,Giving only a definition|Ignoring constraints|Overengineering|Making claims without evidence,How would you test your approach to outlier analysis?|What trade-off would change your decision?,data analyst|data analyst|outlier analysis,Outlier Analysis Interview Questions and Answers | InterviewPrep,Practice outlier analysis interview questions with practical answers and follow-up guidance for Data Analyst candidates.,True
How would you troubleshoot a problem involving SQL aggregation?,how-would-you-troubleshoot-a-problem-involving-sql-aggregation,Data Analyst,Data Analyst,MID_LEVEL,MEDIUM,TECHNICAL,Practical interview preparation for SQL aggregation.,"This question tests practical judgment around SQL aggregation. A strong answer should connect the concept to requirements, constraints, measurable outcomes, and appropriate trade-offs rather than giving only a definition.","I would first clarify the goal and constraints related to SQL aggregation, then choose an approach that is simple, testable, and appropriate for the situation. I would explain the main trade-offs, validate the result with relevant evidence, and document or communicate important decisions. If the situation changes, I would reassess rather than continuing with an approach that no longer fits.",Clarify requirements|Choose an appropriate approach|Explain trade-offs|Validate the result,Giving only a definition|Ignoring constraints|Overengineering|Making claims without evidence,How would you test your approach to SQL aggregation?|What trade-off would change your decision?,data analyst|data analyst|sql aggregation,Sql Aggregation Interview Questions and Answers | InterviewPrep,Practice SQL aggregation interview questions with practical answers and follow-up guidance for Data Analyst candidates.,True
How would you approach window functions in a Data Analyst role?,how-would-you-approach-window-functions-in-a-data-analyst-role,Data Analyst,Data Analyst,FRESHER,EASY,TECHNICAL,Practical interview preparation for window functions.,"This question tests practical judgment around window functions. A strong answer should connect the concept to requirements, constraints, measurable outcomes, and appropriate trade-offs rather than giving only a definition.","I would first clarify the goal and constraints related to window functions, then choose an approach that is simple, testable, and appropriate for the situation. I would explain the main trade-offs, validate the result with relevant evidence, and document or communicate important decisions. If the situation changes, I would reassess rather than continuing with an approach that no longer fits.",Clarify requirements|Choose an appropriate approach|Explain trade-offs|Validate the result,Giving only a definition|Ignoring constraints|Overengineering|Making claims without evidence,How would you test your approach to window functions?|What trade-off would change your decision?,data analyst|data analyst|window functions,Window Functions Interview Questions and Answers | InterviewPrep,Practice window functions interview questions with practical answers and follow-up guidance for Data Analyst candidates.,True
What would you consider when working with cohort analysis as a Data Analyst?,what-would-you-consider-when-working-with-cohort-analysis-as-a-data-analyst,Data Analyst,Data Analyst,MID_LEVEL,MEDIUM,TECHNICAL,Practical interview preparation for cohort analysis.,"This question tests practical judgment around cohort analysis. A strong answer should connect the concept to requirements, constraints, measurable outcomes, and appropriate trade-offs rather than giving only a definition.","I would first clarify the goal and constraints related to cohort analysis, then choose an approach that is simple, testable, and appropriate for the situation. I would explain the main trade-offs, validate the result with relevant evidence, and document or communicate important decisions. If the situation changes, I would reassess rather than continuing with an approach that no longer fits.",Clarify requirements|Choose an appropriate approach|Explain trade-offs|Validate the result,Giving only a definition|Ignoring constraints|Overengineering|Making claims without evidence,How would you test your approach to cohort analysis?|What trade-off would change your decision?,data analyst|data analyst|cohort analysis,Cohort Analysis Interview Questions and Answers | InterviewPrep,Practice cohort analysis interview questions with practical answers and follow-up guidance for Data Analyst candidates.,True
How would you explain funnel analysis to an interviewer?,how-would-you-explain-funnel-analysis-to-an-interviewer,Data Analyst,Data Analyst,EXPERIENCED,MEDIUM,CASE_STUDY,Practical interview preparation for funnel analysis.,"This question tests practical judgment around funnel analysis. A strong answer should connect the concept to requirements, constraints, measurable outcomes, and appropriate trade-offs rather than giving only a definition.","I would first clarify the goal and constraints related to funnel analysis, then choose an approach that is simple, testable, and appropriate for the situation. I would explain the main trade-offs, validate the result with relevant evidence, and document or communicate important decisions. If the situation changes, I would reassess rather than continuing with an approach that no longer fits.",Clarify requirements|Choose an appropriate approach|Explain trade-offs|Validate the result,Giving only a definition|Ignoring constraints|Overengineering|Making claims without evidence,How would you test your approach to funnel analysis?|What trade-off would change your decision?,data analyst|data analyst|funnel analysis,Funnel Analysis Interview Questions and Answers | InterviewPrep,Practice funnel analysis interview questions with practical answers and follow-up guidance for Data Analyst candidates.,True
What are the main trade-offs involved in segmentation?,what-are-the-main-trade-offs-involved-in-segmentation,Data Analyst,Data Analyst,FRESHER,HARD,TECHNICAL,Practical interview preparation for segmentation.,"This question tests practical judgment around segmentation. A strong answer should connect the concept to requirements, constraints, measurable outcomes, and appropriate trade-offs rather than giving only a definition.","I would first clarify the goal and constraints related to segmentation, then choose an approach that is simple, testable, and appropriate for the situation. I would explain the main trade-offs, validate the result with relevant evidence, and document or communicate important decisions. If the situation changes, I would reassess rather than continuing with an approach that no longer fits.",Clarify requirements|Choose an appropriate approach|Explain trade-offs|Validate the result,Giving only a definition|Ignoring constraints|Overengineering|Making claims without evidence,How would you test your approach to segmentation?|What trade-off would change your decision?,data analyst|data analyst|segmentation,Segmentation Interview Questions and Answers | InterviewPrep,Practice segmentation interview questions with practical answers and follow-up guidance for Data Analyst candidates.,True
How would you troubleshoot a problem involving A/B test interpretation?,how-would-you-troubleshoot-a-problem-involving-a-b-test-interpretation,Data Analyst,Data Analyst,MID_LEVEL,MEDIUM,TECHNICAL,Practical interview preparation for A/B test interpretation.,"This question tests practical judgment around A/B test interpretation. A strong answer should connect the concept to requirements, constraints, measurable outcomes, and appropriate trade-offs rather than giving only a definition.","I would first clarify the goal and constraints related to A/B test interpretation, then choose an approach that is simple, testable, and appropriate for the situation. I would explain the main trade-offs, validate the result with relevant evidence, and document or communicate important decisions. If the situation changes, I would reassess rather than continuing with an approach that no longer fits.",Clarify requirements|Choose an appropriate approach|Explain trade-offs|Validate the result,Giving only a definition|Ignoring constraints|Overengineering|Making claims without evidence,How would you test your approach to A/B test interpretation?|What trade-off would change your decision?,data analyst|data analyst|a/b test interpretation,A/B Test Interpretation Interview Questions and Answers | InterviewPrep,Practice A/B test interpretation interview questions with practical answers and follow-up guidance for Data Analyst candidates.,True
How would you approach correlation versus causation in a Data Analyst role?,how-would-you-approach-correlation-versus-causation-in-a-data-analyst-role,Data Analyst,Data Analyst,FRESHER,EASY,TECHNICAL,Practical interview preparation for correlation versus causation.,"This question tests practical judgment around correlation versus causation. A strong answer should connect the concept to requirements, constraints, measurable outcomes, and appropriate trade-offs rather than giving only a definition.","I would first clarify the goal and constraints related to correlation versus causation, then choose an approach that is simple, testable, and appropriate for the situation. I would explain the main trade-offs, validate the result with relevant evidence, and document or communicate important decisions. If the situation changes, I would reassess rather than continuing with an approach that no longer fits.",Clarify requirements|Choose an appropriate approach|Explain trade-offs|Validate the result,Giving only a definition|Ignoring constraints|Overengineering|Making claims without evidence,How would you test your approach to correlation versus causation?|What trade-off would change your decision?,data analyst|data analyst|correlation versus causation,Correlation Versus Causation Interview Questions and Answers | InterviewPrep,Practice correlation versus causation interview questions with practical answers and follow-up guidance for Data Analyst candidates.,True
What would you consider when working with confidence intervals as a Data Analyst?,what-would-you-consider-when-working-with-confidence-intervals-as-a-data-analyst,Data Analyst,Data Analyst,MID_LEVEL,MEDIUM,TECHNICAL,Practical interview preparation for confidence intervals.,"This question tests practical judgment around confidence intervals. A strong answer should connect the concept to requirements, constraints, measurable outcomes, and appropriate trade-offs rather than giving only a definition.","I would first clarify the goal and constraints related to confidence intervals, then choose an approach that is simple, testable, and appropriate for the situation. I would explain the main trade-offs, validate the result with relevant evidence, and document or communicate important decisions. If the situation changes, I would reassess rather than continuing with an approach that no longer fits.",Clarify requirements|Choose an appropriate approach|Explain trade-offs|Validate the result,Giving only a definition|Ignoring constraints|Overengineering|Making claims without evidence,How would you test your approach to confidence intervals?|What trade-off would change your decision?,data analyst|data analyst|confidence intervals,Confidence Intervals Interview Questions and Answers | InterviewPrep,Practice confidence intervals interview questions with practical answers and follow-up guidance for Data Analyst candidates.,True
How would you explain sampling bias to an interviewer?,how-would-you-explain-sampling-bias-to-an-interviewer,Data Analyst,Data Analyst,EXPERIENCED,MEDIUM,CASE_STUDY,Practical interview preparation for sampling bias.,"This question tests practical judgment around sampling bias. A strong answer should connect the concept to requirements, constraints, measurable outcomes, and appropriate trade-offs rather than giving only a definition.","I would first clarify the goal and constraints related to sampling bias, then choose an approach that is simple, testable, and appropriate for the situation. I would explain the main trade-offs, validate the result with relevant evidence, and document or communicate important decisions. If the situation changes, I would reassess rather than continuing with an approach that no longer fits.",Clarify requirements|Choose an appropriate approach|Explain trade-offs|Validate the result,Giving only a definition|Ignoring constraints|Overengineering|Making claims without evidence,How would you test your approach to sampling bias?|What trade-off would change your decision?,data analyst|data analyst|sampling bias,Sampling Bias Interview Questions and Answers | InterviewPrep,Practice sampling bias interview questions with practical answers and follow-up guidance for Data Analyst candidates.,True
What are the main trade-offs involved in dashboard design?,what-are-the-main-trade-offs-involved-in-dashboard-design,Data Analyst,Data Analyst,FRESHER,HARD,TECHNICAL,Practical interview preparation for dashboard design.,"This question tests practical judgment around dashboard design. A strong answer should connect the concept to requirements, constraints, measurable outcomes, and appropriate trade-offs rather than giving only a definition.","I would first clarify the goal and constraints related to dashboard design, then choose an approach that is simple, testable, and appropriate for the situation. I would explain the main trade-offs, validate the result with relevant evidence, and document or communicate important decisions. If the situation changes, I would reassess rather than continuing with an approach that no longer fits.",Clarify requirements|Choose an appropriate approach|Explain trade-offs|Validate the result,Giving only a definition|Ignoring constraints|Overengineering|Making claims without evidence,How would you test your approach to dashboard design?|What trade-off would change your decision?,data analyst|data analyst|dashboard design,Dashboard Design Interview Questions and Answers | InterviewPrep,Practice dashboard design interview questions with practical answers and follow-up guidance for Data Analyst candidates.,True
How would you troubleshoot a problem involving data storytelling?,how-would-you-troubleshoot-a-problem-involving-data-storytelling,Data Analyst,Data Analyst,MID_LEVEL,MEDIUM,TECHNICAL,Practical interview preparation for data storytelling.,"This question tests practical judgment around data storytelling. A strong answer should connect the concept to requirements, constraints, measurable outcomes, and appropriate trade-offs rather than giving only a definition.","I would first clarify the goal and constraints related to data storytelling, then choose an approach that is simple, testable, and appropriate for the situation. I would explain the main trade-offs, validate the result with relevant evidence, and document or communicate important decisions. If the situation changes, I would reassess rather than continuing with an approach that no longer fits.",Clarify requirements|Choose an appropriate approach|Explain trade-offs|Validate the result,Giving only a definition|Ignoring constraints|Overengineering|Making claims without evidence,How would you test your approach to data storytelling?|What trade-off would change your decision?,data analyst|data analyst|data storytelling,Data Storytelling Interview Questions and Answers | InterviewPrep,Practice data storytelling interview questions with practical answers and follow-up guidance for Data Analyst candidates.,True
How would you approach forecast variance in a Data Analyst role?,how-would-you-approach-forecast-variance-in-a-data-analyst-role,Data Analyst,Data Analyst,FRESHER,EASY,TECHNICAL,Practical interview preparation for forecast variance.,"This question tests practical judgment around forecast variance. A strong answer should connect the concept to requirements, constraints, measurable outcomes, and appropriate trade-offs rather than giving only a definition.","I would first clarify the goal and constraints related to forecast variance, then choose an approach that is simple, testable, and appropriate for the situation. I would explain the main trade-offs, validate the result with relevant evidence, and document or communicate important decisions. If the situation changes, I would reassess rather than continuing with an approach that no longer fits.",Clarify requirements|Choose an appropriate approach|Explain trade-offs|Validate the result,Giving only a definition|Ignoring constraints|Overengineering|Making claims without evidence,How would you test your approach to forecast variance?|What trade-off would change your decision?,data analyst|data analyst|forecast variance,Forecast Variance Interview Questions and Answers | InterviewPrep,Practice forecast variance interview questions with practical answers and follow-up guidance for Data Analyst candidates.,True
What would you consider when working with data reconciliation as a Data Analyst?,what-would-you-consider-when-working-with-data-reconciliation-as-a-data-analyst,Data Analyst,Data Analyst,MID_LEVEL,MEDIUM,TECHNICAL,Practical interview preparation for data reconciliation.,"This question tests practical judgment around data reconciliation. A strong answer should connect the concept to requirements, constraints, measurable outcomes, and appropriate trade-offs rather than giving only a definition.","I would first clarify the goal and constraints related to data reconciliation, then choose an approach that is simple, testable, and appropriate for the situation. I would explain the main trade-offs, validate the result with relevant evidence, and document or communicate important decisions. If the situation changes, I would reassess rather than continuing with an approach that no longer fits.",Clarify requirements|Choose an appropriate approach|Explain trade-offs|Validate the result,Giving only a definition|Ignoring constraints|Overengineering|Making claims without evidence,How would you test your approach to data reconciliation?|What trade-off would change your decision?,data analyst|data analyst|data reconciliation,Data Reconciliation Interview Questions and Answers | InterviewPrep,Practice data reconciliation interview questions with practical answers and follow-up guidance for Data Analyst candidates.,True
How would you explain experiment guardrails to an interviewer?,how-would-you-explain-experiment-guardrails-to-an-interviewer,Data Analyst,Data Analyst,EXPERIENCED,MEDIUM,CASE_STUDY,Practical interview preparation for experiment guardrails.,"This question tests practical judgment around experiment guardrails. A strong answer should connect the concept to requirements, constraints, measurable outcomes, and appropriate trade-offs rather than giving only a definition.","I would first clarify the goal and constraints related to experiment guardrails, then choose an approach that is simple, testable, and appropriate for the situation. I would explain the main trade-offs, validate the result with relevant evidence, and document or communicate important decisions. If the situation changes, I would reassess rather than continuing with an approach that no longer fits.",Clarify requirements|Choose an appropriate approach|Explain trade-offs|Validate the result,Giving only a definition|Ignoring constraints|Overengineering|Making claims without evidence,How would you test your approach to experiment guardrails?|What trade-off would change your decision?,data analyst|data analyst|experiment guardrails,Experiment Guardrails Interview Questions and Answers | InterviewPrep,Practice experiment guardrails interview questions with practical answers and follow-up guidance for Data Analyst candidates.,True
What are the main trade-offs involved in stakeholder requirements?,what-are-the-main-trade-offs-involved-in-stakeholder-requirements,Data Analyst,Data Analyst,FRESHER,HARD,TECHNICAL,Practical interview preparation for stakeholder requirements.,"This question tests practical judgment around stakeholder requirements. A strong answer should connect the concept to requirements, constraints, measurable outcomes, and appropriate trade-offs rather than giving only a definition.","I would first clarify the goal and constraints related to stakeholder requirements, then choose an approach that is simple, testable, and appropriate for the situation. I would explain the main trade-offs, validate the result with relevant evidence, and document or communicate important decisions. If the situation changes, I would reassess rather than continuing with an approach that no longer fits.",Clarify requirements|Choose an appropriate approach|Explain trade-offs|Validate the result,Giving only a definition|Ignoring constraints|Overengineering|Making claims without evidence,How would you test your approach to stakeholder requirements?|What trade-off would change your decision?,data analyst|data analyst|stakeholder requirements,Stakeholder Requirements Interview Questions and Answers | InterviewPrep,Practice stakeholder requirements interview questions with practical answers and follow-up guidance for Data Analyst candidates.,True
How would you troubleshoot a problem involving analytical assumptions?,how-would-you-troubleshoot-a-problem-involving-analytical-assumptions,Data Analyst,Data Analyst,MID_LEVEL,MEDIUM,TECHNICAL,Practical interview preparation for analytical assumptions.,"This question tests practical judgment around analytical assumptions. A strong answer should connect the concept to requirements, constraints, measurable outcomes, and appropriate trade-offs rather than giving only a definition.","I would first clarify the goal and constraints related to analytical assumptions, then choose an approach that is simple, testable, and appropriate for the situation. I would explain the main trade-offs, validate the result with relevant evidence, and document or communicate important decisions. If the situation changes, I would reassess rather than continuing with an approach that no longer fits.",Clarify requirements|Choose an appropriate approach|Explain trade-offs|Validate the result,Giving only a definition|Ignoring constraints|Overengineering|Making claims without evidence,How would you test your approach to analytical assumptions?|What trade-off would change your decision?,data analyst|data analyst|analytical assumptions,Analytical Assumptions Interview Questions and Answers | InterviewPrep,Practice analytical assumptions interview questions with practical answers and follow-up guidance for Data Analyst candidates.,True
How would you approach discovery questions in a Sales role?,how-would-you-approach-discovery-questions-in-a-sales-role,Sales,Sales,FRESHER,EASY,BEHAVIORAL,Practical interview preparation for discovery questions.,"This question tests practical judgment around discovery questions. A strong answer should connect the concept to requirements, constraints, measurable outcomes, and appropriate trade-offs rather than giving only a definition.","I would first clarify the goal and constraints related to discovery questions, then choose an approach that is simple, testable, and appropriate for the situation. I would explain the main trade-offs, validate the result with relevant evidence, and document or communicate important decisions. If the situation changes, I would reassess rather than continuing with an approach that no longer fits.",Clarify requirements|Choose an appropriate approach|Explain trade-offs|Validate the result,Giving only a definition|Ignoring constraints|Overengineering|Making claims without evidence,How would you test your approach to discovery questions?|What trade-off would change your decision?,sales|sales|discovery questions,Discovery Questions Interview Questions and Answers | InterviewPrep,Practice discovery questions interview questions with practical answers and follow-up guidance for Sales candidates.,True
What would you consider when working with lead qualification as a Sales?,what-would-you-consider-when-working-with-lead-qualification-as-a-sales,Sales,Sales,MID_LEVEL,MEDIUM,BEHAVIORAL,Practical interview preparation for lead qualification.,"This question tests practical judgment around lead qualification. A strong answer should connect the concept to requirements, constraints, measurable outcomes, and appropriate trade-offs rather than giving only a definition.","I would first clarify the goal and constraints related to lead qualification, then choose an approach that is simple, testable, and appropriate for the situation. I would explain the main trade-offs, validate the result with relevant evidence, and document or communicate important decisions. If the situation changes, I would reassess rather than continuing with an approach that no longer fits.",Clarify requirements|Choose an appropriate approach|Explain trade-offs|Validate the result,Giving only a definition|Ignoring constraints|Overengineering|Making claims without evidence,How would you test your approach to lead qualification?|What trade-off would change your decision?,sales|sales|lead qualification,Lead Qualification Interview Questions and Answers | InterviewPrep,Practice lead qualification interview questions with practical answers and follow-up guidance for Sales candidates.,True
How would you explain value proposition to an interviewer?,how-would-you-explain-value-proposition-to-an-interviewer,Sales,Sales,EXPERIENCED,MEDIUM,CASE_STUDY,Practical interview preparation for value proposition.,"This question tests practical judgment around value proposition. A strong answer should connect the concept to requirements, constraints, measurable outcomes, and appropriate trade-offs rather than giving only a definition.","I would first clarify the goal and constraints related to value proposition, then choose an approach that is simple, testable, and appropriate for the situation. I would explain the main trade-offs, validate the result with relevant evidence, and document or communicate important decisions. If the situation changes, I would reassess rather than continuing with an approach that no longer fits.",Clarify requirements|Choose an appropriate approach|Explain trade-offs|Validate the result,Giving only a definition|Ignoring constraints|Overengineering|Making claims without evidence,How would you test your approach to value proposition?|What trade-off would change your decision?,sales|sales|value proposition,Value Proposition Interview Questions and Answers | InterviewPrep,Practice value proposition interview questions with practical answers and follow-up guidance for Sales candidates.,True
What are the main trade-offs involved in objection handling?,what-are-the-main-trade-offs-involved-in-objection-handling,Sales,Sales,FRESHER,HARD,SITUATIONAL,Practical interview preparation for objection handling.,"This question tests practical judgment around objection handling. A strong answer should connect the concept to requirements, constraints, measurable outcomes, and appropriate trade-offs rather than giving only a definition.","I would first clarify the goal and constraints related to objection handling, then choose an approach that is simple, testable, and appropriate for the situation. I would explain the main trade-offs, validate the result with relevant evidence, and document or communicate important decisions. If the situation changes, I would reassess rather than continuing with an approach that no longer fits.",Clarify requirements|Choose an appropriate approach|Explain trade-offs|Validate the result,Giving only a definition|Ignoring constraints|Overengineering|Making claims without evidence,How would you test your approach to objection handling?|What trade-off would change your decision?,sales|sales|objection handling,Objection Handling Interview Questions and Answers | InterviewPrep,Practice objection handling interview questions with practical answers and follow-up guidance for Sales candidates.,True
How would you troubleshoot a problem involving pipeline hygiene?,how-would-you-troubleshoot-a-problem-involving-pipeline-hygiene,Sales,Sales,MID_LEVEL,MEDIUM,HR,Practical interview preparation for pipeline hygiene.,"This question tests practical judgment around pipeline hygiene. A strong answer should connect the concept to requirements, constraints, measurable outcomes, and appropriate trade-offs rather than giving only a definition.","I would first clarify the goal and constraints related to pipeline hygiene, then choose an approach that is simple, testable, and appropriate for the situation. I would explain the main trade-offs, validate the result with relevant evidence, and document or communicate important decisions. If the situation changes, I would reassess rather than continuing with an approach that no longer fits.",Clarify requirements|Choose an appropriate approach|Explain trade-offs|Validate the result,Giving only a definition|Ignoring constraints|Overengineering|Making claims without evidence,How would you test your approach to pipeline hygiene?|What trade-off would change your decision?,sales|sales|pipeline hygiene,Pipeline Hygiene Interview Questions and Answers | InterviewPrep,Practice pipeline hygiene interview questions with practical answers and follow-up guidance for Sales candidates.,True
How would you approach forecasting in a Sales role?,how-would-you-approach-forecasting-in-a-sales-role,Sales,Sales,FRESHER,EASY,BEHAVIORAL,Practical interview preparation for forecasting.,"This question tests practical judgment around forecasting. A strong answer should connect the concept to requirements, constraints, measurable outcomes, and appropriate trade-offs rather than giving only a definition.","I would first clarify the goal and constraints related to forecasting, then choose an approach that is simple, testable, and appropriate for the situation. I would explain the main trade-offs, validate the result with relevant evidence, and document or communicate important decisions. If the situation changes, I would reassess rather than continuing with an approach that no longer fits.",Clarify requirements|Choose an appropriate approach|Explain trade-offs|Validate the result,Giving only a definition|Ignoring constraints|Overengineering|Making claims without evidence,How would you test your approach to forecasting?|What trade-off would change your decision?,sales|sales|forecasting,Forecasting Interview Questions and Answers | InterviewPrep,Practice forecasting interview questions with practical answers and follow-up guidance for Sales candidates.,True
What would you consider when working with account research as a Sales?,what-would-you-consider-when-working-with-account-research-as-a-sales,Sales,Sales,MID_LEVEL,MEDIUM,BEHAVIORAL,Practical interview preparation for account research.,"This question tests practical judgment around account research. A strong answer should connect the concept to requirements, constraints, measurable outcomes, and appropriate trade-offs rather than giving only a definition.","I would first clarify the goal and constraints related to account research, then choose an approach that is simple, testable, and appropriate for the situation. I would explain the main trade-offs, validate the result with relevant evidence, and document or communicate important decisions. If the situation changes, I would reassess rather than continuing with an approach that no longer fits.",Clarify requirements|Choose an appropriate approach|Explain trade-offs|Validate the result,Giving only a definition|Ignoring constraints|Overengineering|Making claims without evidence,How would you test your approach to account research?|What trade-off would change your decision?,sales|sales|account research,Account Research Interview Questions and Answers | InterviewPrep,Practice account research interview questions with practical answers and follow-up guidance for Sales candidates.,True
How would you explain stakeholder mapping to an interviewer?,how-would-you-explain-stakeholder-mapping-to-an-interviewer,Sales,Sales,EXPERIENCED,MEDIUM,CASE_STUDY,Practical interview preparation for stakeholder mapping.,"This question tests practical judgment around stakeholder mapping. A strong answer should connect the concept to requirements, constraints, measurable outcomes, and appropriate trade-offs rather than giving only a definition.","I would first clarify the goal and constraints related to stakeholder mapping, then choose an approach that is simple, testable, and appropriate for the situation. I would explain the main trade-offs, validate the result with relevant evidence, and document or communicate important decisions. If the situation changes, I would reassess rather than continuing with an approach that no longer fits.",Clarify requirements|Choose an appropriate approach|Explain trade-offs|Validate the result,Giving only a definition|Ignoring constraints|Overengineering|Making claims without evidence,How would you test your approach to stakeholder mapping?|What trade-off would change your decision?,sales|sales|stakeholder mapping,Stakeholder Mapping Interview Questions and Answers | InterviewPrep,Practice stakeholder mapping interview questions with practical answers and follow-up guidance for Sales candidates.,True
What are the main trade-offs involved in follow-up strategy?,what-are-the-main-trade-offs-involved-in-follow-up-strategy,Sales,Sales,FRESHER,HARD,SITUATIONAL,Practical interview preparation for follow-up strategy.,"This question tests practical judgment around follow-up strategy. A strong answer should connect the concept to requirements, constraints, measurable outcomes, and appropriate trade-offs rather than giving only a definition.","I would first clarify the goal and constraints related to follow-up strategy, then choose an approach that is simple, testable, and appropriate for the situation. I would explain the main trade-offs, validate the result with relevant evidence, and document or communicate important decisions. If the situation changes, I would reassess rather than continuing with an approach that no longer fits.",Clarify requirements|Choose an appropriate approach|Explain trade-offs|Validate the result,Giving only a definition|Ignoring constraints|Overengineering|Making claims without evidence,How would you test your approach to follow-up strategy?|What trade-off would change your decision?,sales|sales|follow-up strategy,Follow-Up Strategy Interview Questions and Answers | InterviewPrep,Practice follow-up strategy interview questions with practical answers and follow-up guidance for Sales candidates.,True
How would you troubleshoot a problem involving negotiation preparation?,how-would-you-troubleshoot-a-problem-involving-negotiation-preparation,Sales,Sales,MID_LEVEL,MEDIUM,HR,Practical interview preparation for negotiation preparation.,"This question tests practical judgment around negotiation preparation. A strong answer should connect the concept to requirements, constraints, measurable outcomes, and appropriate trade-offs rather than giving only a definition.","I would first clarify the goal and constraints related to negotiation preparation, then choose an approach that is simple, testable, and appropriate for the situation. I would explain the main trade-offs, validate the result with relevant evidence, and document or communicate important decisions. If the situation changes, I would reassess rather than continuing with an approach that no longer fits.",Clarify requirements|Choose an appropriate approach|Explain trade-offs|Validate the result,Giving only a definition|Ignoring constraints|Overengineering|Making claims without evidence,How would you test your approach to negotiation preparation?|What trade-off would change your decision?,sales|sales|negotiation preparation,Negotiation Preparation Interview Questions and Answers | InterviewPrep,Practice negotiation preparation interview questions with practical answers and follow-up guidance for Sales candidates.,True
How would you approach pricing objections in a Sales role?,how-would-you-approach-pricing-objections-in-a-sales-role,Sales,Sales,FRESHER,EASY,BEHAVIORAL,Practical interview preparation for pricing objections.,"This question tests practical judgment around pricing objections. A strong answer should connect the concept to requirements, constraints, measurable outcomes, and appropriate trade-offs rather than giving only a definition.","I would first clarify the goal and constraints related to pricing objections, then choose an approach that is simple, testable, and appropriate for the situation. I would explain the main trade-offs, validate the result with relevant evidence, and document or communicate important decisions. If the situation changes, I would reassess rather than continuing with an approach that no longer fits.",Clarify requirements|Choose an appropriate approach|Explain trade-offs|Validate the result,Giving only a definition|Ignoring constraints|Overengineering|Making claims without evidence,How would you test your approach to pricing objections?|What trade-off would change your decision?,sales|sales|pricing objections,Pricing Objections Interview Questions and Answers | InterviewPrep,Practice pricing objections interview questions with practical answers and follow-up guidance for Sales candidates.,True
What would you consider when working with competitive positioning as a Sales?,what-would-you-consider-when-working-with-competitive-positioning-as-a-sales,Sales,Sales,MID_LEVEL,MEDIUM,BEHAVIORAL,Practical interview preparation for competitive positioning.,"This question tests practical judgment around competitive positioning. A strong answer should connect the concept to requirements, constraints, measurable outcomes, and appropriate trade-offs rather than giving only a definition.","I would first clarify the goal and constraints related to competitive positioning, then choose an approach that is simple, testable, and appropriate for the situation. I would explain the main trade-offs, validate the result with relevant evidence, and document or communicate important decisions. If the situation changes, I would reassess rather than continuing with an approach that no longer fits.",Clarify requirements|Choose an appropriate approach|Explain trade-offs|Validate the result,Giving only a definition|Ignoring constraints|Overengineering|Making claims without evidence,How would you test your approach to competitive positioning?|What trade-off would change your decision?,sales|sales|competitive positioning,Competitive Positioning Interview Questions and Answers | InterviewPrep,Practice competitive positioning interview questions with practical answers and follow-up guidance for Sales candidates.,True
How would you explain sales metrics to an interviewer?,how-would-you-explain-sales-metrics-to-an-interviewer,Sales,Sales,EXPERIENCED,MEDIUM,CASE_STUDY,Practical interview preparation for sales metrics.,"This question tests practical judgment around sales metrics. A strong answer should connect the concept to requirements, constraints, measurable outcomes, and appropriate trade-offs rather than giving only a definition.","I would first clarify the goal and constraints related to sales metrics, then choose an approach that is simple, testable, and appropriate for the situation. I would explain the main trade-offs, validate the result with relevant evidence, and document or communicate important decisions. If the situation changes, I would reassess rather than continuing with an approach that no longer fits.",Clarify requirements|Choose an appropriate approach|Explain trade-offs|Validate the result,Giving only a definition|Ignoring constraints|Overengineering|Making claims without evidence,How would you test your approach to sales metrics?|What trade-off would change your decision?,sales|sales|sales metrics,Sales Metrics Interview Questions and Answers | InterviewPrep,Practice sales metrics interview questions with practical answers and follow-up guidance for Sales candidates.,True
What are the main trade-offs involved in conversion rates?,what-are-the-main-trade-offs-involved-in-conversion-rates,Sales,Sales,FRESHER,HARD,SITUATIONAL,Practical interview preparation for conversion rates.,"This question tests practical judgment around conversion rates. A strong answer should connect the concept to requirements, constraints, measurable outcomes, and appropriate trade-offs rather than giving only a definition.","I would first clarify the goal and constraints related to conversion rates, then choose an approach that is simple, testable, and appropriate for the situation. I would explain the main trade-offs, validate the result with relevant evidence, and document or communicate important decisions. If the situation changes, I would reassess rather than continuing with an approach that no longer fits.",Clarify requirements|Choose an appropriate approach|Explain trade-offs|Validate the result,Giving only a definition|Ignoring constraints|Overengineering|Making claims without evidence,How would you test your approach to conversion rates?|What trade-off would change your decision?,sales|sales|conversion rates,Conversion Rates Interview Questions and Answers | InterviewPrep,Practice conversion rates interview questions with practical answers and follow-up guidance for Sales candidates.,True
How would you troubleshoot a problem involving customer pain points?,how-would-you-troubleshoot-a-problem-involving-customer-pain-points,Sales,Sales,MID_LEVEL,MEDIUM,HR,Practical interview preparation for customer pain points.,"This question tests practical judgment around customer pain points. A strong answer should connect the concept to requirements, constraints, measurable outcomes, and appropriate trade-offs rather than giving only a definition.","I would first clarify the goal and constraints related to customer pain points, then choose an approach that is simple, testable, and appropriate for the situation. I would explain the main trade-offs, validate the result with relevant evidence, and document or communicate important decisions. If the situation changes, I would reassess rather than continuing with an approach that no longer fits.",Clarify requirements|Choose an appropriate approach|Explain trade-offs|Validate the result,Giving only a definition|Ignoring constraints|Overengineering|Making claims without evidence,How would you test your approach to customer pain points?|What trade-off would change your decision?,sales|sales|customer pain points,Customer Pain Points Interview Questions and Answers | InterviewPrep,Practice customer pain points interview questions with practical answers and follow-up guidance for Sales candidates.,True
How would you approach proof of value in a Sales role?,how-would-you-approach-proof-of-value-in-a-sales-role,Sales,Sales,FRESHER,EASY,BEHAVIORAL,Practical interview preparation for proof of value.,"This question tests practical judgment around proof of value. A strong answer should connect the concept to requirements, constraints, measurable outcomes, and appropriate trade-offs rather than giving only a definition.","I would first clarify the goal and constraints related to proof of value, then choose an approach that is simple, testable, and appropriate for the situation. I would explain the main trade-offs, validate the result with relevant evidence, and document or communicate important decisions. If the situation changes, I would reassess rather than continuing with an approach that no longer fits.",Clarify requirements|Choose an appropriate approach|Explain trade-offs|Validate the result,Giving only a definition|Ignoring constraints|Overengineering|Making claims without evidence,How would you test your approach to proof of value?|What trade-off would change your decision?,sales|sales|proof of value,Proof Of Value Interview Questions and Answers | InterviewPrep,Practice proof of value interview questions with practical answers and follow-up guidance for Sales candidates.,True
What would you consider when working with renewal risk as a Sales?,what-would-you-consider-when-working-with-renewal-risk-as-a-sales,Sales,Sales,MID_LEVEL,MEDIUM,BEHAVIORAL,Practical interview preparation for renewal risk.,"This question tests practical judgment around renewal risk. A strong answer should connect the concept to requirements, constraints, measurable outcomes, and appropriate trade-offs rather than giving only a definition.","I would first clarify the goal and constraints related to renewal risk, then choose an approach that is simple, testable, and appropriate for the situation. I would explain the main trade-offs, validate the result with relevant evidence, and document or communicate important decisions. If the situation changes, I would reassess rather than continuing with an approach that no longer fits.",Clarify requirements|Choose an appropriate approach|Explain trade-offs|Validate the result,Giving only a definition|Ignoring constraints|Overengineering|Making claims without evidence,How would you test your approach to renewal risk?|What trade-off would change your decision?,sales|sales|renewal risk,Renewal Risk Interview Questions and Answers | InterviewPrep,Practice renewal risk interview questions with practical answers and follow-up guidance for Sales candidates.,True
How would you explain upselling to an interviewer?,how-would-you-explain-upselling-to-an-interviewer,Sales,Sales,EXPERIENCED,MEDIUM,CASE_STUDY,Practical interview preparation for upselling.,"This question tests practical judgment around upselling. A strong answer should connect the concept to requirements, constraints, measurable outcomes, and appropriate trade-offs rather than giving only a definition.","I would first clarify the goal and constraints related to upselling, then choose an approach that is simple, testable, and appropriate for the situation. I would explain the main trade-offs, validate the result with relevant evidence, and document or communicate important decisions. If the situation changes, I would reassess rather than continuing with an approach that no longer fits.",Clarify requirements|Choose an appropriate approach|Explain trade-offs|Validate the result,Giving only a definition|Ignoring constraints|Overengineering|Making claims without evidence,How would you test your approach to upselling?|What trade-off would change your decision?,sales|sales|upselling,Upselling Interview Questions and Answers | InterviewPrep,Practice upselling interview questions with practical answers and follow-up guidance for Sales candidates.,True
What are the main trade-offs involved in cross-selling?,what-are-the-main-trade-offs-involved-in-cross-selling,Sales,Sales,FRESHER,HARD,SITUATIONAL,Practical interview preparation for cross-selling.,"This question tests practical judgment around cross-selling. A strong answer should connect the concept to requirements, constraints, measurable outcomes, and appropriate trade-offs rather than giving only a definition.","I would first clarify the goal and constraints related to cross-selling, then choose an approach that is simple, testable, and appropriate for the situation. I would explain the main trade-offs, validate the result with relevant evidence, and document or communicate important decisions. If the situation changes, I would reassess rather than continuing with an approach that no longer fits.",Clarify requirements|Choose an appropriate approach|Explain trade-offs|Validate the result,Giving only a definition|Ignoring constraints|Overengineering|Making claims without evidence,How would you test your approach to cross-selling?|What trade-off would change your decision?,sales|sales|cross-selling,Cross-Selling Interview Questions and Answers | InterviewPrep,Practice cross-selling interview questions with practical answers and follow-up guidance for Sales candidates.,True
How would you troubleshoot a problem involving CRM discipline?,how-would-you-troubleshoot-a-problem-involving-crm-discipline,Sales,Sales,MID_LEVEL,MEDIUM,HR,Practical interview preparation for CRM discipline.,"This question tests practical judgment around CRM discipline. A strong answer should connect the concept to requirements, constraints, measurable outcomes, and appropriate trade-offs rather than giving only a definition.","I would first clarify the goal and constraints related to CRM discipline, then choose an approach that is simple, testable, and appropriate for the situation. I would explain the main trade-offs, validate the result with relevant evidence, and document or communicate important decisions. If the situation changes, I would reassess rather than continuing with an approach that no longer fits.",Clarify requirements|Choose an appropriate approach|Explain trade-offs|Validate the result,Giving only a definition|Ignoring constraints|Overengineering|Making claims without evidence,How would you test your approach to CRM discipline?|What trade-off would change your decision?,sales|sales|crm discipline,Crm Discipline Interview Questions and Answers | InterviewPrep,Practice CRM discipline interview questions with practical answers and follow-up guidance for Sales candidates.,True
How would you approach campaign objectives in a Marketing role?,how-would-you-approach-campaign-objectives-in-a-marketing-role,Marketing,Marketing,FRESHER,EASY,BEHAVIORAL,Practical interview preparation for campaign objectives.,"This question tests practical judgment around campaign objectives. A strong answer should connect the concept to requirements, constraints, measurable outcomes, and appropriate trade-offs rather than giving only a definition.","I would first clarify the goal and constraints related to campaign objectives, then choose an approach that is simple, testable, and appropriate for the situation. I would explain the main trade-offs, validate the result with relevant evidence, and document or communicate important decisions. If the situation changes, I would reassess rather than continuing with an approach that no longer fits.",Clarify requirements|Choose an appropriate approach|Explain trade-offs|Validate the result,Giving only a definition|Ignoring constraints|Overengineering|Making claims without evidence,How would you test your approach to campaign objectives?|What trade-off would change your decision?,marketing|marketing|campaign objectives,Campaign Objectives Interview Questions and Answers | InterviewPrep,Practice campaign objectives interview questions with practical answers and follow-up guidance for Marketing candidates.,True
What would you consider when working with audience segmentation as a Marketing?,what-would-you-consider-when-working-with-audience-segmentation-as-a-marketing,Marketing,Marketing,MID_LEVEL,MEDIUM,BEHAVIORAL,Practical interview preparation for audience segmentation.,"This question tests practical judgment around audience segmentation. A strong answer should connect the concept to requirements, constraints, measurable outcomes, and appropriate trade-offs rather than giving only a definition.","I would first clarify the goal and constraints related to audience segmentation, then choose an approach that is simple, testable, and appropriate for the situation. I would explain the main trade-offs, validate the result with relevant evidence, and document or communicate important decisions. If the situation changes, I would reassess rather than continuing with an approach that no longer fits.",Clarify requirements|Choose an appropriate approach|Explain trade-offs|Validate the result,Giving only a definition|Ignoring constraints|Overengineering|Making claims without evidence,How would you test your approach to audience segmentation?|What trade-off would change your decision?,marketing|marketing|audience segmentation,Audience Segmentation Interview Questions and Answers | InterviewPrep,Practice audience segmentation interview questions with practical answers and follow-up guidance for Marketing candidates.,True
How would you explain positioning to an interviewer?,how-would-you-explain-positioning-to-an-interviewer,Marketing,Marketing,EXPERIENCED,MEDIUM,CASE_STUDY,Practical interview preparation for positioning.,"This question tests practical judgment around positioning. A strong answer should connect the concept to requirements, constraints, measurable outcomes, and appropriate trade-offs rather than giving only a definition.","I would first clarify the goal and constraints related to positioning, then choose an approach that is simple, testable, and appropriate for the situation. I would explain the main trade-offs, validate the result with relevant evidence, and document or communicate important decisions. If the situation changes, I would reassess rather than continuing with an approach that no longer fits.",Clarify requirements|Choose an appropriate approach|Explain trade-offs|Validate the result,Giving only a definition|Ignoring constraints|Overengineering|Making claims without evidence,How would you test your approach to positioning?|What trade-off would change your decision?,marketing|marketing|positioning,Positioning Interview Questions and Answers | InterviewPrep,Practice positioning interview questions with practical answers and follow-up guidance for Marketing candidates.,True
What are the main trade-offs involved in content strategy?,what-are-the-main-trade-offs-involved-in-content-strategy,Marketing,Marketing,FRESHER,HARD,SITUATIONAL,Practical interview preparation for content strategy.,"This question tests practical judgment around content strategy. A strong answer should connect the concept to requirements, constraints, measurable outcomes, and appropriate trade-offs rather than giving only a definition.","I would first clarify the goal and constraints related to content strategy, then choose an approach that is simple, testable, and appropriate for the situation. I would explain the main trade-offs, validate the result with relevant evidence, and document or communicate important decisions. If the situation changes, I would reassess rather than continuing with an approach that no longer fits.",Clarify requirements|Choose an appropriate approach|Explain trade-offs|Validate the result,Giving only a definition|Ignoring constraints|Overengineering|Making claims without evidence,How would you test your approach to content strategy?|What trade-off would change your decision?,marketing|marketing|content strategy,Content Strategy Interview Questions and Answers | InterviewPrep,Practice content strategy interview questions with practical answers and follow-up guidance for Marketing candidates.,True
How would you troubleshoot a problem involving SEO basics?,how-would-you-troubleshoot-a-problem-involving-seo-basics,Marketing,Marketing,MID_LEVEL,MEDIUM,HR,Practical interview preparation for SEO basics.,"This question tests practical judgment around SEO basics. A strong answer should connect the concept to requirements, constraints, measurable outcomes, and appropriate trade-offs rather than giving only a definition.","I would first clarify the goal and constraints related to SEO basics, then choose an approach that is simple, testable, and appropriate for the situation. I would explain the main trade-offs, validate the result with relevant evidence, and document or communicate important decisions. If the situation changes, I would reassess rather than continuing with an approach that no longer fits.",Clarify requirements|Choose an appropriate approach|Explain trade-offs|Validate the result,Giving only a definition|Ignoring constraints|Overengineering|Making claims without evidence,How would you test your approach to SEO basics?|What trade-off would change your decision?,marketing|marketing|seo basics,Seo Basics Interview Questions and Answers | InterviewPrep,Practice SEO basics interview questions with practical answers and follow-up guidance for Marketing candidates.,True
How would you approach conversion funnels in a Marketing role?,how-would-you-approach-conversion-funnels-in-a-marketing-role,Marketing,Marketing,FRESHER,EASY,BEHAVIORAL,Practical interview preparation for conversion funnels.,"This question tests practical judgment around conversion funnels. A strong answer should connect the concept to requirements, constraints, measurable outcomes, and appropriate trade-offs rather than giving only a definition.","I would first clarify the goal and constraints related to conversion funnels, then choose an approach that is simple, testable, and appropriate for the situation. I would explain the main trade-offs, validate the result with relevant evidence, and document or communicate important decisions. If the situation changes, I would reassess rather than continuing with an approach that no longer fits.",Clarify requirements|Choose an appropriate approach|Explain trade-offs|Validate the result,Giving only a definition|Ignoring constraints|Overengineering|Making claims without evidence,How would you test your approach to conversion funnels?|What trade-off would change your decision?,marketing|marketing|conversion funnels,Conversion Funnels Interview Questions and Answers | InterviewPrep,Practice conversion funnels interview questions with practical answers and follow-up guidance for Marketing candidates.,True
What would you consider when working with attribution limits as a Marketing?,what-would-you-consider-when-working-with-attribution-limits-as-a-marketing,Marketing,Marketing,MID_LEVEL,MEDIUM,BEHAVIORAL,Practical interview preparation for attribution limits.,"This question tests practical judgment around attribution limits. A strong answer should connect the concept to requirements, constraints, measurable outcomes, and appropriate trade-offs rather than giving only a definition.","I would first clarify the goal and constraints related to attribution limits, then choose an approach that is simple, testable, and appropriate for the situation. I would explain the main trade-offs, validate the result with relevant evidence, and document or communicate important decisions. If the situation changes, I would reassess rather than continuing with an approach that no longer fits.",Clarify requirements|Choose an appropriate approach|Explain trade-offs|Validate the result,Giving only a definition|Ignoring constraints|Overengineering|Making claims without evidence,How would you test your approach to attribution limits?|What trade-off would change your decision?,marketing|marketing|attribution limits,Attribution Limits Interview Questions and Answers | InterviewPrep,Practice attribution limits interview questions with practical answers and follow-up guidance for Marketing candidates.,True
How would you explain A/B testing to an interviewer?,how-would-you-explain-a-b-testing-to-an-interviewer,Marketing,Marketing,EXPERIENCED,MEDIUM,CASE_STUDY,Practical interview preparation for A/B testing.,"This question tests practical judgment around A/B testing. A strong answer should connect the concept to requirements, constraints, measurable outcomes, and appropriate trade-offs rather than giving only a definition.","I would first clarify the goal and constraints related to A/B testing, then choose an approach that is simple, testable, and appropriate for the situation. I would explain the main trade-offs, validate the result with relevant evidence, and document or communicate important decisions. If the situation changes, I would reassess rather than continuing with an approach that no longer fits.",Clarify requirements|Choose an appropriate approach|Explain trade-offs|Validate the result,Giving only a definition|Ignoring constraints|Overengineering|Making claims without evidence,How would you test your approach to A/B testing?|What trade-off would change your decision?,marketing|marketing|a/b testing,A/B Testing Interview Questions and Answers | InterviewPrep,Practice A/B testing interview questions with practical answers and follow-up guidance for Marketing candidates.,True
What are the main trade-offs involved in email metrics?,what-are-the-main-trade-offs-involved-in-email-metrics,Marketing,Marketing,FRESHER,HARD,SITUATIONAL,Practical interview preparation for email metrics.,"This question tests practical judgment around email metrics. A strong answer should connect the concept to requirements, constraints, measurable outcomes, and appropriate trade-offs rather than giving only a definition.","I would first clarify the goal and constraints related to email metrics, then choose an approach that is simple, testable, and appropriate for the situation. I would explain the main trade-offs, validate the result with relevant evidence, and document or communicate important decisions. If the situation changes, I would reassess rather than continuing with an approach that no longer fits.",Clarify requirements|Choose an appropriate approach|Explain trade-offs|Validate the result,Giving only a definition|Ignoring constraints|Overengineering|Making claims without evidence,How would you test your approach to email metrics?|What trade-off would change your decision?,marketing|marketing|email metrics,Email Metrics Interview Questions and Answers | InterviewPrep,Practice email metrics interview questions with practical answers and follow-up guidance for Marketing candidates.,True
How would you troubleshoot a problem involving landing page optimization?,how-would-you-troubleshoot-a-problem-involving-landing-page-optimization,Marketing,Marketing,MID_LEVEL,MEDIUM,HR,Practical interview preparation for landing page optimization.,"This question tests practical judgment around landing page optimization. A strong answer should connect the concept to requirements, constraints, measurable outcomes, and appropriate trade-offs rather than giving only a definition.","I would first clarify the goal and constraints related to landing page optimization, then choose an approach that is simple, testable, and appropriate for the situation. I would explain the main trade-offs, validate the result with relevant evidence, and document or communicate important decisions. If the situation changes, I would reassess rather than continuing with an approach that no longer fits.",Clarify requirements|Choose an appropriate approach|Explain trade-offs|Validate the result,Giving only a definition|Ignoring constraints|Overengineering|Making claims without evidence,How would you test your approach to landing page optimization?|What trade-off would change your decision?,marketing|marketing|landing page optimization,Landing Page Optimization Interview Questions and Answers | InterviewPrep,Practice landing page optimization interview questions with practical answers and follow-up guidance for Marketing candidates.,True
How would you approach brand consistency in a Marketing role?,how-would-you-approach-brand-consistency-in-a-marketing-role,Marketing,Marketing,FRESHER,EASY,BEHAVIORAL,Practical interview preparation for brand consistency.,"This question tests practical judgment around brand consistency. A strong answer should connect the concept to requirements, constraints, measurable outcomes, and appropriate trade-offs rather than giving only a definition.","I would first clarify the goal and constraints related to brand consistency, then choose an approach that is simple, testable, and appropriate for the situation. I would explain the main trade-offs, validate the result with relevant evidence, and document or communicate important decisions. If the situation changes, I would reassess rather than continuing with an approach that no longer fits.",Clarify requirements|Choose an appropriate approach|Explain trade-offs|Validate the result,Giving only a definition|Ignoring constraints|Overengineering|Making claims without evidence,How would you test your approach to brand consistency?|What trade-off would change your decision?,marketing|marketing|brand consistency,Brand Consistency Interview Questions and Answers | InterviewPrep,Practice brand consistency interview questions with practical answers and follow-up guidance for Marketing candidates.,True
What would you consider when working with customer research as a Marketing?,what-would-you-consider-when-working-with-customer-research-as-a-marketing,Marketing,Marketing,MID_LEVEL,MEDIUM,BEHAVIORAL,Practical interview preparation for customer research.,"This question tests practical judgment around customer research. A strong answer should connect the concept to requirements, constraints, measurable outcomes, and appropriate trade-offs rather than giving only a definition.","I would first clarify the goal and constraints related to customer research, then choose an approach that is simple, testable, and appropriate for the situation. I would explain the main trade-offs, validate the result with relevant evidence, and document or communicate important decisions. If the situation changes, I would reassess rather than continuing with an approach that no longer fits.",Clarify requirements|Choose an appropriate approach|Explain trade-offs|Validate the result,Giving only a definition|Ignoring constraints|Overengineering|Making claims without evidence,How would you test your approach to customer research?|What trade-off would change your decision?,marketing|marketing|customer research,Customer Research Interview Questions and Answers | InterviewPrep,Practice customer research interview questions with practical answers and follow-up guidance for Marketing candidates.,True
How would you explain channel selection to an interviewer?,how-would-you-explain-channel-selection-to-an-interviewer,Marketing,Marketing,EXPERIENCED,MEDIUM,CASE_STUDY,Practical interview preparation for channel selection.,"This question tests practical judgment around channel selection. A strong answer should connect the concept to requirements, constraints, measurable outcomes, and appropriate trade-offs rather than giving only a definition.","I would first clarify the goal and constraints related to channel selection, then choose an approach that is simple, testable, and appropriate for the situation. I would explain the main trade-offs, validate the result with relevant evidence, and document or communicate important decisions. If the situation changes, I would reassess rather than continuing with an approach that no longer fits.",Clarify requirements|Choose an appropriate approach|Explain trade-offs|Validate the result,Giving only a definition|Ignoring constraints|Overengineering|Making claims without evidence,How would you test your approach to channel selection?|What trade-off would change your decision?,marketing|marketing|channel selection,Channel Selection Interview Questions and Answers | InterviewPrep,Practice channel selection interview questions with practical answers and follow-up guidance for Marketing candidates.,True
What are the main trade-offs involved in marketing qualified leads?,what-are-the-main-trade-offs-involved-in-marketing-qualified-leads,Marketing,Marketing,FRESHER,HARD,SITUATIONAL,Practical interview preparation for marketing qualified leads.,"This question tests practical judgment around marketing qualified leads. A strong answer should connect the concept to requirements, constraints, measurable outcomes, and appropriate trade-offs rather than giving only a definition.","I would first clarify the goal and constraints related to marketing qualified leads, then choose an approach that is simple, testable, and appropriate for the situation. I would explain the main trade-offs, validate the result with relevant evidence, and document or communicate important decisions. If the situation changes, I would reassess rather than continuing with an approach that no longer fits.",Clarify requirements|Choose an appropriate approach|Explain trade-offs|Validate the result,Giving only a definition|Ignoring constraints|Overengineering|Making claims without evidence,How would you test your approach to marketing qualified leads?|What trade-off would change your decision?,marketing|marketing|marketing qualified leads,Marketing Qualified Leads Interview Questions and Answers | InterviewPrep,Practice marketing qualified leads interview questions with practical answers and follow-up guidance for Marketing candidates.,True
How would you troubleshoot a problem involving retention campaigns?,how-would-you-troubleshoot-a-problem-involving-retention-campaigns,Marketing,Marketing,MID_LEVEL,MEDIUM,HR,Practical interview preparation for retention campaigns.,"This question tests practical judgment around retention campaigns. A strong answer should connect the concept to requirements, constraints, measurable outcomes, and appropriate trade-offs rather than giving only a definition.","I would first clarify the goal and constraints related to retention campaigns, then choose an approach that is simple, testable, and appropriate for the situation. I would explain the main trade-offs, validate the result with relevant evidence, and document or communicate important decisions. If the situation changes, I would reassess rather than continuing with an approach that no longer fits.",Clarify requirements|Choose an appropriate approach|Explain trade-offs|Validate the result,Giving only a definition|Ignoring constraints|Overengineering|Making claims without evidence,How would you test your approach to retention campaigns?|What trade-off would change your decision?,marketing|marketing|retention campaigns,Retention Campaigns Interview Questions and Answers | InterviewPrep,Practice retention campaigns interview questions with practical answers and follow-up guidance for Marketing candidates.,True
How would you approach content measurement in a Marketing role?,how-would-you-approach-content-measurement-in-a-marketing-role,Marketing,Marketing,FRESHER,EASY,BEHAVIORAL,Practical interview preparation for content measurement.,"This question tests practical judgment around content measurement. A strong answer should connect the concept to requirements, constraints, measurable outcomes, and appropriate trade-offs rather than giving only a definition.","I would first clarify the goal and constraints related to content measurement, then choose an approach that is simple, testable, and appropriate for the situation. I would explain the main trade-offs, validate the result with relevant evidence, and document or communicate important decisions. If the situation changes, I would reassess rather than continuing with an approach that no longer fits.",Clarify requirements|Choose an appropriate approach|Explain trade-offs|Validate the result,Giving only a definition|Ignoring constraints|Overengineering|Making claims without evidence,How would you test your approach to content measurement?|What trade-off would change your decision?,marketing|marketing|content measurement,Content Measurement Interview Questions and Answers | InterviewPrep,Practice content measurement interview questions with practical answers and follow-up guidance for Marketing candidates.,True
What would you consider when working with UTM tracking as a Marketing?,what-would-you-consider-when-working-with-utm-tracking-as-a-marketing,Marketing,Marketing,MID_LEVEL,MEDIUM,BEHAVIORAL,Practical interview preparation for UTM tracking.,"This question tests practical judgment around UTM tracking. A strong answer should connect the concept to requirements, constraints, measurable outcomes, and appropriate trade-offs rather than giving only a definition.","I would first clarify the goal and constraints related to UTM tracking, then choose an approach that is simple, testable, and appropriate for the situation. I would explain the main trade-offs, validate the result with relevant evidence, and document or communicate important decisions. If the situation changes, I would reassess rather than continuing with an approach that no longer fits.",Clarify requirements|Choose an appropriate approach|Explain trade-offs|Validate the result,Giving only a definition|Ignoring constraints|Overengineering|Making claims without evidence,How would you test your approach to UTM tracking?|What trade-off would change your decision?,marketing|marketing|utm tracking,Utm Tracking Interview Questions and Answers | InterviewPrep,Practice UTM tracking interview questions with practical answers and follow-up guidance for Marketing candidates.,True
How would you explain experiment design to an interviewer?,how-would-you-explain-experiment-design-to-an-interviewer,Marketing,Marketing,EXPERIENCED,MEDIUM,CASE_STUDY,Practical interview preparation for experiment design.,"This question tests practical judgment around experiment design. A strong answer should connect the concept to requirements, constraints, measurable outcomes, and appropriate trade-offs rather than giving only a definition.","I would first clarify the goal and constraints related to experiment design, then choose an approach that is simple, testable, and appropriate for the situation. I would explain the main trade-offs, validate the result with relevant evidence, and document or communicate important decisions. If the situation changes, I would reassess rather than continuing with an approach that no longer fits.",Clarify requirements|Choose an appropriate approach|Explain trade-offs|Validate the result,Giving only a definition|Ignoring constraints|Overengineering|Making claims without evidence,How would you test your approach to experiment design?|What trade-off would change your decision?,marketing|marketing|experiment design,Experiment Design Interview Questions and Answers | InterviewPrep,Practice experiment design interview questions with practical answers and follow-up guidance for Marketing candidates.,True
What are the main trade-offs involved in campaign reporting?,what-are-the-main-trade-offs-involved-in-campaign-reporting,Marketing,Marketing,FRESHER,HARD,SITUATIONAL,Practical interview preparation for campaign reporting.,"This question tests practical judgment around campaign reporting. A strong answer should connect the concept to requirements, constraints, measurable outcomes, and appropriate trade-offs rather than giving only a definition.","I would first clarify the goal and constraints related to campaign reporting, then choose an approach that is simple, testable, and appropriate for the situation. I would explain the main trade-offs, validate the result with relevant evidence, and document or communicate important decisions. If the situation changes, I would reassess rather than continuing with an approach that no longer fits.",Clarify requirements|Choose an appropriate approach|Explain trade-offs|Validate the result,Giving only a definition|Ignoring constraints|Overengineering|Making claims without evidence,How would you test your approach to campaign reporting?|What trade-off would change your decision?,marketing|marketing|campaign reporting,Campaign Reporting Interview Questions and Answers | InterviewPrep,Practice campaign reporting interview questions with practical answers and follow-up guidance for Marketing candidates.,True
How would you troubleshoot a problem involving budget allocation?,how-would-you-troubleshoot-a-problem-involving-budget-allocation,Marketing,Marketing,MID_LEVEL,MEDIUM,HR,Practical interview preparation for budget allocation.,"This question tests practical judgment around budget allocation. A strong answer should connect the concept to requirements, constraints, measurable outcomes, and appropriate trade-offs rather than giving only a definition.","I would first clarify the goal and constraints related to budget allocation, then choose an approach that is simple, testable, and appropriate for the situation. I would explain the main trade-offs, validate the result with relevant evidence, and document or communicate important decisions. If the situation changes, I would reassess rather than continuing with an approach that no longer fits.",Clarify requirements|Choose an appropriate approach|Explain trade-offs|Validate the result,Giving only a definition|Ignoring constraints|Overengineering|Making claims without evidence,How would you test your approach to budget allocation?|What trade-off would change your decision?,marketing|marketing|budget allocation,Budget Allocation Interview Questions and Answers | InterviewPrep,Practice budget allocation interview questions with practical answers and follow-up guidance for Marketing candidates.,True
How would you approach structured interviews in a Human Resources role?,how-would-you-approach-structured-interviews-in-a-human-resources-role,Human Resources,Human Resources,FRESHER,EASY,BEHAVIORAL,Practical interview preparation for structured interviews.,"This question tests practical judgment around structured interviews. A strong answer should connect the concept to requirements, constraints, measurable outcomes, and appropriate trade-offs rather than giving only a definition.","I would first clarify the goal and constraints related to structured interviews, then choose an approach that is simple, testable, and appropriate for the situation. I would explain the main trade-offs, validate the result with relevant evidence, and document or communicate important decisions. If the situation changes, I would reassess rather than continuing with an approach that no longer fits.",Clarify requirements|Choose an appropriate approach|Explain trade-offs|Validate the result,Giving only a definition|Ignoring constraints|Overengineering|Making claims without evidence,How would you test your approach to structured interviews?|What trade-off would change your decision?,human resources|human resources|structured interviews,Structured Interviews Interview Questions and Answers | InterviewPrep,Practice structured interviews interview questions with practical answers and follow-up guidance for Human Resources candidates.,True
What would you consider when working with job descriptions as a Human Resources?,what-would-you-consider-when-working-with-job-descriptions-as-a-human-resources,Human Resources,Human Resources,MID_LEVEL,MEDIUM,BEHAVIORAL,Practical interview preparation for job descriptions.,"This question tests practical judgment around job descriptions. A strong answer should connect the concept to requirements, constraints, measurable outcomes, and appropriate trade-offs rather than giving only a definition.","I would first clarify the goal and constraints related to job descriptions, then choose an approach that is simple, testable, and appropriate for the situation. I would explain the main trade-offs, validate the result with relevant evidence, and document or communicate important decisions. If the situation changes, I would reassess rather than continuing with an approach that no longer fits.",Clarify requirements|Choose an appropriate approach|Explain trade-offs|Validate the result,Giving only a definition|Ignoring constraints|Overengineering|Making claims without evidence,How would you test your approach to job descriptions?|What trade-off would change your decision?,human resources|human resources|job descriptions,Job Descriptions Interview Questions and Answers | InterviewPrep,Practice job descriptions interview questions with practical answers and follow-up guidance for Human Resources candidates.,True
How would you explain candidate experience to an interviewer?,how-would-you-explain-candidate-experience-to-an-interviewer,Human Resources,Human Resources,EXPERIENCED,MEDIUM,CASE_STUDY,Practical interview preparation for candidate experience.,"This question tests practical judgment around candidate experience. A strong answer should connect the concept to requirements, constraints, measurable outcomes, and appropriate trade-offs rather than giving only a definition.","I would first clarify the goal and constraints related to candidate experience, then choose an approach that is simple, testable, and appropriate for the situation. I would explain the main trade-offs, validate the result with relevant evidence, and document or communicate important decisions. If the situation changes, I would reassess rather than continuing with an approach that no longer fits.",Clarify requirements|Choose an appropriate approach|Explain trade-offs|Validate the result,Giving only a definition|Ignoring constraints|Overengineering|Making claims without evidence,How would you test your approach to candidate experience?|What trade-off would change your decision?,human resources|human resources|candidate experience,Candidate Experience Interview Questions and Answers | InterviewPrep,Practice candidate experience interview questions with practical answers and follow-up guidance for Human Resources candidates.,True
What are the main trade-offs involved in onboarding?,what-are-the-main-trade-offs-involved-in-onboarding,Human Resources,Human Resources,FRESHER,HARD,SITUATIONAL,Practical interview preparation for onboarding.,"This question tests practical judgment around onboarding. A strong answer should connect the concept to requirements, constraints, measurable outcomes, and appropriate trade-offs rather than giving only a definition.","I would first clarify the goal and constraints related to onboarding, then choose an approach that is simple, testable, and appropriate for the situation. I would explain the main trade-offs, validate the result with relevant evidence, and document or communicate important decisions. If the situation changes, I would reassess rather than continuing with an approach that no longer fits.",Clarify requirements|Choose an appropriate approach|Explain trade-offs|Validate the result,Giving only a definition|Ignoring constraints|Overengineering|Making claims without evidence,How would you test your approach to onboarding?|What trade-off would change your decision?,human resources|human resources|onboarding,Onboarding Interview Questions and Answers | InterviewPrep,Practice onboarding interview questions with practical answers and follow-up guidance for Human Resources candidates.,True
How would you troubleshoot a problem involving performance conversations?,how-would-you-troubleshoot-a-problem-involving-performance-conversations,Human Resources,Human Resources,MID_LEVEL,MEDIUM,HR,Practical interview preparation for performance conversations.,"This question tests practical judgment around performance conversations. A strong answer should connect the concept to requirements, constraints, measurable outcomes, and appropriate trade-offs rather than giving only a definition.","I would first clarify the goal and constraints related to performance conversations, then choose an approach that is simple, testable, and appropriate for the situation. I would explain the main trade-offs, validate the result with relevant evidence, and document or communicate important decisions. If the situation changes, I would reassess rather than continuing with an approach that no longer fits.",Clarify requirements|Choose an appropriate approach|Explain trade-offs|Validate the result,Giving only a definition|Ignoring constraints|Overengineering|Making claims without evidence,How would you test your approach to performance conversations?|What trade-off would change your decision?,human resources|human resources|performance conversations,Performance Conversations Interview Questions and Answers | InterviewPrep,Practice performance conversations interview questions with practical answers and follow-up guidance for Human Resources candidates.,True
How would you approach employee engagement in a Human Resources role?,how-would-you-approach-employee-engagement-in-a-human-resources-role,Human Resources,Human Resources,FRESHER,EASY,BEHAVIORAL,Practical interview preparation for employee engagement.,"This question tests practical judgment around employee engagement. A strong answer should connect the concept to requirements, constraints, measurable outcomes, and appropriate trade-offs rather than giving only a definition.","I would first clarify the goal and constraints related to employee engagement, then choose an approach that is simple, testable, and appropriate for the situation. I would explain the main trade-offs, validate the result with relevant evidence, and document or communicate important decisions. If the situation changes, I would reassess rather than continuing with an approach that no longer fits.",Clarify requirements|Choose an appropriate approach|Explain trade-offs|Validate the result,Giving only a definition|Ignoring constraints|Overengineering|Making claims without evidence,How would you test your approach to employee engagement?|What trade-off would change your decision?,human resources|human resources|employee engagement,Employee Engagement Interview Questions and Answers | InterviewPrep,Practice employee engagement interview questions with practical answers and follow-up guidance for Human Resources candidates.,True
What would you consider when working with learning programs as a Human Resources?,what-would-you-consider-when-working-with-learning-programs-as-a-human-resources,Human Resources,Human Resources,MID_LEVEL,MEDIUM,BEHAVIORAL,Practical interview preparation for learning programs.,"This question tests practical judgment around learning programs. A strong answer should connect the concept to requirements, constraints, measurable outcomes, and appropriate trade-offs rather than giving only a definition.","I would first clarify the goal and constraints related to learning programs, then choose an approach that is simple, testable, and appropriate for the situation. I would explain the main trade-offs, validate the result with relevant evidence, and document or communicate important decisions. If the situation changes, I would reassess rather than continuing with an approach that no longer fits.",Clarify requirements|Choose an appropriate approach|Explain trade-offs|Validate the result,Giving only a definition|Ignoring constraints|Overengineering|Making claims without evidence,How would you test your approach to learning programs?|What trade-off would change your decision?,human resources|human resources|learning programs,Learning Programs Interview Questions and Answers | InterviewPrep,Practice learning programs interview questions with practical answers and follow-up guidance for Human Resources candidates.,True
How would you explain HR metrics to an interviewer?,how-would-you-explain-hr-metrics-to-an-interviewer,Human Resources,Human Resources,EXPERIENCED,MEDIUM,CASE_STUDY,Practical interview preparation for HR metrics.,"This question tests practical judgment around HR metrics. A strong answer should connect the concept to requirements, constraints, measurable outcomes, and appropriate trade-offs rather than giving only a definition.","I would first clarify the goal and constraints related to HR metrics, then choose an approach that is simple, testable, and appropriate for the situation. I would explain the main trade-offs, validate the result with relevant evidence, and document or communicate important decisions. If the situation changes, I would reassess rather than continuing with an approach that no longer fits.",Clarify requirements|Choose an appropriate approach|Explain trade-offs|Validate the result,Giving only a definition|Ignoring constraints|Overengineering|Making claims without evidence,How would you test your approach to HR metrics?|What trade-off would change your decision?,human resources|human resources|hr metrics,Hr Metrics Interview Questions and Answers | InterviewPrep,Practice HR metrics interview questions with practical answers and follow-up guidance for Human Resources candidates.,True
What are the main trade-offs involved in workforce planning?,what-are-the-main-trade-offs-involved-in-workforce-planning,Human Resources,Human Resources,FRESHER,HARD,SITUATIONAL,Practical interview preparation for workforce planning.,"This question tests practical judgment around workforce planning. A strong answer should connect the concept to requirements, constraints, measurable outcomes, and appropriate trade-offs rather than giving only a definition.","I would first clarify the goal and constraints related to workforce planning, then choose an approach that is simple, testable, and appropriate for the situation. I would explain the main trade-offs, validate the result with relevant evidence, and document or communicate important decisions. If the situation changes, I would reassess rather than continuing with an approach that no longer fits.",Clarify requirements|Choose an appropriate approach|Explain trade-offs|Validate the result,Giving only a definition|Ignoring constraints|Overengineering|Making claims without evidence,How would you test your approach to workforce planning?|What trade-off would change your decision?,human resources|human resources|workforce planning,Workforce Planning Interview Questions and Answers | InterviewPrep,Practice workforce planning interview questions with practical answers and follow-up guidance for Human Resources candidates.,True
How would you troubleshoot a problem involving confidentiality?,how-would-you-troubleshoot-a-problem-involving-confidentiality,Human Resources,Human Resources,MID_LEVEL,MEDIUM,HR,Practical interview preparation for confidentiality.,"This question tests practical judgment around confidentiality. A strong answer should connect the concept to requirements, constraints, measurable outcomes, and appropriate trade-offs rather than giving only a definition.","I would first clarify the goal and constraints related to confidentiality, then choose an approach that is simple, testable, and appropriate for the situation. I would explain the main trade-offs, validate the result with relevant evidence, and document or communicate important decisions. If the situation changes, I would reassess rather than continuing with an approach that no longer fits.",Clarify requirements|Choose an appropriate approach|Explain trade-offs|Validate the result,Giving only a definition|Ignoring constraints|Overengineering|Making claims without evidence,How would you test your approach to confidentiality?|What trade-off would change your decision?,human resources|human resources|confidentiality,Confidentiality Interview Questions and Answers | InterviewPrep,Practice confidentiality interview questions with practical answers and follow-up guidance for Human Resources candidates.,True
How would you approach policy communication in a Human Resources role?,how-would-you-approach-policy-communication-in-a-human-resources-role,Human Resources,Human Resources,FRESHER,EASY,BEHAVIORAL,Practical interview preparation for policy communication.,"This question tests practical judgment around policy communication. A strong answer should connect the concept to requirements, constraints, measurable outcomes, and appropriate trade-offs rather than giving only a definition.","I would first clarify the goal and constraints related to policy communication, then choose an approach that is simple, testable, and appropriate for the situation. I would explain the main trade-offs, validate the result with relevant evidence, and document or communicate important decisions. If the situation changes, I would reassess rather than continuing with an approach that no longer fits.",Clarify requirements|Choose an appropriate approach|Explain trade-offs|Validate the result,Giving only a definition|Ignoring constraints|Overengineering|Making claims without evidence,How would you test your approach to policy communication?|What trade-off would change your decision?,human resources|human resources|policy communication,Policy Communication Interview Questions and Answers | InterviewPrep,Practice policy communication interview questions with practical answers and follow-up guidance for Human Resources candidates.,True
What would you consider when working with conflict resolution as a Human Resources?,what-would-you-consider-when-working-with-conflict-resolution-as-a-human-resources,Human Resources,Human Resources,MID_LEVEL,MEDIUM,BEHAVIORAL,Practical interview preparation for conflict resolution.,"This question tests practical judgment around conflict resolution. A strong answer should connect the concept to requirements, constraints, measurable outcomes, and appropriate trade-offs rather than giving only a definition.","I would first clarify the goal and constraints related to conflict resolution, then choose an approach that is simple, testable, and appropriate for the situation. I would explain the main trade-offs, validate the result with relevant evidence, and document or communicate important decisions. If the situation changes, I would reassess rather than continuing with an approach that no longer fits.",Clarify requirements|Choose an appropriate approach|Explain trade-offs|Validate the result,Giving only a definition|Ignoring constraints|Overengineering|Making claims without evidence,How would you test your approach to conflict resolution?|What trade-off would change your decision?,human resources|human resources|conflict resolution,Conflict Resolution Interview Questions and Answers | InterviewPrep,Practice conflict resolution interview questions with practical answers and follow-up guidance for Human Resources candidates.,True
How would you explain manager coaching to an interviewer?,how-would-you-explain-manager-coaching-to-an-interviewer,Human Resources,Human Resources,EXPERIENCED,MEDIUM,CASE_STUDY,Practical interview preparation for manager coaching.,"This question tests practical judgment around manager coaching. A strong answer should connect the concept to requirements, constraints, measurable outcomes, and appropriate trade-offs rather than giving only a definition.","I would first clarify the goal and constraints related to manager coaching, then choose an approach that is simple, testable, and appropriate for the situation. I would explain the main trade-offs, validate the result with relevant evidence, and document or communicate important decisions. If the situation changes, I would reassess rather than continuing with an approach that no longer fits.",Clarify requirements|Choose an appropriate approach|Explain trade-offs|Validate the result,Giving only a definition|Ignoring constraints|Overengineering|Making claims without evidence,How would you test your approach to manager coaching?|What trade-off would change your decision?,human resources|human resources|manager coaching,Manager Coaching Interview Questions and Answers | InterviewPrep,Practice manager coaching interview questions with practical answers and follow-up guidance for Human Resources candidates.,True
What are the main trade-offs involved in retention analysis?,what-are-the-main-trade-offs-involved-in-retention-analysis,Human Resources,Human Resources,FRESHER,HARD,SITUATIONAL,Practical interview preparation for retention analysis.,"This question tests practical judgment around retention analysis. A strong answer should connect the concept to requirements, constraints, measurable outcomes, and appropriate trade-offs rather than giving only a definition.","I would first clarify the goal and constraints related to retention analysis, then choose an approach that is simple, testable, and appropriate for the situation. I would explain the main trade-offs, validate the result with relevant evidence, and document or communicate important decisions. If the situation changes, I would reassess rather than continuing with an approach that no longer fits.",Clarify requirements|Choose an appropriate approach|Explain trade-offs|Validate the result,Giving only a definition|Ignoring constraints|Overengineering|Making claims without evidence,How would you test your approach to retention analysis?|What trade-off would change your decision?,human resources|human resources|retention analysis,Retention Analysis Interview Questions and Answers | InterviewPrep,Practice retention analysis interview questions with practical answers and follow-up guidance for Human Resources candidates.,True
How would you troubleshoot a problem involving exit interviews?,how-would-you-troubleshoot-a-problem-involving-exit-interviews,Human Resources,Human Resources,MID_LEVEL,MEDIUM,HR,Practical interview preparation for exit interviews.,"This question tests practical judgment around exit interviews. A strong answer should connect the concept to requirements, constraints, measurable outcomes, and appropriate trade-offs rather than giving only a definition.","I would first clarify the goal and constraints related to exit interviews, then choose an approach that is simple, testable, and appropriate for the situation. I would explain the main trade-offs, validate the result with relevant evidence, and document or communicate important decisions. If the situation changes, I would reassess rather than continuing with an approach that no longer fits.",Clarify requirements|Choose an appropriate approach|Explain trade-offs|Validate the result,Giving only a definition|Ignoring constraints|Overengineering|Making claims without evidence,How would you test your approach to exit interviews?|What trade-off would change your decision?,human resources|human resources|exit interviews,Exit Interviews Interview Questions and Answers | InterviewPrep,Practice exit interviews interview questions with practical answers and follow-up guidance for Human Resources candidates.,True
How would you approach feedback systems in a Human Resources role?,how-would-you-approach-feedback-systems-in-a-human-resources-role,Human Resources,Human Resources,FRESHER,EASY,BEHAVIORAL,Practical interview preparation for feedback systems.,"This question tests practical judgment around feedback systems. A strong answer should connect the concept to requirements, constraints, measurable outcomes, and appropriate trade-offs rather than giving only a definition.","I would first clarify the goal and constraints related to feedback systems, then choose an approach that is simple, testable, and appropriate for the situation. I would explain the main trade-offs, validate the result with relevant evidence, and document or communicate important decisions. If the situation changes, I would reassess rather than continuing with an approach that no longer fits.",Clarify requirements|Choose an appropriate approach|Explain trade-offs|Validate the result,Giving only a definition|Ignoring constraints|Overengineering|Making claims without evidence,How would you test your approach to feedback systems?|What trade-off would change your decision?,human resources|human resources|feedback systems,Feedback Systems Interview Questions and Answers | InterviewPrep,Practice feedback systems interview questions with practical answers and follow-up guidance for Human Resources candidates.,True
What would you consider when working with fair selection as a Human Resources?,what-would-you-consider-when-working-with-fair-selection-as-a-human-resources,Human Resources,Human Resources,MID_LEVEL,MEDIUM,BEHAVIORAL,Practical interview preparation for fair selection.,"This question tests practical judgment around fair selection. A strong answer should connect the concept to requirements, constraints, measurable outcomes, and appropriate trade-offs rather than giving only a definition.","I would first clarify the goal and constraints related to fair selection, then choose an approach that is simple, testable, and appropriate for the situation. I would explain the main trade-offs, validate the result with relevant evidence, and document or communicate important decisions. If the situation changes, I would reassess rather than continuing with an approach that no longer fits.",Clarify requirements|Choose an appropriate approach|Explain trade-offs|Validate the result,Giving only a definition|Ignoring constraints|Overengineering|Making claims without evidence,How would you test your approach to fair selection?|What trade-off would change your decision?,human resources|human resources|fair selection,Fair Selection Interview Questions and Answers | InterviewPrep,Practice fair selection interview questions with practical answers and follow-up guidance for Human Resources candidates.,True
How would you explain interview scorecards to an interviewer?,how-would-you-explain-interview-scorecards-to-an-interviewer,Human Resources,Human Resources,EXPERIENCED,MEDIUM,CASE_STUDY,Practical interview preparation for interview scorecards.,"This question tests practical judgment around interview scorecards. A strong answer should connect the concept to requirements, constraints, measurable outcomes, and appropriate trade-offs rather than giving only a definition.","I would first clarify the goal and constraints related to interview scorecards, then choose an approach that is simple, testable, and appropriate for the situation. I would explain the main trade-offs, validate the result with relevant evidence, and document or communicate important decisions. If the situation changes, I would reassess rather than continuing with an approach that no longer fits.",Clarify requirements|Choose an appropriate approach|Explain trade-offs|Validate the result,Giving only a definition|Ignoring constraints|Overengineering|Making claims without evidence,How would you test your approach to interview scorecards?|What trade-off would change your decision?,human resources|human resources|interview scorecards,Interview Scorecards Interview Questions and Answers | InterviewPrep,Practice interview scorecards interview questions with practical answers and follow-up guidance for Human Resources candidates.,True
What are the main trade-offs involved in HR documentation?,what-are-the-main-trade-offs-involved-in-hr-documentation,Human Resources,Human Resources,FRESHER,HARD,SITUATIONAL,Practical interview preparation for HR documentation.,"This question tests practical judgment around HR documentation. A strong answer should connect the concept to requirements, constraints, measurable outcomes, and appropriate trade-offs rather than giving only a definition.","I would first clarify the goal and constraints related to HR documentation, then choose an approach that is simple, testable, and appropriate for the situation. I would explain the main trade-offs, validate the result with relevant evidence, and document or communicate important decisions. If the situation changes, I would reassess rather than continuing with an approach that no longer fits.",Clarify requirements|Choose an appropriate approach|Explain trade-offs|Validate the result,Giving only a definition|Ignoring constraints|Overengineering|Making claims without evidence,How would you test your approach to HR documentation?|What trade-off would change your decision?,human resources|human resources|hr documentation,Hr Documentation Interview Questions and Answers | InterviewPrep,Practice HR documentation interview questions with practical answers and follow-up guidance for Human Resources candidates.,True
How would you troubleshoot a problem involving process improvement?,how-would-you-troubleshoot-a-problem-involving-process-improvement,Human Resources,Human Resources,MID_LEVEL,MEDIUM,HR,Practical interview preparation for process improvement.,"This question tests practical judgment around process improvement. A strong answer should connect the concept to requirements, constraints, measurable outcomes, and appropriate trade-offs rather than giving only a definition.","I would first clarify the goal and constraints related to process improvement, then choose an approach that is simple, testable, and appropriate for the situation. I would explain the main trade-offs, validate the result with relevant evidence, and document or communicate important decisions. If the situation changes, I would reassess rather than continuing with an approach that no longer fits.",Clarify requirements|Choose an appropriate approach|Explain trade-offs|Validate the result,Giving only a definition|Ignoring constraints|Overengineering|Making claims without evidence,How would you test your approach to process improvement?|What trade-off would change your decision?,human resources|human resources|process improvement,Process Improvement Interview Questions and Answers | InterviewPrep,Practice process improvement interview questions with practical answers and follow-up guidance for Human Resources candidates.,True
How would you approach ticket prioritization in a Customer Support role?,how-would-you-approach-ticket-prioritization-in-a-customer-support-role,Customer Support,Customer Support,FRESHER,EASY,BEHAVIORAL,Practical interview preparation for ticket prioritization.,"This question tests practical judgment around ticket prioritization. A strong answer should connect the concept to requirements, constraints, measurable outcomes, and appropriate trade-offs rather than giving only a definition.","I would first clarify the goal and constraints related to ticket prioritization, then choose an approach that is simple, testable, and appropriate for the situation. I would explain the main trade-offs, validate the result with relevant evidence, and document or communicate important decisions. If the situation changes, I would reassess rather than continuing with an approach that no longer fits.",Clarify requirements|Choose an appropriate approach|Explain trade-offs|Validate the result,Giving only a definition|Ignoring constraints|Overengineering|Making claims without evidence,How would you test your approach to ticket prioritization?|What trade-off would change your decision?,customer support|customer support|ticket prioritization,Ticket Prioritization Interview Questions and Answers | InterviewPrep,Practice ticket prioritization interview questions with practical answers and follow-up guidance for Customer Support candidates.,True
What would you consider when working with empathetic communication as a Customer Support?,what-would-you-consider-when-working-with-empathetic-communication-as-a-customer-support,Customer Support,Customer Support,MID_LEVEL,MEDIUM,BEHAVIORAL,Practical interview preparation for empathetic communication.,"This question tests practical judgment around empathetic communication. A strong answer should connect the concept to requirements, constraints, measurable outcomes, and appropriate trade-offs rather than giving only a definition.","I would first clarify the goal and constraints related to empathetic communication, then choose an approach that is simple, testable, and appropriate for the situation. I would explain the main trade-offs, validate the result with relevant evidence, and document or communicate important decisions. If the situation changes, I would reassess rather than continuing with an approach that no longer fits.",Clarify requirements|Choose an appropriate approach|Explain trade-offs|Validate the result,Giving only a definition|Ignoring constraints|Overengineering|Making claims without evidence,How would you test your approach to empathetic communication?|What trade-off would change your decision?,customer support|customer support|empathetic communication,Empathetic Communication Interview Questions and Answers | InterviewPrep,Practice empathetic communication interview questions with practical answers and follow-up guidance for Customer Support candidates.,True
How would you explain difficult customers to an interviewer?,how-would-you-explain-difficult-customers-to-an-interviewer,Customer Support,Customer Support,EXPERIENCED,MEDIUM,CASE_STUDY,Practical interview preparation for difficult customers.,"This question tests practical judgment around difficult customers. A strong answer should connect the concept to requirements, constraints, measurable outcomes, and appropriate trade-offs rather than giving only a definition.","I would first clarify the goal and constraints related to difficult customers, then choose an approach that is simple, testable, and appropriate for the situation. I would explain the main trade-offs, validate the result with relevant evidence, and document or communicate important decisions. If the situation changes, I would reassess rather than continuing with an approach that no longer fits.",Clarify requirements|Choose an appropriate approach|Explain trade-offs|Validate the result,Giving only a definition|Ignoring constraints|Overengineering|Making claims without evidence,How would you test your approach to difficult customers?|What trade-off would change your decision?,customer support|customer support|difficult customers,Difficult Customers Interview Questions and Answers | InterviewPrep,Practice difficult customers interview questions with practical answers and follow-up guidance for Customer Support candidates.,True
What are the main trade-offs involved in SLA management?,what-are-the-main-trade-offs-involved-in-sla-management,Customer Support,Customer Support,FRESHER,HARD,SITUATIONAL,Practical interview preparation for SLA management.,"This question tests practical judgment around SLA management. A strong answer should connect the concept to requirements, constraints, measurable outcomes, and appropriate trade-offs rather than giving only a definition.","I would first clarify the goal and constraints related to SLA management, then choose an approach that is simple, testable, and appropriate for the situation. I would explain the main trade-offs, validate the result with relevant evidence, and document or communicate important decisions. If the situation changes, I would reassess rather than continuing with an approach that no longer fits.",Clarify requirements|Choose an appropriate approach|Explain trade-offs|Validate the result,Giving only a definition|Ignoring constraints|Overengineering|Making claims without evidence,How would you test your approach to SLA management?|What trade-off would change your decision?,customer support|customer support|sla management,Sla Management Interview Questions and Answers | InterviewPrep,Practice SLA management interview questions with practical answers and follow-up guidance for Customer Support candidates.,True
How would you troubleshoot a problem involving escalation?,how-would-you-troubleshoot-a-problem-involving-escalation,Customer Support,Customer Support,MID_LEVEL,MEDIUM,HR,Practical interview preparation for escalation.,"This question tests practical judgment around escalation. A strong answer should connect the concept to requirements, constraints, measurable outcomes, and appropriate trade-offs rather than giving only a definition.","I would first clarify the goal and constraints related to escalation, then choose an approach that is simple, testable, and appropriate for the situation. I would explain the main trade-offs, validate the result with relevant evidence, and document or communicate important decisions. If the situation changes, I would reassess rather than continuing with an approach that no longer fits.",Clarify requirements|Choose an appropriate approach|Explain trade-offs|Validate the result,Giving only a definition|Ignoring constraints|Overengineering|Making claims without evidence,How would you test your approach to escalation?|What trade-off would change your decision?,customer support|customer support|escalation,Escalation Interview Questions and Answers | InterviewPrep,Practice escalation interview questions with practical answers and follow-up guidance for Customer Support candidates.,True
How would you approach root cause analysis in a Customer Support role?,how-would-you-approach-root-cause-analysis-in-a-customer-support-role,Customer Support,Customer Support,FRESHER,EASY,BEHAVIORAL,Practical interview preparation for root cause analysis.,"This question tests practical judgment around root cause analysis. A strong answer should connect the concept to requirements, constraints, measurable outcomes, and appropriate trade-offs rather than giving only a definition.","I would first clarify the goal and constraints related to root cause analysis, then choose an approach that is simple, testable, and appropriate for the situation. I would explain the main trade-offs, validate the result with relevant evidence, and document or communicate important decisions. If the situation changes, I would reassess rather than continuing with an approach that no longer fits.",Clarify requirements|Choose an appropriate approach|Explain trade-offs|Validate the result,Giving only a definition|Ignoring constraints|Overengineering|Making claims without evidence,How would you test your approach to root cause analysis?|What trade-off would change your decision?,customer support|customer support|root cause analysis,Root Cause Analysis Interview Questions and Answers | InterviewPrep,Practice root cause analysis interview questions with practical answers and follow-up guidance for Customer Support candidates.,True
What would you consider when working with knowledge bases as a Customer Support?,what-would-you-consider-when-working-with-knowledge-bases-as-a-customer-support,Customer Support,Customer Support,MID_LEVEL,MEDIUM,BEHAVIORAL,Practical interview preparation for knowledge bases.,"This question tests practical judgment around knowledge bases. A strong answer should connect the concept to requirements, constraints, measurable outcomes, and appropriate trade-offs rather than giving only a definition.","I would first clarify the goal and constraints related to knowledge bases, then choose an approach that is simple, testable, and appropriate for the situation. I would explain the main trade-offs, validate the result with relevant evidence, and document or communicate important decisions. If the situation changes, I would reassess rather than continuing with an approach that no longer fits.",Clarify requirements|Choose an appropriate approach|Explain trade-offs|Validate the result,Giving only a definition|Ignoring constraints|Overengineering|Making claims without evidence,How would you test your approach to knowledge bases?|What trade-off would change your decision?,customer support|customer support|knowledge bases,Knowledge Bases Interview Questions and Answers | InterviewPrep,Practice knowledge bases interview questions with practical answers and follow-up guidance for Customer Support candidates.,True
How would you explain first response time to an interviewer?,how-would-you-explain-first-response-time-to-an-interviewer,Customer Support,Customer Support,EXPERIENCED,MEDIUM,CASE_STUDY,Practical interview preparation for first response time.,"This question tests practical judgment around first response time. A strong answer should connect the concept to requirements, constraints, measurable outcomes, and appropriate trade-offs rather than giving only a definition.","I would first clarify the goal and constraints related to first response time, then choose an approach that is simple, testable, and appropriate for the situation. I would explain the main trade-offs, validate the result with relevant evidence, and document or communicate important decisions. If the situation changes, I would reassess rather than continuing with an approach that no longer fits.",Clarify requirements|Choose an appropriate approach|Explain trade-offs|Validate the result,Giving only a definition|Ignoring constraints|Overengineering|Making claims without evidence,How would you test your approach to first response time?|What trade-off would change your decision?,customer support|customer support|first response time,First Response Time Interview Questions and Answers | InterviewPrep,Practice first response time interview questions with practical answers and follow-up guidance for Customer Support candidates.,True
What are the main trade-offs involved in resolution time?,what-are-the-main-trade-offs-involved-in-resolution-time,Customer Support,Customer Support,FRESHER,HARD,SITUATIONAL,Practical interview preparation for resolution time.,"This question tests practical judgment around resolution time. A strong answer should connect the concept to requirements, constraints, measurable outcomes, and appropriate trade-offs rather than giving only a definition.","I would first clarify the goal and constraints related to resolution time, then choose an approach that is simple, testable, and appropriate for the situation. I would explain the main trade-offs, validate the result with relevant evidence, and document or communicate important decisions. If the situation changes, I would reassess rather than continuing with an approach that no longer fits.",Clarify requirements|Choose an appropriate approach|Explain trade-offs|Validate the result,Giving only a definition|Ignoring constraints|Overengineering|Making claims without evidence,How would you test your approach to resolution time?|What trade-off would change your decision?,customer support|customer support|resolution time,Resolution Time Interview Questions and Answers | InterviewPrep,Practice resolution time interview questions with practical answers and follow-up guidance for Customer Support candidates.,True
How would you troubleshoot a problem involving customer satisfaction?,how-would-you-troubleshoot-a-problem-involving-customer-satisfaction,Customer Support,Customer Support,MID_LEVEL,MEDIUM,HR,Practical interview preparation for customer satisfaction.,"This question tests practical judgment around customer satisfaction. A strong answer should connect the concept to requirements, constraints, measurable outcomes, and appropriate trade-offs rather than giving only a definition.","I would first clarify the goal and constraints related to customer satisfaction, then choose an approach that is simple, testable, and appropriate for the situation. I would explain the main trade-offs, validate the result with relevant evidence, and document or communicate important decisions. If the situation changes, I would reassess rather than continuing with an approach that no longer fits.",Clarify requirements|Choose an appropriate approach|Explain trade-offs|Validate the result,Giving only a definition|Ignoring constraints|Overengineering|Making claims without evidence,How would you test your approach to customer satisfaction?|What trade-off would change your decision?,customer support|customer support|customer satisfaction,Customer Satisfaction Interview Questions and Answers | InterviewPrep,Practice customer satisfaction interview questions with practical answers and follow-up guidance for Customer Support candidates.,True
How would you approach handling outages in a Customer Support role?,how-would-you-approach-handling-outages-in-a-customer-support-role,Customer Support,Customer Support,FRESHER,EASY,BEHAVIORAL,Practical interview preparation for handling outages.,"This question tests practical judgment around handling outages. A strong answer should connect the concept to requirements, constraints, measurable outcomes, and appropriate trade-offs rather than giving only a definition.","I would first clarify the goal and constraints related to handling outages, then choose an approach that is simple, testable, and appropriate for the situation. I would explain the main trade-offs, validate the result with relevant evidence, and document or communicate important decisions. If the situation changes, I would reassess rather than continuing with an approach that no longer fits.",Clarify requirements|Choose an appropriate approach|Explain trade-offs|Validate the result,Giving only a definition|Ignoring constraints|Overengineering|Making claims without evidence,How would you test your approach to handling outages?|What trade-off would change your decision?,customer support|customer support|handling outages,Handling Outages Interview Questions and Answers | InterviewPrep,Practice handling outages interview questions with practical answers and follow-up guidance for Customer Support candidates.,True
What would you consider when working with refund requests as a Customer Support?,what-would-you-consider-when-working-with-refund-requests-as-a-customer-support,Customer Support,Customer Support,MID_LEVEL,MEDIUM,BEHAVIORAL,Practical interview preparation for refund requests.,"This question tests practical judgment around refund requests. A strong answer should connect the concept to requirements, constraints, measurable outcomes, and appropriate trade-offs rather than giving only a definition.","I would first clarify the goal and constraints related to refund requests, then choose an approach that is simple, testable, and appropriate for the situation. I would explain the main trade-offs, validate the result with relevant evidence, and document or communicate important decisions. If the situation changes, I would reassess rather than continuing with an approach that no longer fits.",Clarify requirements|Choose an appropriate approach|Explain trade-offs|Validate the result,Giving only a definition|Ignoring constraints|Overengineering|Making claims without evidence,How would you test your approach to refund requests?|What trade-off would change your decision?,customer support|customer support|refund requests,Refund Requests Interview Questions and Answers | InterviewPrep,Practice refund requests interview questions with practical answers and follow-up guidance for Customer Support candidates.,True
How would you explain feature requests to an interviewer?,how-would-you-explain-feature-requests-to-an-interviewer,Customer Support,Customer Support,EXPERIENCED,MEDIUM,CASE_STUDY,Practical interview preparation for feature requests.,"This question tests practical judgment around feature requests. A strong answer should connect the concept to requirements, constraints, measurable outcomes, and appropriate trade-offs rather than giving only a definition.","I would first clarify the goal and constraints related to feature requests, then choose an approach that is simple, testable, and appropriate for the situation. I would explain the main trade-offs, validate the result with relevant evidence, and document or communicate important decisions. If the situation changes, I would reassess rather than continuing with an approach that no longer fits.",Clarify requirements|Choose an appropriate approach|Explain trade-offs|Validate the result,Giving only a definition|Ignoring constraints|Overengineering|Making claims without evidence,How would you test your approach to feature requests?|What trade-off would change your decision?,customer support|customer support|feature requests,Feature Requests Interview Questions and Answers | InterviewPrep,Practice feature requests interview questions with practical answers and follow-up guidance for Customer Support candidates.,True
What are the main trade-offs involved in bug reports?,what-are-the-main-trade-offs-involved-in-bug-reports,Customer Support,Customer Support,FRESHER,HARD,SITUATIONAL,Practical interview preparation for bug reports.,"This question tests practical judgment around bug reports. A strong answer should connect the concept to requirements, constraints, measurable outcomes, and appropriate trade-offs rather than giving only a definition.","I would first clarify the goal and constraints related to bug reports, then choose an approach that is simple, testable, and appropriate for the situation. I would explain the main trade-offs, validate the result with relevant evidence, and document or communicate important decisions. If the situation changes, I would reassess rather than continuing with an approach that no longer fits.",Clarify requirements|Choose an appropriate approach|Explain trade-offs|Validate the result,Giving only a definition|Ignoring constraints|Overengineering|Making claims without evidence,How would you test your approach to bug reports?|What trade-off would change your decision?,customer support|customer support|bug reports,Bug Reports Interview Questions and Answers | InterviewPrep,Practice bug reports interview questions with practical answers and follow-up guidance for Customer Support candidates.,True
How would you troubleshoot a problem involving multichannel support?,how-would-you-troubleshoot-a-problem-involving-multichannel-support,Customer Support,Customer Support,MID_LEVEL,MEDIUM,HR,Practical interview preparation for multichannel support.,"This question tests practical judgment around multichannel support. A strong answer should connect the concept to requirements, constraints, measurable outcomes, and appropriate trade-offs rather than giving only a definition.","I would first clarify the goal and constraints related to multichannel support, then choose an approach that is simple, testable, and appropriate for the situation. I would explain the main trade-offs, validate the result with relevant evidence, and document or communicate important decisions. If the situation changes, I would reassess rather than continuing with an approach that no longer fits.",Clarify requirements|Choose an appropriate approach|Explain trade-offs|Validate the result,Giving only a definition|Ignoring constraints|Overengineering|Making claims without evidence,How would you test your approach to multichannel support?|What trade-off would change your decision?,customer support|customer support|multichannel support,Multichannel Support Interview Questions and Answers | InterviewPrep,Practice multichannel support interview questions with practical answers and follow-up guidance for Customer Support candidates.,True
How would you approach documentation in a Customer Support role?,how-would-you-approach-documentation-in-a-customer-support-role,Customer Support,Customer Support,FRESHER,EASY,BEHAVIORAL,Practical interview preparation for documentation.,"This question tests practical judgment around documentation. A strong answer should connect the concept to requirements, constraints, measurable outcomes, and appropriate trade-offs rather than giving only a definition.","I would first clarify the goal and constraints related to documentation, then choose an approach that is simple, testable, and appropriate for the situation. I would explain the main trade-offs, validate the result with relevant evidence, and document or communicate important decisions. If the situation changes, I would reassess rather than continuing with an approach that no longer fits.",Clarify requirements|Choose an appropriate approach|Explain trade-offs|Validate the result,Giving only a definition|Ignoring constraints|Overengineering|Making claims without evidence,How would you test your approach to documentation?|What trade-off would change your decision?,customer support|customer support|documentation,Documentation Interview Questions and Answers | InterviewPrep,Practice documentation interview questions with practical answers and follow-up guidance for Customer Support candidates.,True
What would you consider when working with follow-up commitments as a Customer Support?,what-would-you-consider-when-working-with-follow-up-commitments-as-a-customer-support,Customer Support,Customer Support,MID_LEVEL,MEDIUM,BEHAVIORAL,Practical interview preparation for follow-up commitments.,"This question tests practical judgment around follow-up commitments. A strong answer should connect the concept to requirements, constraints, measurable outcomes, and appropriate trade-offs rather than giving only a definition.","I would first clarify the goal and constraints related to follow-up commitments, then choose an approach that is simple, testable, and appropriate for the situation. I would explain the main trade-offs, validate the result with relevant evidence, and document or communicate important decisions. If the situation changes, I would reassess rather than continuing with an approach that no longer fits.",Clarify requirements|Choose an appropriate approach|Explain trade-offs|Validate the result,Giving only a definition|Ignoring constraints|Overengineering|Making claims without evidence,How would you test your approach to follow-up commitments?|What trade-off would change your decision?,customer support|customer support|follow-up commitments,Follow-Up Commitments Interview Questions and Answers | InterviewPrep,Practice follow-up commitments interview questions with practical answers and follow-up guidance for Customer Support candidates.,True
How would you explain support quality audits to an interviewer?,how-would-you-explain-support-quality-audits-to-an-interviewer,Customer Support,Customer Support,EXPERIENCED,MEDIUM,CASE_STUDY,Practical interview preparation for support quality audits.,"This question tests practical judgment around support quality audits. A strong answer should connect the concept to requirements, constraints, measurable outcomes, and appropriate trade-offs rather than giving only a definition.","I would first clarify the goal and constraints related to support quality audits, then choose an approach that is simple, testable, and appropriate for the situation. I would explain the main trade-offs, validate the result with relevant evidence, and document or communicate important decisions. If the situation changes, I would reassess rather than continuing with an approach that no longer fits.",Clarify requirements|Choose an appropriate approach|Explain trade-offs|Validate the result,Giving only a definition|Ignoring constraints|Overengineering|Making claims without evidence,How would you test your approach to support quality audits?|What trade-off would change your decision?,customer support|customer support|support quality audits,Support Quality Audits Interview Questions and Answers | InterviewPrep,Practice support quality audits interview questions with practical answers and follow-up guidance for Customer Support candidates.,True
What are the main trade-offs involved in de-escalation?,what-are-the-main-trade-offs-involved-in-de-escalation,Customer Support,Customer Support,FRESHER,HARD,SITUATIONAL,Practical interview preparation for de-escalation.,"This question tests practical judgment around de-escalation. A strong answer should connect the concept to requirements, constraints, measurable outcomes, and appropriate trade-offs rather than giving only a definition.","I would first clarify the goal and constraints related to de-escalation, then choose an approach that is simple, testable, and appropriate for the situation. I would explain the main trade-offs, validate the result with relevant evidence, and document or communicate important decisions. If the situation changes, I would reassess rather than continuing with an approach that no longer fits.",Clarify requirements|Choose an appropriate approach|Explain trade-offs|Validate the result,Giving only a definition|Ignoring constraints|Overengineering|Making claims without evidence,How would you test your approach to de-escalation?|What trade-off would change your decision?,customer support|customer support|de-escalation,De-Escalation Interview Questions and Answers | InterviewPrep,Practice de-escalation interview questions with practical answers and follow-up guidance for Customer Support candidates.,True
How would you troubleshoot a problem involving case ownership?,how-would-you-troubleshoot-a-problem-involving-case-ownership,Customer Support,Customer Support,MID_LEVEL,MEDIUM,HR,Practical interview preparation for case ownership.,"This question tests practical judgment around case ownership. A strong answer should connect the concept to requirements, constraints, measurable outcomes, and appropriate trade-offs rather than giving only a definition.","I would first clarify the goal and constraints related to case ownership, then choose an approach that is simple, testable, and appropriate for the situation. I would explain the main trade-offs, validate the result with relevant evidence, and document or communicate important decisions. If the situation changes, I would reassess rather than continuing with an approach that no longer fits.",Clarify requirements|Choose an appropriate approach|Explain trade-offs|Validate the result,Giving only a definition|Ignoring constraints|Overengineering|Making claims without evidence,How would you test your approach to case ownership?|What trade-off would change your decision?,customer support|customer support|case ownership,Case Ownership Interview Questions and Answers | InterviewPrep,Practice case ownership interview questions with practical answers and follow-up guidance for Customer Support candidates.,True
How would you approach bank reconciliation in a Accountant role?,how-would-you-approach-bank-reconciliation-in-a-accountant-role,Accountant,Accountant,FRESHER,EASY,TECHNICAL,Practical interview preparation for bank reconciliation.,"This question tests practical judgment around bank reconciliation. A strong answer should connect the concept to requirements, constraints, measurable outcomes, and appropriate trade-offs rather than giving only a definition.","I would first clarify the goal and constraints related to bank reconciliation, then choose an approach that is simple, testable, and appropriate for the situation. I would explain the main trade-offs, validate the result with relevant evidence, and document or communicate important decisions. If the situation changes, I would reassess rather than continuing with an approach that no longer fits.",Clarify requirements|Choose an appropriate approach|Explain trade-offs|Validate the result,Giving only a definition|Ignoring constraints|Overengineering|Making claims without evidence,How would you test your approach to bank reconciliation?|What trade-off would change your decision?,accountant|accountant|bank reconciliation,Bank Reconciliation Interview Questions and Answers | InterviewPrep,Practice bank reconciliation interview questions with practical answers and follow-up guidance for Accountant candidates.,True
What would you consider when working with accounts payable as a Accountant?,what-would-you-consider-when-working-with-accounts-payable-as-a-accountant,Accountant,Accountant,MID_LEVEL,MEDIUM,TECHNICAL,Practical interview preparation for accounts payable.,"This question tests practical judgment around accounts payable. A strong answer should connect the concept to requirements, constraints, measurable outcomes, and appropriate trade-offs rather than giving only a definition.","I would first clarify the goal and constraints related to accounts payable, then choose an approach that is simple, testable, and appropriate for the situation. I would explain the main trade-offs, validate the result with relevant evidence, and document or communicate important decisions. If the situation changes, I would reassess rather than continuing with an approach that no longer fits.",Clarify requirements|Choose an appropriate approach|Explain trade-offs|Validate the result,Giving only a definition|Ignoring constraints|Overengineering|Making claims without evidence,How would you test your approach to accounts payable?|What trade-off would change your decision?,accountant|accountant|accounts payable,Accounts Payable Interview Questions and Answers | InterviewPrep,Practice accounts payable interview questions with practical answers and follow-up guidance for Accountant candidates.,True
How would you explain accounts receivable to an interviewer?,how-would-you-explain-accounts-receivable-to-an-interviewer,Accountant,Accountant,EXPERIENCED,MEDIUM,CASE_STUDY,Practical interview preparation for accounts receivable.,"This question tests practical judgment around accounts receivable. A strong answer should connect the concept to requirements, constraints, measurable outcomes, and appropriate trade-offs rather than giving only a definition.","I would first clarify the goal and constraints related to accounts receivable, then choose an approach that is simple, testable, and appropriate for the situation. I would explain the main trade-offs, validate the result with relevant evidence, and document or communicate important decisions. If the situation changes, I would reassess rather than continuing with an approach that no longer fits.",Clarify requirements|Choose an appropriate approach|Explain trade-offs|Validate the result,Giving only a definition|Ignoring constraints|Overengineering|Making claims without evidence,How would you test your approach to accounts receivable?|What trade-off would change your decision?,accountant|accountant|accounts receivable,Accounts Receivable Interview Questions and Answers | InterviewPrep,Practice accounts receivable interview questions with practical answers and follow-up guidance for Accountant candidates.,True
What are the main trade-offs involved in accruals?,what-are-the-main-trade-offs-involved-in-accruals,Accountant,Accountant,FRESHER,HARD,TECHNICAL,Practical interview preparation for accruals.,"This question tests practical judgment around accruals. A strong answer should connect the concept to requirements, constraints, measurable outcomes, and appropriate trade-offs rather than giving only a definition.","I would first clarify the goal and constraints related to accruals, then choose an approach that is simple, testable, and appropriate for the situation. I would explain the main trade-offs, validate the result with relevant evidence, and document or communicate important decisions. If the situation changes, I would reassess rather than continuing with an approach that no longer fits.",Clarify requirements|Choose an appropriate approach|Explain trade-offs|Validate the result,Giving only a definition|Ignoring constraints|Overengineering|Making claims without evidence,How would you test your approach to accruals?|What trade-off would change your decision?,accountant|accountant|accruals,Accruals Interview Questions and Answers | InterviewPrep,Practice accruals interview questions with practical answers and follow-up guidance for Accountant candidates.,True
How would you troubleshoot a problem involving prepayments?,how-would-you-troubleshoot-a-problem-involving-prepayments,Accountant,Accountant,MID_LEVEL,MEDIUM,TECHNICAL,Practical interview preparation for prepayments.,"This question tests practical judgment around prepayments. A strong answer should connect the concept to requirements, constraints, measurable outcomes, and appropriate trade-offs rather than giving only a definition.","I would first clarify the goal and constraints related to prepayments, then choose an approach that is simple, testable, and appropriate for the situation. I would explain the main trade-offs, validate the result with relevant evidence, and document or communicate important decisions. If the situation changes, I would reassess rather than continuing with an approach that no longer fits.",Clarify requirements|Choose an appropriate approach|Explain trade-offs|Validate the result,Giving only a definition|Ignoring constraints|Overengineering|Making claims without evidence,How would you test your approach to prepayments?|What trade-off would change your decision?,accountant|accountant|prepayments,Prepayments Interview Questions and Answers | InterviewPrep,Practice prepayments interview questions with practical answers and follow-up guidance for Accountant candidates.,True
How would you approach trial balance in a Accountant role?,how-would-you-approach-trial-balance-in-a-accountant-role,Accountant,Accountant,FRESHER,EASY,TECHNICAL,Practical interview preparation for trial balance.,"This question tests practical judgment around trial balance. A strong answer should connect the concept to requirements, constraints, measurable outcomes, and appropriate trade-offs rather than giving only a definition.","I would first clarify the goal and constraints related to trial balance, then choose an approach that is simple, testable, and appropriate for the situation. I would explain the main trade-offs, validate the result with relevant evidence, and document or communicate important decisions. If the situation changes, I would reassess rather than continuing with an approach that no longer fits.",Clarify requirements|Choose an appropriate approach|Explain trade-offs|Validate the result,Giving only a definition|Ignoring constraints|Overengineering|Making claims without evidence,How would you test your approach to trial balance?|What trade-off would change your decision?,accountant|accountant|trial balance,Trial Balance Interview Questions and Answers | InterviewPrep,Practice trial balance interview questions with practical answers and follow-up guidance for Accountant candidates.,True
What would you consider when working with month-end close as a Accountant?,what-would-you-consider-when-working-with-month-end-close-as-a-accountant,Accountant,Accountant,MID_LEVEL,MEDIUM,TECHNICAL,Practical interview preparation for month-end close.,"This question tests practical judgment around month-end close. A strong answer should connect the concept to requirements, constraints, measurable outcomes, and appropriate trade-offs rather than giving only a definition.","I would first clarify the goal and constraints related to month-end close, then choose an approach that is simple, testable, and appropriate for the situation. I would explain the main trade-offs, validate the result with relevant evidence, and document or communicate important decisions. If the situation changes, I would reassess rather than continuing with an approach that no longer fits.",Clarify requirements|Choose an appropriate approach|Explain trade-offs|Validate the result,Giving only a definition|Ignoring constraints|Overengineering|Making claims without evidence,How would you test your approach to month-end close?|What trade-off would change your decision?,accountant|accountant|month-end close,Month-End Close Interview Questions and Answers | InterviewPrep,Practice month-end close interview questions with practical answers and follow-up guidance for Accountant candidates.,True
How would you explain journal entries to an interviewer?,how-would-you-explain-journal-entries-to-an-interviewer,Accountant,Accountant,EXPERIENCED,MEDIUM,CASE_STUDY,Practical interview preparation for journal entries.,"This question tests practical judgment around journal entries. A strong answer should connect the concept to requirements, constraints, measurable outcomes, and appropriate trade-offs rather than giving only a definition.","I would first clarify the goal and constraints related to journal entries, then choose an approach that is simple, testable, and appropriate for the situation. I would explain the main trade-offs, validate the result with relevant evidence, and document or communicate important decisions. If the situation changes, I would reassess rather than continuing with an approach that no longer fits.",Clarify requirements|Choose an appropriate approach|Explain trade-offs|Validate the result,Giving only a definition|Ignoring constraints|Overengineering|Making claims without evidence,How would you test your approach to journal entries?|What trade-off would change your decision?,accountant|accountant|journal entries,Journal Entries Interview Questions and Answers | InterviewPrep,Practice journal entries interview questions with practical answers and follow-up guidance for Accountant candidates.,True
What are the main trade-offs involved in fixed assets?,what-are-the-main-trade-offs-involved-in-fixed-assets,Accountant,Accountant,FRESHER,HARD,TECHNICAL,Practical interview preparation for fixed assets.,"This question tests practical judgment around fixed assets. A strong answer should connect the concept to requirements, constraints, measurable outcomes, and appropriate trade-offs rather than giving only a definition.","I would first clarify the goal and constraints related to fixed assets, then choose an approach that is simple, testable, and appropriate for the situation. I would explain the main trade-offs, validate the result with relevant evidence, and document or communicate important decisions. If the situation changes, I would reassess rather than continuing with an approach that no longer fits.",Clarify requirements|Choose an appropriate approach|Explain trade-offs|Validate the result,Giving only a definition|Ignoring constraints|Overengineering|Making claims without evidence,How would you test your approach to fixed assets?|What trade-off would change your decision?,accountant|accountant|fixed assets,Fixed Assets Interview Questions and Answers | InterviewPrep,Practice fixed assets interview questions with practical answers and follow-up guidance for Accountant candidates.,True
How would you troubleshoot a problem involving depreciation?,how-would-you-troubleshoot-a-problem-involving-depreciation,Accountant,Accountant,MID_LEVEL,MEDIUM,TECHNICAL,Practical interview preparation for depreciation.,"This question tests practical judgment around depreciation. A strong answer should connect the concept to requirements, constraints, measurable outcomes, and appropriate trade-offs rather than giving only a definition.","I would first clarify the goal and constraints related to depreciation, then choose an approach that is simple, testable, and appropriate for the situation. I would explain the main trade-offs, validate the result with relevant evidence, and document or communicate important decisions. If the situation changes, I would reassess rather than continuing with an approach that no longer fits.",Clarify requirements|Choose an appropriate approach|Explain trade-offs|Validate the result,Giving only a definition|Ignoring constraints|Overengineering|Making claims without evidence,How would you test your approach to depreciation?|What trade-off would change your decision?,accountant|accountant|depreciation,Depreciation Interview Questions and Answers | InterviewPrep,Practice depreciation interview questions with practical answers and follow-up guidance for Accountant candidates.,True
How would you approach inventory valuation in a Accountant role?,how-would-you-approach-inventory-valuation-in-a-accountant-role,Accountant,Accountant,FRESHER,EASY,TECHNICAL,Practical interview preparation for inventory valuation.,"This question tests practical judgment around inventory valuation. A strong answer should connect the concept to requirements, constraints, measurable outcomes, and appropriate trade-offs rather than giving only a definition.","I would first clarify the goal and constraints related to inventory valuation, then choose an approach that is simple, testable, and appropriate for the situation. I would explain the main trade-offs, validate the result with relevant evidence, and document or communicate important decisions. If the situation changes, I would reassess rather than continuing with an approach that no longer fits.",Clarify requirements|Choose an appropriate approach|Explain trade-offs|Validate the result,Giving only a definition|Ignoring constraints|Overengineering|Making claims without evidence,How would you test your approach to inventory valuation?|What trade-off would change your decision?,accountant|accountant|inventory valuation,Inventory Valuation Interview Questions and Answers | InterviewPrep,Practice inventory valuation interview questions with practical answers and follow-up guidance for Accountant candidates.,True
What would you consider when working with cash flow as a Accountant?,what-would-you-consider-when-working-with-cash-flow-as-a-accountant,Accountant,Accountant,MID_LEVEL,MEDIUM,TECHNICAL,Practical interview preparation for cash flow.,"This question tests practical judgment around cash flow. A strong answer should connect the concept to requirements, constraints, measurable outcomes, and appropriate trade-offs rather than giving only a definition.","I would first clarify the goal and constraints related to cash flow, then choose an approach that is simple, testable, and appropriate for the situation. I would explain the main trade-offs, validate the result with relevant evidence, and document or communicate important decisions. If the situation changes, I would reassess rather than continuing with an approach that no longer fits.",Clarify requirements|Choose an appropriate approach|Explain trade-offs|Validate the result,Giving only a definition|Ignoring constraints|Overengineering|Making claims without evidence,How would you test your approach to cash flow?|What trade-off would change your decision?,accountant|accountant|cash flow,Cash Flow Interview Questions and Answers | InterviewPrep,Practice cash flow interview questions with practical answers and follow-up guidance for Accountant candidates.,True
How would you explain variance analysis to an interviewer?,how-would-you-explain-variance-analysis-to-an-interviewer,Accountant,Accountant,EXPERIENCED,MEDIUM,CASE_STUDY,Practical interview preparation for variance analysis.,"This question tests practical judgment around variance analysis. A strong answer should connect the concept to requirements, constraints, measurable outcomes, and appropriate trade-offs rather than giving only a definition.","I would first clarify the goal and constraints related to variance analysis, then choose an approach that is simple, testable, and appropriate for the situation. I would explain the main trade-offs, validate the result with relevant evidence, and document or communicate important decisions. If the situation changes, I would reassess rather than continuing with an approach that no longer fits.",Clarify requirements|Choose an appropriate approach|Explain trade-offs|Validate the result,Giving only a definition|Ignoring constraints|Overengineering|Making claims without evidence,How would you test your approach to variance analysis?|What trade-off would change your decision?,accountant|accountant|variance analysis,Variance Analysis Interview Questions and Answers | InterviewPrep,Practice variance analysis interview questions with practical answers and follow-up guidance for Accountant candidates.,True
What are the main trade-offs involved in internal controls?,what-are-the-main-trade-offs-involved-in-internal-controls,Accountant,Accountant,FRESHER,HARD,TECHNICAL,Practical interview preparation for internal controls.,"This question tests practical judgment around internal controls. A strong answer should connect the concept to requirements, constraints, measurable outcomes, and appropriate trade-offs rather than giving only a definition.","I would first clarify the goal and constraints related to internal controls, then choose an approach that is simple, testable, and appropriate for the situation. I would explain the main trade-offs, validate the result with relevant evidence, and document or communicate important decisions. If the situation changes, I would reassess rather than continuing with an approach that no longer fits.",Clarify requirements|Choose an appropriate approach|Explain trade-offs|Validate the result,Giving only a definition|Ignoring constraints|Overengineering|Making claims without evidence,How would you test your approach to internal controls?|What trade-off would change your decision?,accountant|accountant|internal controls,Internal Controls Interview Questions and Answers | InterviewPrep,Practice internal controls interview questions with practical answers and follow-up guidance for Accountant candidates.,True
How would you troubleshoot a problem involving audit trail?,how-would-you-troubleshoot-a-problem-involving-audit-trail,Accountant,Accountant,MID_LEVEL,MEDIUM,TECHNICAL,Practical interview preparation for audit trail.,"This question tests practical judgment around audit trail. A strong answer should connect the concept to requirements, constraints, measurable outcomes, and appropriate trade-offs rather than giving only a definition.","I would first clarify the goal and constraints related to audit trail, then choose an approach that is simple, testable, and appropriate for the situation. I would explain the main trade-offs, validate the result with relevant evidence, and document or communicate important decisions. If the situation changes, I would reassess rather than continuing with an approach that no longer fits.",Clarify requirements|Choose an appropriate approach|Explain trade-offs|Validate the result,Giving only a definition|Ignoring constraints|Overengineering|Making claims without evidence,How would you test your approach to audit trail?|What trade-off would change your decision?,accountant|accountant|audit trail,Audit Trail Interview Questions and Answers | InterviewPrep,Practice audit trail interview questions with practical answers and follow-up guidance for Accountant candidates.,True
How would you approach financial reporting in a Accountant role?,how-would-you-approach-financial-reporting-in-a-accountant-role,Accountant,Accountant,FRESHER,EASY,TECHNICAL,Practical interview preparation for financial reporting.,"This question tests practical judgment around financial reporting. A strong answer should connect the concept to requirements, constraints, measurable outcomes, and appropriate trade-offs rather than giving only a definition.","I would first clarify the goal and constraints related to financial reporting, then choose an approach that is simple, testable, and appropriate for the situation. I would explain the main trade-offs, validate the result with relevant evidence, and document or communicate important decisions. If the situation changes, I would reassess rather than continuing with an approach that no longer fits.",Clarify requirements|Choose an appropriate approach|Explain trade-offs|Validate the result,Giving only a definition|Ignoring constraints|Overengineering|Making claims without evidence,How would you test your approach to financial reporting?|What trade-off would change your decision?,accountant|accountant|financial reporting,Financial Reporting Interview Questions and Answers | InterviewPrep,Practice financial reporting interview questions with practical answers and follow-up guidance for Accountant candidates.,True
What would you consider when working with materiality as a Accountant?,what-would-you-consider-when-working-with-materiality-as-a-accountant,Accountant,Accountant,MID_LEVEL,MEDIUM,TECHNICAL,Practical interview preparation for materiality.,"This question tests practical judgment around materiality. A strong answer should connect the concept to requirements, constraints, measurable outcomes, and appropriate trade-offs rather than giving only a definition.","I would first clarify the goal and constraints related to materiality, then choose an approach that is simple, testable, and appropriate for the situation. I would explain the main trade-offs, validate the result with relevant evidence, and document or communicate important decisions. If the situation changes, I would reassess rather than continuing with an approach that no longer fits.",Clarify requirements|Choose an appropriate approach|Explain trade-offs|Validate the result,Giving only a definition|Ignoring constraints|Overengineering|Making claims without evidence,How would you test your approach to materiality?|What trade-off would change your decision?,accountant|accountant|materiality,Materiality Interview Questions and Answers | InterviewPrep,Practice materiality interview questions with practical answers and follow-up guidance for Accountant candidates.,True
How would you explain error correction to an interviewer?,how-would-you-explain-error-correction-to-an-interviewer,Accountant,Accountant,EXPERIENCED,MEDIUM,CASE_STUDY,Practical interview preparation for error correction.,"This question tests practical judgment around error correction. A strong answer should connect the concept to requirements, constraints, measurable outcomes, and appropriate trade-offs rather than giving only a definition.","I would first clarify the goal and constraints related to error correction, then choose an approach that is simple, testable, and appropriate for the situation. I would explain the main trade-offs, validate the result with relevant evidence, and document or communicate important decisions. If the situation changes, I would reassess rather than continuing with an approach that no longer fits.",Clarify requirements|Choose an appropriate approach|Explain trade-offs|Validate the result,Giving only a definition|Ignoring constraints|Overengineering|Making claims without evidence,How would you test your approach to error correction?|What trade-off would change your decision?,accountant|accountant|error correction,Error Correction Interview Questions and Answers | InterviewPrep,Practice error correction interview questions with practical answers and follow-up guidance for Accountant candidates.,True
What are the main trade-offs involved in tax documentation?,what-are-the-main-trade-offs-involved-in-tax-documentation,Accountant,Accountant,FRESHER,HARD,TECHNICAL,Practical interview preparation for tax documentation.,"This question tests practical judgment around tax documentation. A strong answer should connect the concept to requirements, constraints, measurable outcomes, and appropriate trade-offs rather than giving only a definition.","I would first clarify the goal and constraints related to tax documentation, then choose an approach that is simple, testable, and appropriate for the situation. I would explain the main trade-offs, validate the result with relevant evidence, and document or communicate important decisions. If the situation changes, I would reassess rather than continuing with an approach that no longer fits.",Clarify requirements|Choose an appropriate approach|Explain trade-offs|Validate the result,Giving only a definition|Ignoring constraints|Overengineering|Making claims without evidence,How would you test your approach to tax documentation?|What trade-off would change your decision?,accountant|accountant|tax documentation,Tax Documentation Interview Questions and Answers | InterviewPrep,Practice tax documentation interview questions with practical answers and follow-up guidance for Accountant candidates.,True
How would you troubleshoot a problem involving close checklist?,how-would-you-troubleshoot-a-problem-involving-close-checklist,Accountant,Accountant,MID_LEVEL,MEDIUM,TECHNICAL,Practical interview preparation for close checklist.,"This question tests practical judgment around close checklist. A strong answer should connect the concept to requirements, constraints, measurable outcomes, and appropriate trade-offs rather than giving only a definition.","I would first clarify the goal and constraints related to close checklist, then choose an approach that is simple, testable, and appropriate for the situation. I would explain the main trade-offs, validate the result with relevant evidence, and document or communicate important decisions. If the situation changes, I would reassess rather than continuing with an approach that no longer fits.",Clarify requirements|Choose an appropriate approach|Explain trade-offs|Validate the result,Giving only a definition|Ignoring constraints|Overengineering|Making claims without evidence,How would you test your approach to close checklist?|What trade-off would change your decision?,accountant|accountant|close checklist,Close Checklist Interview Questions and Answers | InterviewPrep,Practice close checklist interview questions with practical answers and follow-up guidance for Accountant candidates.,True
How would you approach KYC in a Banking role?,how-would-you-approach-kyc-in-a-banking-role,Banking,Banking,FRESHER,EASY,TECHNICAL,Practical interview preparation for KYC.,"This question tests practical judgment around KYC. A strong answer should connect the concept to requirements, constraints, measurable outcomes, and appropriate trade-offs rather than giving only a definition.","I would first clarify the goal and constraints related to KYC, then choose an approach that is simple, testable, and appropriate for the situation. I would explain the main trade-offs, validate the result with relevant evidence, and document or communicate important decisions. If the situation changes, I would reassess rather than continuing with an approach that no longer fits.",Clarify requirements|Choose an appropriate approach|Explain trade-offs|Validate the result,Giving only a definition|Ignoring constraints|Overengineering|Making claims without evidence,How would you test your approach to KYC?|What trade-off would change your decision?,banking|banking|kyc,Kyc Interview Questions and Answers | InterviewPrep,Practice KYC interview questions with practical answers and follow-up guidance for Banking candidates.,True
What would you consider when working with customer due diligence as a Banking?,what-would-you-consider-when-working-with-customer-due-diligence-as-a-banking,Banking,Banking,MID_LEVEL,MEDIUM,TECHNICAL,Practical interview preparation for customer due diligence.,"This question tests practical judgment around customer due diligence. A strong answer should connect the concept to requirements, constraints, measurable outcomes, and appropriate trade-offs rather than giving only a definition.","I would first clarify the goal and constraints related to customer due diligence, then choose an approach that is simple, testable, and appropriate for the situation. I would explain the main trade-offs, validate the result with relevant evidence, and document or communicate important decisions. If the situation changes, I would reassess rather than continuing with an approach that no longer fits.",Clarify requirements|Choose an appropriate approach|Explain trade-offs|Validate the result,Giving only a definition|Ignoring constraints|Overengineering|Making claims without evidence,How would you test your approach to customer due diligence?|What trade-off would change your decision?,banking|banking|customer due diligence,Customer Due Diligence Interview Questions and Answers | InterviewPrep,Practice customer due diligence interview questions with practical answers and follow-up guidance for Banking candidates.,True
How would you explain credit assessment to an interviewer?,how-would-you-explain-credit-assessment-to-an-interviewer,Banking,Banking,EXPERIENCED,MEDIUM,CASE_STUDY,Practical interview preparation for credit assessment.,"This question tests practical judgment around credit assessment. A strong answer should connect the concept to requirements, constraints, measurable outcomes, and appropriate trade-offs rather than giving only a definition.","I would first clarify the goal and constraints related to credit assessment, then choose an approach that is simple, testable, and appropriate for the situation. I would explain the main trade-offs, validate the result with relevant evidence, and document or communicate important decisions. If the situation changes, I would reassess rather than continuing with an approach that no longer fits.",Clarify requirements|Choose an appropriate approach|Explain trade-offs|Validate the result,Giving only a definition|Ignoring constraints|Overengineering|Making claims without evidence,How would you test your approach to credit assessment?|What trade-off would change your decision?,banking|banking|credit assessment,Credit Assessment Interview Questions and Answers | InterviewPrep,Practice credit assessment interview questions with practical answers and follow-up guidance for Banking candidates.,True
What are the main trade-offs involved in loan documentation?,what-are-the-main-trade-offs-involved-in-loan-documentation,Banking,Banking,FRESHER,HARD,TECHNICAL,Practical interview preparation for loan documentation.,"This question tests practical judgment around loan documentation. A strong answer should connect the concept to requirements, constraints, measurable outcomes, and appropriate trade-offs rather than giving only a definition.","I would first clarify the goal and constraints related to loan documentation, then choose an approach that is simple, testable, and appropriate for the situation. I would explain the main trade-offs, validate the result with relevant evidence, and document or communicate important decisions. If the situation changes, I would reassess rather than continuing with an approach that no longer fits.",Clarify requirements|Choose an appropriate approach|Explain trade-offs|Validate the result,Giving only a definition|Ignoring constraints|Overengineering|Making claims without evidence,How would you test your approach to loan documentation?|What trade-off would change your decision?,banking|banking|loan documentation,Loan Documentation Interview Questions and Answers | InterviewPrep,Practice loan documentation interview questions with practical answers and follow-up guidance for Banking candidates.,True
How would you troubleshoot a problem involving interest calculation?,how-would-you-troubleshoot-a-problem-involving-interest-calculation,Banking,Banking,MID_LEVEL,MEDIUM,TECHNICAL,Practical interview preparation for interest calculation.,"This question tests practical judgment around interest calculation. A strong answer should connect the concept to requirements, constraints, measurable outcomes, and appropriate trade-offs rather than giving only a definition.","I would first clarify the goal and constraints related to interest calculation, then choose an approach that is simple, testable, and appropriate for the situation. I would explain the main trade-offs, validate the result with relevant evidence, and document or communicate important decisions. If the situation changes, I would reassess rather than continuing with an approach that no longer fits.",Clarify requirements|Choose an appropriate approach|Explain trade-offs|Validate the result,Giving only a definition|Ignoring constraints|Overengineering|Making claims without evidence,How would you test your approach to interest calculation?|What trade-off would change your decision?,banking|banking|interest calculation,Interest Calculation Interview Questions and Answers | InterviewPrep,Practice interest calculation interview questions with practical answers and follow-up guidance for Banking candidates.,True
How would you approach operational risk in a Banking role?,how-would-you-approach-operational-risk-in-a-banking-role,Banking,Banking,FRESHER,EASY,TECHNICAL,Practical interview preparation for operational risk.,"This question tests practical judgment around operational risk. A strong answer should connect the concept to requirements, constraints, measurable outcomes, and appropriate trade-offs rather than giving only a definition.","I would first clarify the goal and constraints related to operational risk, then choose an approach that is simple, testable, and appropriate for the situation. I would explain the main trade-offs, validate the result with relevant evidence, and document or communicate important decisions. If the situation changes, I would reassess rather than continuing with an approach that no longer fits.",Clarify requirements|Choose an appropriate approach|Explain trade-offs|Validate the result,Giving only a definition|Ignoring constraints|Overengineering|Making claims without evidence,How would you test your approach to operational risk?|What trade-off would change your decision?,banking|banking|operational risk,Operational Risk Interview Questions and Answers | InterviewPrep,Practice operational risk interview questions with practical answers and follow-up guidance for Banking candidates.,True
What would you consider when working with fraud indicators as a Banking?,what-would-you-consider-when-working-with-fraud-indicators-as-a-banking,Banking,Banking,MID_LEVEL,MEDIUM,TECHNICAL,Practical interview preparation for fraud indicators.,"This question tests practical judgment around fraud indicators. A strong answer should connect the concept to requirements, constraints, measurable outcomes, and appropriate trade-offs rather than giving only a definition.","I would first clarify the goal and constraints related to fraud indicators, then choose an approach that is simple, testable, and appropriate for the situation. I would explain the main trade-offs, validate the result with relevant evidence, and document or communicate important decisions. If the situation changes, I would reassess rather than continuing with an approach that no longer fits.",Clarify requirements|Choose an appropriate approach|Explain trade-offs|Validate the result,Giving only a definition|Ignoring constraints|Overengineering|Making claims without evidence,How would you test your approach to fraud indicators?|What trade-off would change your decision?,banking|banking|fraud indicators,Fraud Indicators Interview Questions and Answers | InterviewPrep,Practice fraud indicators interview questions with practical answers and follow-up guidance for Banking candidates.,True
How would you explain transaction monitoring to an interviewer?,how-would-you-explain-transaction-monitoring-to-an-interviewer,Banking,Banking,EXPERIENCED,MEDIUM,CASE_STUDY,Practical interview preparation for transaction monitoring.,"This question tests practical judgment around transaction monitoring. A strong answer should connect the concept to requirements, constraints, measurable outcomes, and appropriate trade-offs rather than giving only a definition.","I would first clarify the goal and constraints related to transaction monitoring, then choose an approach that is simple, testable, and appropriate for the situation. I would explain the main trade-offs, validate the result with relevant evidence, and document or communicate important decisions. If the situation changes, I would reassess rather than continuing with an approach that no longer fits.",Clarify requirements|Choose an appropriate approach|Explain trade-offs|Validate the result,Giving only a definition|Ignoring constraints|Overengineering|Making claims without evidence,How would you test your approach to transaction monitoring?|What trade-off would change your decision?,banking|banking|transaction monitoring,Transaction Monitoring Interview Questions and Answers | InterviewPrep,Practice transaction monitoring interview questions with practical answers and follow-up guidance for Banking candidates.,True
What are the main trade-offs involved in reconciliation?,what-are-the-main-trade-offs-involved-in-reconciliation,Banking,Banking,FRESHER,HARD,TECHNICAL,Practical interview preparation for reconciliation.,"This question tests practical judgment around reconciliation. A strong answer should connect the concept to requirements, constraints, measurable outcomes, and appropriate trade-offs rather than giving only a definition.","I would first clarify the goal and constraints related to reconciliation, then choose an approach that is simple, testable, and appropriate for the situation. I would explain the main trade-offs, validate the result with relevant evidence, and document or communicate important decisions. If the situation changes, I would reassess rather than continuing with an approach that no longer fits.",Clarify requirements|Choose an appropriate approach|Explain trade-offs|Validate the result,Giving only a definition|Ignoring constraints|Overengineering|Making claims without evidence,How would you test your approach to reconciliation?|What trade-off would change your decision?,banking|banking|reconciliation,Reconciliation Interview Questions and Answers | InterviewPrep,Practice reconciliation interview questions with practical answers and follow-up guidance for Banking candidates.,True
How would you troubleshoot a problem involving regulatory compliance?,how-would-you-troubleshoot-a-problem-involving-regulatory-compliance,Banking,Banking,MID_LEVEL,MEDIUM,TECHNICAL,Practical interview preparation for regulatory compliance.,"This question tests practical judgment around regulatory compliance. A strong answer should connect the concept to requirements, constraints, measurable outcomes, and appropriate trade-offs rather than giving only a definition.","I would first clarify the goal and constraints related to regulatory compliance, then choose an approach that is simple, testable, and appropriate for the situation. I would explain the main trade-offs, validate the result with relevant evidence, and document or communicate important decisions. If the situation changes, I would reassess rather than continuing with an approach that no longer fits.",Clarify requirements|Choose an appropriate approach|Explain trade-offs|Validate the result,Giving only a definition|Ignoring constraints|Overengineering|Making claims without evidence,How would you test your approach to regulatory compliance?|What trade-off would change your decision?,banking|banking|regulatory compliance,Regulatory Compliance Interview Questions and Answers | InterviewPrep,Practice regulatory compliance interview questions with practical answers and follow-up guidance for Banking candidates.,True
How would you approach customer confidentiality in a Banking role?,how-would-you-approach-customer-confidentiality-in-a-banking-role,Banking,Banking,FRESHER,EASY,TECHNICAL,Practical interview preparation for customer confidentiality.,"This question tests practical judgment around customer confidentiality. A strong answer should connect the concept to requirements, constraints, measurable outcomes, and appropriate trade-offs rather than giving only a definition.","I would first clarify the goal and constraints related to customer confidentiality, then choose an approach that is simple, testable, and appropriate for the situation. I would explain the main trade-offs, validate the result with relevant evidence, and document or communicate important decisions. If the situation changes, I would reassess rather than continuing with an approach that no longer fits.",Clarify requirements|Choose an appropriate approach|Explain trade-offs|Validate the result,Giving only a definition|Ignoring constraints|Overengineering|Making claims without evidence,How would you test your approach to customer confidentiality?|What trade-off would change your decision?,banking|banking|customer confidentiality,Customer Confidentiality Interview Questions and Answers | InterviewPrep,Practice customer confidentiality interview questions with practical answers and follow-up guidance for Banking candidates.,True
What would you consider when working with escalation as a Banking?,what-would-you-consider-when-working-with-escalation-as-a-banking,Banking,Banking,MID_LEVEL,MEDIUM,TECHNICAL,Practical interview preparation for escalation.,"This question tests practical judgment around escalation. A strong answer should connect the concept to requirements, constraints, measurable outcomes, and appropriate trade-offs rather than giving only a definition.","I would first clarify the goal and constraints related to escalation, then choose an approach that is simple, testable, and appropriate for the situation. I would explain the main trade-offs, validate the result with relevant evidence, and document or communicate important decisions. If the situation changes, I would reassess rather than continuing with an approach that no longer fits.",Clarify requirements|Choose an appropriate approach|Explain trade-offs|Validate the result,Giving only a definition|Ignoring constraints|Overengineering|Making claims without evidence,How would you test your approach to escalation?|What trade-off would change your decision?,banking|banking|escalation,Escalation Interview Questions and Answers | InterviewPrep,Practice escalation interview questions with practical answers and follow-up guidance for Banking candidates.,True
How would you explain credit risk to an interviewer?,how-would-you-explain-credit-risk-to-an-interviewer,Banking,Banking,EXPERIENCED,MEDIUM,CASE_STUDY,Practical interview preparation for credit risk.,"This question tests practical judgment around credit risk. A strong answer should connect the concept to requirements, constraints, measurable outcomes, and appropriate trade-offs rather than giving only a definition.","I would first clarify the goal and constraints related to credit risk, then choose an approach that is simple, testable, and appropriate for the situation. I would explain the main trade-offs, validate the result with relevant evidence, and document or communicate important decisions. If the situation changes, I would reassess rather than continuing with an approach that no longer fits.",Clarify requirements|Choose an appropriate approach|Explain trade-offs|Validate the result,Giving only a definition|Ignoring constraints|Overengineering|Making claims without evidence,How would you test your approach to credit risk?|What trade-off would change your decision?,banking|banking|credit risk,Credit Risk Interview Questions and Answers | InterviewPrep,Practice credit risk interview questions with practical answers and follow-up guidance for Banking candidates.,True
What are the main trade-offs involved in liquidity concepts?,what-are-the-main-trade-offs-involved-in-liquidity-concepts,Banking,Banking,FRESHER,HARD,TECHNICAL,Practical interview preparation for liquidity concepts.,"This question tests practical judgment around liquidity concepts. A strong answer should connect the concept to requirements, constraints, measurable outcomes, and appropriate trade-offs rather than giving only a definition.","I would first clarify the goal and constraints related to liquidity concepts, then choose an approach that is simple, testable, and appropriate for the situation. I would explain the main trade-offs, validate the result with relevant evidence, and document or communicate important decisions. If the situation changes, I would reassess rather than continuing with an approach that no longer fits.",Clarify requirements|Choose an appropriate approach|Explain trade-offs|Validate the result,Giving only a definition|Ignoring constraints|Overengineering|Making claims without evidence,How would you test your approach to liquidity concepts?|What trade-off would change your decision?,banking|banking|liquidity concepts,Liquidity Concepts Interview Questions and Answers | InterviewPrep,Practice liquidity concepts interview questions with practical answers and follow-up guidance for Banking candidates.,True
How would you troubleshoot a problem involving branch operations?,how-would-you-troubleshoot-a-problem-involving-branch-operations,Banking,Banking,MID_LEVEL,MEDIUM,TECHNICAL,Practical interview preparation for branch operations.,"This question tests practical judgment around branch operations. A strong answer should connect the concept to requirements, constraints, measurable outcomes, and appropriate trade-offs rather than giving only a definition.","I would first clarify the goal and constraints related to branch operations, then choose an approach that is simple, testable, and appropriate for the situation. I would explain the main trade-offs, validate the result with relevant evidence, and document or communicate important decisions. If the situation changes, I would reassess rather than continuing with an approach that no longer fits.",Clarify requirements|Choose an appropriate approach|Explain trade-offs|Validate the result,Giving only a definition|Ignoring constraints|Overengineering|Making claims without evidence,How would you test your approach to branch operations?|What trade-off would change your decision?,banking|banking|branch operations,Branch Operations Interview Questions and Answers | InterviewPrep,Practice branch operations interview questions with practical answers and follow-up guidance for Banking candidates.,True
How would you approach digital banking in a Banking role?,how-would-you-approach-digital-banking-in-a-banking-role,Banking,Banking,FRESHER,EASY,TECHNICAL,Practical interview preparation for digital banking.,"This question tests practical judgment around digital banking. A strong answer should connect the concept to requirements, constraints, measurable outcomes, and appropriate trade-offs rather than giving only a definition.","I would first clarify the goal and constraints related to digital banking, then choose an approach that is simple, testable, and appropriate for the situation. I would explain the main trade-offs, validate the result with relevant evidence, and document or communicate important decisions. If the situation changes, I would reassess rather than continuing with an approach that no longer fits.",Clarify requirements|Choose an appropriate approach|Explain trade-offs|Validate the result,Giving only a definition|Ignoring constraints|Overengineering|Making claims without evidence,How would you test your approach to digital banking?|What trade-off would change your decision?,banking|banking|digital banking,Digital Banking Interview Questions and Answers | InterviewPrep,Practice digital banking interview questions with practical answers and follow-up guidance for Banking candidates.,True
What would you consider when working with service quality as a Banking?,what-would-you-consider-when-working-with-service-quality-as-a-banking,Banking,Banking,MID_LEVEL,MEDIUM,TECHNICAL,Practical interview preparation for service quality.,"This question tests practical judgment around service quality. A strong answer should connect the concept to requirements, constraints, measurable outcomes, and appropriate trade-offs rather than giving only a definition.","I would first clarify the goal and constraints related to service quality, then choose an approach that is simple, testable, and appropriate for the situation. I would explain the main trade-offs, validate the result with relevant evidence, and document or communicate important decisions. If the situation changes, I would reassess rather than continuing with an approach that no longer fits.",Clarify requirements|Choose an appropriate approach|Explain trade-offs|Validate the result,Giving only a definition|Ignoring constraints|Overengineering|Making claims without evidence,How would you test your approach to service quality?|What trade-off would change your decision?,banking|banking|service quality,Service Quality Interview Questions and Answers | InterviewPrep,Practice service quality interview questions with practical answers and follow-up guidance for Banking candidates.,True
How would you explain complaint handling to an interviewer?,how-would-you-explain-complaint-handling-to-an-interviewer,Banking,Banking,EXPERIENCED,MEDIUM,CASE_STUDY,Practical interview preparation for complaint handling.,"This question tests practical judgment around complaint handling. A strong answer should connect the concept to requirements, constraints, measurable outcomes, and appropriate trade-offs rather than giving only a definition.","I would first clarify the goal and constraints related to complaint handling, then choose an approach that is simple, testable, and appropriate for the situation. I would explain the main trade-offs, validate the result with relevant evidence, and document or communicate important decisions. If the situation changes, I would reassess rather than continuing with an approach that no longer fits.",Clarify requirements|Choose an appropriate approach|Explain trade-offs|Validate the result,Giving only a definition|Ignoring constraints|Overengineering|Making claims without evidence,How would you test your approach to complaint handling?|What trade-off would change your decision?,banking|banking|complaint handling,Complaint Handling Interview Questions and Answers | InterviewPrep,Practice complaint handling interview questions with practical answers and follow-up guidance for Banking candidates.,True
What are the main trade-offs involved in control testing?,what-are-the-main-trade-offs-involved-in-control-testing,Banking,Banking,FRESHER,HARD,TECHNICAL,Practical interview preparation for control testing.,"This question tests practical judgment around control testing. A strong answer should connect the concept to requirements, constraints, measurable outcomes, and appropriate trade-offs rather than giving only a definition.","I would first clarify the goal and constraints related to control testing, then choose an approach that is simple, testable, and appropriate for the situation. I would explain the main trade-offs, validate the result with relevant evidence, and document or communicate important decisions. If the situation changes, I would reassess rather than continuing with an approach that no longer fits.",Clarify requirements|Choose an appropriate approach|Explain trade-offs|Validate the result,Giving only a definition|Ignoring constraints|Overengineering|Making claims without evidence,How would you test your approach to control testing?|What trade-off would change your decision?,banking|banking|control testing,Control Testing Interview Questions and Answers | InterviewPrep,Practice control testing interview questions with practical answers and follow-up guidance for Banking candidates.,True
How would you troubleshoot a problem involving risk documentation?,how-would-you-troubleshoot-a-problem-involving-risk-documentation,Banking,Banking,MID_LEVEL,MEDIUM,TECHNICAL,Practical interview preparation for risk documentation.,"This question tests practical judgment around risk documentation. A strong answer should connect the concept to requirements, constraints, measurable outcomes, and appropriate trade-offs rather than giving only a definition.","I would first clarify the goal and constraints related to risk documentation, then choose an approach that is simple, testable, and appropriate for the situation. I would explain the main trade-offs, validate the result with relevant evidence, and document or communicate important decisions. If the situation changes, I would reassess rather than continuing with an approach that no longer fits.",Clarify requirements|Choose an appropriate approach|Explain trade-offs|Validate the result,Giving only a definition|Ignoring constraints|Overengineering|Making claims without evidence,How would you test your approach to risk documentation?|What trade-off would change your decision?,banking|banking|risk documentation,Risk Documentation Interview Questions and Answers | InterviewPrep,Practice risk documentation interview questions with practical answers and follow-up guidance for Banking candidates.,True
How would you approach budgeting in a Finance role?,how-would-you-approach-budgeting-in-a-finance-role,Finance,Finance,FRESHER,EASY,TECHNICAL,Practical interview preparation for budgeting.,"This question tests practical judgment around budgeting. A strong answer should connect the concept to requirements, constraints, measurable outcomes, and appropriate trade-offs rather than giving only a definition.","I would first clarify the goal and constraints related to budgeting, then choose an approach that is simple, testable, and appropriate for the situation. I would explain the main trade-offs, validate the result with relevant evidence, and document or communicate important decisions. If the situation changes, I would reassess rather than continuing with an approach that no longer fits.",Clarify requirements|Choose an appropriate approach|Explain trade-offs|Validate the result,Giving only a definition|Ignoring constraints|Overengineering|Making claims without evidence,How would you test your approach to budgeting?|What trade-off would change your decision?,finance|finance|budgeting,Budgeting Interview Questions and Answers | InterviewPrep,Practice budgeting interview questions with practical answers and follow-up guidance for Finance candidates.,True
What would you consider when working with forecasting as a Finance?,what-would-you-consider-when-working-with-forecasting-as-a-finance,Finance,Finance,MID_LEVEL,MEDIUM,TECHNICAL,Practical interview preparation for forecasting.,"This question tests practical judgment around forecasting. A strong answer should connect the concept to requirements, constraints, measurable outcomes, and appropriate trade-offs rather than giving only a definition.","I would first clarify the goal and constraints related to forecasting, then choose an approach that is simple, testable, and appropriate for the situation. I would explain the main trade-offs, validate the result with relevant evidence, and document or communicate important decisions. If the situation changes, I would reassess rather than continuing with an approach that no longer fits.",Clarify requirements|Choose an appropriate approach|Explain trade-offs|Validate the result,Giving only a definition|Ignoring constraints|Overengineering|Making claims without evidence,How would you test your approach to forecasting?|What trade-off would change your decision?,finance|finance|forecasting,Forecasting Interview Questions and Answers | InterviewPrep,Practice forecasting interview questions with practical answers and follow-up guidance for Finance candidates.,True
How would you explain variance analysis to an interviewer?,how-would-you-explain-variance-analysis-to-an-interviewer,Finance,Finance,EXPERIENCED,MEDIUM,CASE_STUDY,Practical interview preparation for variance analysis.,"This question tests practical judgment around variance analysis. A strong answer should connect the concept to requirements, constraints, measurable outcomes, and appropriate trade-offs rather than giving only a definition.","I would first clarify the goal and constraints related to variance analysis, then choose an approach that is simple, testable, and appropriate for the situation. I would explain the main trade-offs, validate the result with relevant evidence, and document or communicate important decisions. If the situation changes, I would reassess rather than continuing with an approach that no longer fits.",Clarify requirements|Choose an appropriate approach|Explain trade-offs|Validate the result,Giving only a definition|Ignoring constraints|Overengineering|Making claims without evidence,How would you test your approach to variance analysis?|What trade-off would change your decision?,finance|finance|variance analysis,Variance Analysis Interview Questions and Answers | InterviewPrep,Practice variance analysis interview questions with practical answers and follow-up guidance for Finance candidates.,True
What are the main trade-offs involved in working capital?,what-are-the-main-trade-offs-involved-in-working-capital,Finance,Finance,FRESHER,HARD,TECHNICAL,Practical interview preparation for working capital.,"This question tests practical judgment around working capital. A strong answer should connect the concept to requirements, constraints, measurable outcomes, and appropriate trade-offs rather than giving only a definition.","I would first clarify the goal and constraints related to working capital, then choose an approach that is simple, testable, and appropriate for the situation. I would explain the main trade-offs, validate the result with relevant evidence, and document or communicate important decisions. If the situation changes, I would reassess rather than continuing with an approach that no longer fits.",Clarify requirements|Choose an appropriate approach|Explain trade-offs|Validate the result,Giving only a definition|Ignoring constraints|Overengineering|Making claims without evidence,How would you test your approach to working capital?|What trade-off would change your decision?,finance|finance|working capital,Working Capital Interview Questions and Answers | InterviewPrep,Practice working capital interview questions with practical answers and follow-up guidance for Finance candidates.,True
How would you troubleshoot a problem involving cash flow forecasting?,how-would-you-troubleshoot-a-problem-involving-cash-flow-forecasting,Finance,Finance,MID_LEVEL,MEDIUM,TECHNICAL,Practical interview preparation for cash flow forecasting.,"This question tests practical judgment around cash flow forecasting. A strong answer should connect the concept to requirements, constraints, measurable outcomes, and appropriate trade-offs rather than giving only a definition.","I would first clarify the goal and constraints related to cash flow forecasting, then choose an approach that is simple, testable, and appropriate for the situation. I would explain the main trade-offs, validate the result with relevant evidence, and document or communicate important decisions. If the situation changes, I would reassess rather than continuing with an approach that no longer fits.",Clarify requirements|Choose an appropriate approach|Explain trade-offs|Validate the result,Giving only a definition|Ignoring constraints|Overengineering|Making claims without evidence,How would you test your approach to cash flow forecasting?|What trade-off would change your decision?,finance|finance|cash flow forecasting,Cash Flow Forecasting Interview Questions and Answers | InterviewPrep,Practice cash flow forecasting interview questions with practical answers and follow-up guidance for Finance candidates.,True
How would you approach financial ratios in a Finance role?,how-would-you-approach-financial-ratios-in-a-finance-role,Finance,Finance,FRESHER,EASY,TECHNICAL,Practical interview preparation for financial ratios.,"This question tests practical judgment around financial ratios. A strong answer should connect the concept to requirements, constraints, measurable outcomes, and appropriate trade-offs rather than giving only a definition.","I would first clarify the goal and constraints related to financial ratios, then choose an approach that is simple, testable, and appropriate for the situation. I would explain the main trade-offs, validate the result with relevant evidence, and document or communicate important decisions. If the situation changes, I would reassess rather than continuing with an approach that no longer fits.",Clarify requirements|Choose an appropriate approach|Explain trade-offs|Validate the result,Giving only a definition|Ignoring constraints|Overengineering|Making claims without evidence,How would you test your approach to financial ratios?|What trade-off would change your decision?,finance|finance|financial ratios,Financial Ratios Interview Questions and Answers | InterviewPrep,Practice financial ratios interview questions with practical answers and follow-up guidance for Finance candidates.,True
What would you consider when working with capital budgeting as a Finance?,what-would-you-consider-when-working-with-capital-budgeting-as-a-finance,Finance,Finance,MID_LEVEL,MEDIUM,TECHNICAL,Practical interview preparation for capital budgeting.,"This question tests practical judgment around capital budgeting. A strong answer should connect the concept to requirements, constraints, measurable outcomes, and appropriate trade-offs rather than giving only a definition.","I would first clarify the goal and constraints related to capital budgeting, then choose an approach that is simple, testable, and appropriate for the situation. I would explain the main trade-offs, validate the result with relevant evidence, and document or communicate important decisions. If the situation changes, I would reassess rather than continuing with an approach that no longer fits.",Clarify requirements|Choose an appropriate approach|Explain trade-offs|Validate the result,Giving only a definition|Ignoring constraints|Overengineering|Making claims without evidence,How would you test your approach to capital budgeting?|What trade-off would change your decision?,finance|finance|capital budgeting,Capital Budgeting Interview Questions and Answers | InterviewPrep,Practice capital budgeting interview questions with practical answers and follow-up guidance for Finance candidates.,True
How would you explain NPV to an interviewer?,how-would-you-explain-npv-to-an-interviewer,Finance,Finance,EXPERIENCED,MEDIUM,CASE_STUDY,Practical interview preparation for NPV.,"This question tests practical judgment around NPV. A strong answer should connect the concept to requirements, constraints, measurable outcomes, and appropriate trade-offs rather than giving only a definition.","I would first clarify the goal and constraints related to NPV, then choose an approach that is simple, testable, and appropriate for the situation. I would explain the main trade-offs, validate the result with relevant evidence, and document or communicate important decisions. If the situation changes, I would reassess rather than continuing with an approach that no longer fits.",Clarify requirements|Choose an appropriate approach|Explain trade-offs|Validate the result,Giving only a definition|Ignoring constraints|Overengineering|Making claims without evidence,How would you test your approach to NPV?|What trade-off would change your decision?,finance|finance|npv,Npv Interview Questions and Answers | InterviewPrep,Practice NPV interview questions with practical answers and follow-up guidance for Finance candidates.,True
What are the main trade-offs involved in IRR?,what-are-the-main-trade-offs-involved-in-irr,Finance,Finance,FRESHER,HARD,TECHNICAL,Practical interview preparation for IRR.,"This question tests practical judgment around IRR. A strong answer should connect the concept to requirements, constraints, measurable outcomes, and appropriate trade-offs rather than giving only a definition.","I would first clarify the goal and constraints related to IRR, then choose an approach that is simple, testable, and appropriate for the situation. I would explain the main trade-offs, validate the result with relevant evidence, and document or communicate important decisions. If the situation changes, I would reassess rather than continuing with an approach that no longer fits.",Clarify requirements|Choose an appropriate approach|Explain trade-offs|Validate the result,Giving only a definition|Ignoring constraints|Overengineering|Making claims without evidence,How would you test your approach to IRR?|What trade-off would change your decision?,finance|finance|irr,Irr Interview Questions and Answers | InterviewPrep,Practice IRR interview questions with practical answers and follow-up guidance for Finance candidates.,True
How would you troubleshoot a problem involving cost of capital?,how-would-you-troubleshoot-a-problem-involving-cost-of-capital,Finance,Finance,MID_LEVEL,MEDIUM,TECHNICAL,Practical interview preparation for cost of capital.,"This question tests practical judgment around cost of capital. A strong answer should connect the concept to requirements, constraints, measurable outcomes, and appropriate trade-offs rather than giving only a definition.","I would first clarify the goal and constraints related to cost of capital, then choose an approach that is simple, testable, and appropriate for the situation. I would explain the main trade-offs, validate the result with relevant evidence, and document or communicate important decisions. If the situation changes, I would reassess rather than continuing with an approach that no longer fits.",Clarify requirements|Choose an appropriate approach|Explain trade-offs|Validate the result,Giving only a definition|Ignoring constraints|Overengineering|Making claims without evidence,How would you test your approach to cost of capital?|What trade-off would change your decision?,finance|finance|cost of capital,Cost Of Capital Interview Questions and Answers | InterviewPrep,Practice cost of capital interview questions with practical answers and follow-up guidance for Finance candidates.,True
How would you approach scenario analysis in a Finance role?,how-would-you-approach-scenario-analysis-in-a-finance-role,Finance,Finance,FRESHER,EASY,TECHNICAL,Practical interview preparation for scenario analysis.,"This question tests practical judgment around scenario analysis. A strong answer should connect the concept to requirements, constraints, measurable outcomes, and appropriate trade-offs rather than giving only a definition.","I would first clarify the goal and constraints related to scenario analysis, then choose an approach that is simple, testable, and appropriate for the situation. I would explain the main trade-offs, validate the result with relevant evidence, and document or communicate important decisions. If the situation changes, I would reassess rather than continuing with an approach that no longer fits.",Clarify requirements|Choose an appropriate approach|Explain trade-offs|Validate the result,Giving only a definition|Ignoring constraints|Overengineering|Making claims without evidence,How would you test your approach to scenario analysis?|What trade-off would change your decision?,finance|finance|scenario analysis,Scenario Analysis Interview Questions and Answers | InterviewPrep,Practice scenario analysis interview questions with practical answers and follow-up guidance for Finance candidates.,True
What would you consider when working with sensitivity analysis as a Finance?,what-would-you-consider-when-working-with-sensitivity-analysis-as-a-finance,Finance,Finance,MID_LEVEL,MEDIUM,TECHNICAL,Practical interview preparation for sensitivity analysis.,"This question tests practical judgment around sensitivity analysis. A strong answer should connect the concept to requirements, constraints, measurable outcomes, and appropriate trade-offs rather than giving only a definition.","I would first clarify the goal and constraints related to sensitivity analysis, then choose an approach that is simple, testable, and appropriate for the situation. I would explain the main trade-offs, validate the result with relevant evidence, and document or communicate important decisions. If the situation changes, I would reassess rather than continuing with an approach that no longer fits.",Clarify requirements|Choose an appropriate approach|Explain trade-offs|Validate the result,Giving only a definition|Ignoring constraints|Overengineering|Making claims without evidence,How would you test your approach to sensitivity analysis?|What trade-off would change your decision?,finance|finance|sensitivity analysis,Sensitivity Analysis Interview Questions and Answers | InterviewPrep,Practice sensitivity analysis interview questions with practical answers and follow-up guidance for Finance candidates.,True
How would you explain profitability to an interviewer?,how-would-you-explain-profitability-to-an-interviewer,Finance,Finance,EXPERIENCED,MEDIUM,CASE_STUDY,Practical interview preparation for profitability.,"This question tests practical judgment around profitability. A strong answer should connect the concept to requirements, constraints, measurable outcomes, and appropriate trade-offs rather than giving only a definition.","I would first clarify the goal and constraints related to profitability, then choose an approach that is simple, testable, and appropriate for the situation. I would explain the main trade-offs, validate the result with relevant evidence, and document or communicate important decisions. If the situation changes, I would reassess rather than continuing with an approach that no longer fits.",Clarify requirements|Choose an appropriate approach|Explain trade-offs|Validate the result,Giving only a definition|Ignoring constraints|Overengineering|Making claims without evidence,How would you test your approach to profitability?|What trade-off would change your decision?,finance|finance|profitability,Profitability Interview Questions and Answers | InterviewPrep,Practice profitability interview questions with practical answers and follow-up guidance for Finance candidates.,True
What are the main trade-offs involved in break-even analysis?,what-are-the-main-trade-offs-involved-in-break-even-analysis,Finance,Finance,FRESHER,HARD,TECHNICAL,Practical interview preparation for break-even analysis.,"This question tests practical judgment around break-even analysis. A strong answer should connect the concept to requirements, constraints, measurable outcomes, and appropriate trade-offs rather than giving only a definition.","I would first clarify the goal and constraints related to break-even analysis, then choose an approach that is simple, testable, and appropriate for the situation. I would explain the main trade-offs, validate the result with relevant evidence, and document or communicate important decisions. If the situation changes, I would reassess rather than continuing with an approach that no longer fits.",Clarify requirements|Choose an appropriate approach|Explain trade-offs|Validate the result,Giving only a definition|Ignoring constraints|Overengineering|Making claims without evidence,How would you test your approach to break-even analysis?|What trade-off would change your decision?,finance|finance|break-even analysis,Break-Even Analysis Interview Questions and Answers | InterviewPrep,Practice break-even analysis interview questions with practical answers and follow-up guidance for Finance candidates.,True
How would you troubleshoot a problem involving management reporting?,how-would-you-troubleshoot-a-problem-involving-management-reporting,Finance,Finance,MID_LEVEL,MEDIUM,TECHNICAL,Practical interview preparation for management reporting.,"This question tests practical judgment around management reporting. A strong answer should connect the concept to requirements, constraints, measurable outcomes, and appropriate trade-offs rather than giving only a definition.","I would first clarify the goal and constraints related to management reporting, then choose an approach that is simple, testable, and appropriate for the situation. I would explain the main trade-offs, validate the result with relevant evidence, and document or communicate important decisions. If the situation changes, I would reassess rather than continuing with an approach that no longer fits.",Clarify requirements|Choose an appropriate approach|Explain trade-offs|Validate the result,Giving only a definition|Ignoring constraints|Overengineering|Making claims without evidence,How would you test your approach to management reporting?|What trade-off would change your decision?,finance|finance|management reporting,Management Reporting Interview Questions and Answers | InterviewPrep,Practice management reporting interview questions with practical answers and follow-up guidance for Finance candidates.,True
How would you approach financial controls in a Finance role?,how-would-you-approach-financial-controls-in-a-finance-role,Finance,Finance,FRESHER,EASY,TECHNICAL,Practical interview preparation for financial controls.,"This question tests practical judgment around financial controls. A strong answer should connect the concept to requirements, constraints, measurable outcomes, and appropriate trade-offs rather than giving only a definition.","I would first clarify the goal and constraints related to financial controls, then choose an approach that is simple, testable, and appropriate for the situation. I would explain the main trade-offs, validate the result with relevant evidence, and document or communicate important decisions. If the situation changes, I would reassess rather than continuing with an approach that no longer fits.",Clarify requirements|Choose an appropriate approach|Explain trade-offs|Validate the result,Giving only a definition|Ignoring constraints|Overengineering|Making claims without evidence,How would you test your approach to financial controls?|What trade-off would change your decision?,finance|finance|financial controls,Financial Controls Interview Questions and Answers | InterviewPrep,Practice financial controls interview questions with practical answers and follow-up guidance for Finance candidates.,True
What would you consider when working with revenue recognition as a Finance?,what-would-you-consider-when-working-with-revenue-recognition-as-a-finance,Finance,Finance,MID_LEVEL,MEDIUM,TECHNICAL,Practical interview preparation for revenue recognition.,"This question tests practical judgment around revenue recognition. A strong answer should connect the concept to requirements, constraints, measurable outcomes, and appropriate trade-offs rather than giving only a definition.","I would first clarify the goal and constraints related to revenue recognition, then choose an approach that is simple, testable, and appropriate for the situation. I would explain the main trade-offs, validate the result with relevant evidence, and document or communicate important decisions. If the situation changes, I would reassess rather than continuing with an approach that no longer fits.",Clarify requirements|Choose an appropriate approach|Explain trade-offs|Validate the result,Giving only a definition|Ignoring constraints|Overengineering|Making claims without evidence,How would you test your approach to revenue recognition?|What trade-off would change your decision?,finance|finance|revenue recognition,Revenue Recognition Interview Questions and Answers | InterviewPrep,Practice revenue recognition interview questions with practical answers and follow-up guidance for Finance candidates.,True
How would you explain expense planning to an interviewer?,how-would-you-explain-expense-planning-to-an-interviewer,Finance,Finance,EXPERIENCED,MEDIUM,CASE_STUDY,Practical interview preparation for expense planning.,"This question tests practical judgment around expense planning. A strong answer should connect the concept to requirements, constraints, measurable outcomes, and appropriate trade-offs rather than giving only a definition.","I would first clarify the goal and constraints related to expense planning, then choose an approach that is simple, testable, and appropriate for the situation. I would explain the main trade-offs, validate the result with relevant evidence, and document or communicate important decisions. If the situation changes, I would reassess rather than continuing with an approach that no longer fits.",Clarify requirements|Choose an appropriate approach|Explain trade-offs|Validate the result,Giving only a definition|Ignoring constraints|Overengineering|Making claims without evidence,How would you test your approach to expense planning?|What trade-off would change your decision?,finance|finance|expense planning,Expense Planning Interview Questions and Answers | InterviewPrep,Practice expense planning interview questions with practical answers and follow-up guidance for Finance candidates.,True
What are the main trade-offs involved in investment risk?,what-are-the-main-trade-offs-involved-in-investment-risk,Finance,Finance,FRESHER,HARD,TECHNICAL,Practical interview preparation for investment risk.,"This question tests practical judgment around investment risk. A strong answer should connect the concept to requirements, constraints, measurable outcomes, and appropriate trade-offs rather than giving only a definition.","I would first clarify the goal and constraints related to investment risk, then choose an approach that is simple, testable, and appropriate for the situation. I would explain the main trade-offs, validate the result with relevant evidence, and document or communicate important decisions. If the situation changes, I would reassess rather than continuing with an approach that no longer fits.",Clarify requirements|Choose an appropriate approach|Explain trade-offs|Validate the result,Giving only a definition|Ignoring constraints|Overengineering|Making claims without evidence,How would you test your approach to investment risk?|What trade-off would change your decision?,finance|finance|investment risk,Investment Risk Interview Questions and Answers | InterviewPrep,Practice investment risk interview questions with practical answers and follow-up guidance for Finance candidates.,True
How would you troubleshoot a problem involving financial modeling?,how-would-you-troubleshoot-a-problem-involving-financial-modeling,Finance,Finance,MID_LEVEL,MEDIUM,TECHNICAL,Practical interview preparation for financial modeling.,"This question tests practical judgment around financial modeling. A strong answer should connect the concept to requirements, constraints, measurable outcomes, and appropriate trade-offs rather than giving only a definition.","I would first clarify the goal and constraints related to financial modeling, then choose an approach that is simple, testable, and appropriate for the situation. I would explain the main trade-offs, validate the result with relevant evidence, and document or communicate important decisions. If the situation changes, I would reassess rather than continuing with an approach that no longer fits.",Clarify requirements|Choose an appropriate approach|Explain trade-offs|Validate the result,Giving only a definition|Ignoring constraints|Overengineering|Making claims without evidence,How would you test your approach to financial modeling?|What trade-off would change your decision?,finance|finance|financial modeling,Financial Modeling Interview Questions and Answers | InterviewPrep,Practice financial modeling interview questions with practical answers and follow-up guidance for Finance candidates.,True
How would you approach project explanation in a Fresher role?,how-would-you-approach-project-explanation-in-a-fresher-role,Fresher,Fresher,FRESHER,EASY,BEHAVIORAL,Practical interview preparation for project explanation.,"This question tests practical judgment around project explanation. A strong answer should connect the concept to requirements, constraints, measurable outcomes, and appropriate trade-offs rather than giving only a definition.","I would first clarify the goal and constraints related to project explanation, then choose an approach that is simple, testable, and appropriate for the situation. I would explain the main trade-offs, validate the result with relevant evidence, and document or communicate important decisions. If the situation changes, I would reassess rather than continuing with an approach that no longer fits.",Clarify requirements|Choose an appropriate approach|Explain trade-offs|Validate the result,Giving only a definition|Ignoring constraints|Overengineering|Making claims without evidence,How would you test your approach to project explanation?|What trade-off would change your decision?,fresher|fresher|project explanation,Project Explanation Interview Questions and Answers | InterviewPrep,Practice project explanation interview questions with practical answers and follow-up guidance for Fresher candidates.,True
What would you consider when working with learning a new technology as a Fresher?,what-would-you-consider-when-working-with-learning-a-new-technology-as-a-fresher,Fresher,Fresher,MID_LEVEL,MEDIUM,BEHAVIORAL,Practical interview preparation for learning a new technology.,"This question tests practical judgment around learning a new technology. A strong answer should connect the concept to requirements, constraints, measurable outcomes, and appropriate trade-offs rather than giving only a definition.","I would first clarify the goal and constraints related to learning a new technology, then choose an approach that is simple, testable, and appropriate for the situation. I would explain the main trade-offs, validate the result with relevant evidence, and document or communicate important decisions. If the situation changes, I would reassess rather than continuing with an approach that no longer fits.",Clarify requirements|Choose an appropriate approach|Explain trade-offs|Validate the result,Giving only a definition|Ignoring constraints|Overengineering|Making claims without evidence,How would you test your approach to learning a new technology?|What trade-off would change your decision?,fresher|fresher|learning a new technology,Learning A New Technology Interview Questions and Answers | InterviewPrep,Practice learning a new technology interview questions with practical answers and follow-up guidance for Fresher candidates.,True
How would you explain team contribution to an interviewer?,how-would-you-explain-team-contribution-to-an-interviewer,Fresher,Fresher,EXPERIENCED,MEDIUM,CASE_STUDY,Practical interview preparation for team contribution.,"This question tests practical judgment around team contribution. A strong answer should connect the concept to requirements, constraints, measurable outcomes, and appropriate trade-offs rather than giving only a definition.","I would first clarify the goal and constraints related to team contribution, then choose an approach that is simple, testable, and appropriate for the situation. I would explain the main trade-offs, validate the result with relevant evidence, and document or communicate important decisions. If the situation changes, I would reassess rather than continuing with an approach that no longer fits.",Clarify requirements|Choose an appropriate approach|Explain trade-offs|Validate the result,Giving only a definition|Ignoring constraints|Overengineering|Making claims without evidence,How would you test your approach to team contribution?|What trade-off would change your decision?,fresher|fresher|team contribution,Team Contribution Interview Questions and Answers | InterviewPrep,Practice team contribution interview questions with practical answers and follow-up guidance for Fresher candidates.,True
What are the main trade-offs involved in handling mistakes?,what-are-the-main-trade-offs-involved-in-handling-mistakes,Fresher,Fresher,FRESHER,HARD,SITUATIONAL,Practical interview preparation for handling mistakes.,"This question tests practical judgment around handling mistakes. A strong answer should connect the concept to requirements, constraints, measurable outcomes, and appropriate trade-offs rather than giving only a definition.","I would first clarify the goal and constraints related to handling mistakes, then choose an approach that is simple, testable, and appropriate for the situation. I would explain the main trade-offs, validate the result with relevant evidence, and document or communicate important decisions. If the situation changes, I would reassess rather than continuing with an approach that no longer fits.",Clarify requirements|Choose an appropriate approach|Explain trade-offs|Validate the result,Giving only a definition|Ignoring constraints|Overengineering|Making claims without evidence,How would you test your approach to handling mistakes?|What trade-off would change your decision?,fresher|fresher|handling mistakes,Handling Mistakes Interview Questions and Answers | InterviewPrep,Practice handling mistakes interview questions with practical answers and follow-up guidance for Fresher candidates.,True
How would you troubleshoot a problem involving time management?,how-would-you-troubleshoot-a-problem-involving-time-management,Fresher,Fresher,MID_LEVEL,MEDIUM,HR,Practical interview preparation for time management.,"This question tests practical judgment around time management. A strong answer should connect the concept to requirements, constraints, measurable outcomes, and appropriate trade-offs rather than giving only a definition.","I would first clarify the goal and constraints related to time management, then choose an approach that is simple, testable, and appropriate for the situation. I would explain the main trade-offs, validate the result with relevant evidence, and document or communicate important decisions. If the situation changes, I would reassess rather than continuing with an approach that no longer fits.",Clarify requirements|Choose an appropriate approach|Explain trade-offs|Validate the result,Giving only a definition|Ignoring constraints|Overengineering|Making claims without evidence,How would you test your approach to time management?|What trade-off would change your decision?,fresher|fresher|time management,Time Management Interview Questions and Answers | InterviewPrep,Practice time management interview questions with practical answers and follow-up guidance for Fresher candidates.,True
How would you approach problem solving in a Fresher role?,how-would-you-approach-problem-solving-in-a-fresher-role,Fresher,Fresher,FRESHER,EASY,BEHAVIORAL,Practical interview preparation for problem solving.,"This question tests practical judgment around problem solving. A strong answer should connect the concept to requirements, constraints, measurable outcomes, and appropriate trade-offs rather than giving only a definition.","I would first clarify the goal and constraints related to problem solving, then choose an approach that is simple, testable, and appropriate for the situation. I would explain the main trade-offs, validate the result with relevant evidence, and document or communicate important decisions. If the situation changes, I would reassess rather than continuing with an approach that no longer fits.",Clarify requirements|Choose an appropriate approach|Explain trade-offs|Validate the result,Giving only a definition|Ignoring constraints|Overengineering|Making claims without evidence,How would you test your approach to problem solving?|What trade-off would change your decision?,fresher|fresher|problem solving,Problem Solving Interview Questions and Answers | InterviewPrep,Practice problem solving interview questions with practical answers and follow-up guidance for Fresher candidates.,True
What would you consider when working with receiving feedback as a Fresher?,what-would-you-consider-when-working-with-receiving-feedback-as-a-fresher,Fresher,Fresher,MID_LEVEL,MEDIUM,BEHAVIORAL,Practical interview preparation for receiving feedback.,"This question tests practical judgment around receiving feedback. A strong answer should connect the concept to requirements, constraints, measurable outcomes, and appropriate trade-offs rather than giving only a definition.","I would first clarify the goal and constraints related to receiving feedback, then choose an approach that is simple, testable, and appropriate for the situation. I would explain the main trade-offs, validate the result with relevant evidence, and document or communicate important decisions. If the situation changes, I would reassess rather than continuing with an approach that no longer fits.",Clarify requirements|Choose an appropriate approach|Explain trade-offs|Validate the result,Giving only a definition|Ignoring constraints|Overengineering|Making claims without evidence,How would you test your approach to receiving feedback?|What trade-off would change your decision?,fresher|fresher|receiving feedback,Receiving Feedback Interview Questions and Answers | InterviewPrep,Practice receiving feedback interview questions with practical answers and follow-up guidance for Fresher candidates.,True
How would you explain asking for help to an interviewer?,how-would-you-explain-asking-for-help-to-an-interviewer,Fresher,Fresher,EXPERIENCED,MEDIUM,CASE_STUDY,Practical interview preparation for asking for help.,"This question tests practical judgment around asking for help. A strong answer should connect the concept to requirements, constraints, measurable outcomes, and appropriate trade-offs rather than giving only a definition.","I would first clarify the goal and constraints related to asking for help, then choose an approach that is simple, testable, and appropriate for the situation. I would explain the main trade-offs, validate the result with relevant evidence, and document or communicate important decisions. If the situation changes, I would reassess rather than continuing with an approach that no longer fits.",Clarify requirements|Choose an appropriate approach|Explain trade-offs|Validate the result,Giving only a definition|Ignoring constraints|Overengineering|Making claims without evidence,How would you test your approach to asking for help?|What trade-off would change your decision?,fresher|fresher|asking for help,Asking For Help Interview Questions and Answers | InterviewPrep,Practice asking for help interview questions with practical answers and follow-up guidance for Fresher candidates.,True
What are the main trade-offs involved in college project ownership?,what-are-the-main-trade-offs-involved-in-college-project-ownership,Fresher,Fresher,FRESHER,HARD,SITUATIONAL,Practical interview preparation for college project ownership.,"This question tests practical judgment around college project ownership. A strong answer should connect the concept to requirements, constraints, measurable outcomes, and appropriate trade-offs rather than giving only a definition.","I would first clarify the goal and constraints related to college project ownership, then choose an approach that is simple, testable, and appropriate for the situation. I would explain the main trade-offs, validate the result with relevant evidence, and document or communicate important decisions. If the situation changes, I would reassess rather than continuing with an approach that no longer fits.",Clarify requirements|Choose an appropriate approach|Explain trade-offs|Validate the result,Giving only a definition|Ignoring constraints|Overengineering|Making claims without evidence,How would you test your approach to college project ownership?|What trade-off would change your decision?,fresher|fresher|college project ownership,College Project Ownership Interview Questions and Answers | InterviewPrep,Practice college project ownership interview questions with practical answers and follow-up guidance for Fresher candidates.,True
How would you troubleshoot a problem involving internship learning?,how-would-you-troubleshoot-a-problem-involving-internship-learning,Fresher,Fresher,MID_LEVEL,MEDIUM,HR,Practical interview preparation for internship learning.,"This question tests practical judgment around internship learning. A strong answer should connect the concept to requirements, constraints, measurable outcomes, and appropriate trade-offs rather than giving only a definition.","I would first clarify the goal and constraints related to internship learning, then choose an approach that is simple, testable, and appropriate for the situation. I would explain the main trade-offs, validate the result with relevant evidence, and document or communicate important decisions. If the situation changes, I would reassess rather than continuing with an approach that no longer fits.",Clarify requirements|Choose an appropriate approach|Explain trade-offs|Validate the result,Giving only a definition|Ignoring constraints|Overengineering|Making claims without evidence,How would you test your approach to internship learning?|What trade-off would change your decision?,fresher|fresher|internship learning,Internship Learning Interview Questions and Answers | InterviewPrep,Practice internship learning interview questions with practical answers and follow-up guidance for Fresher candidates.,True
How would you approach strengths in a Fresher role?,how-would-you-approach-strengths-in-a-fresher-role,Fresher,Fresher,FRESHER,EASY,BEHAVIORAL,Practical interview preparation for strengths.,"This question tests practical judgment around strengths. A strong answer should connect the concept to requirements, constraints, measurable outcomes, and appropriate trade-offs rather than giving only a definition.","I would first clarify the goal and constraints related to strengths, then choose an approach that is simple, testable, and appropriate for the situation. I would explain the main trade-offs, validate the result with relevant evidence, and document or communicate important decisions. If the situation changes, I would reassess rather than continuing with an approach that no longer fits.",Clarify requirements|Choose an appropriate approach|Explain trade-offs|Validate the result,Giving only a definition|Ignoring constraints|Overengineering|Making claims without evidence,How would you test your approach to strengths?|What trade-off would change your decision?,fresher|fresher|strengths,Strengths Interview Questions and Answers | InterviewPrep,Practice strengths interview questions with practical answers and follow-up guidance for Fresher candidates.,True
What would you consider when working with development areas as a Fresher?,what-would-you-consider-when-working-with-development-areas-as-a-fresher,Fresher,Fresher,MID_LEVEL,MEDIUM,BEHAVIORAL,Practical interview preparation for development areas.,"This question tests practical judgment around development areas. A strong answer should connect the concept to requirements, constraints, measurable outcomes, and appropriate trade-offs rather than giving only a definition.","I would first clarify the goal and constraints related to development areas, then choose an approach that is simple, testable, and appropriate for the situation. I would explain the main trade-offs, validate the result with relevant evidence, and document or communicate important decisions. If the situation changes, I would reassess rather than continuing with an approach that no longer fits.",Clarify requirements|Choose an appropriate approach|Explain trade-offs|Validate the result,Giving only a definition|Ignoring constraints|Overengineering|Making claims without evidence,How would you test your approach to development areas?|What trade-off would change your decision?,fresher|fresher|development areas,Development Areas Interview Questions and Answers | InterviewPrep,Practice development areas interview questions with practical answers and follow-up guidance for Fresher candidates.,True
How would you explain career goals to an interviewer?,how-would-you-explain-career-goals-to-an-interviewer,Fresher,Fresher,EXPERIENCED,MEDIUM,CASE_STUDY,Practical interview preparation for career goals.,"This question tests practical judgment around career goals. A strong answer should connect the concept to requirements, constraints, measurable outcomes, and appropriate trade-offs rather than giving only a definition.","I would first clarify the goal and constraints related to career goals, then choose an approach that is simple, testable, and appropriate for the situation. I would explain the main trade-offs, validate the result with relevant evidence, and document or communicate important decisions. If the situation changes, I would reassess rather than continuing with an approach that no longer fits.",Clarify requirements|Choose an appropriate approach|Explain trade-offs|Validate the result,Giving only a definition|Ignoring constraints|Overengineering|Making claims without evidence,How would you test your approach to career goals?|What trade-off would change your decision?,fresher|fresher|career goals,Career Goals Interview Questions and Answers | InterviewPrep,Practice career goals interview questions with practical answers and follow-up guidance for Fresher candidates.,True
What are the main trade-offs involved in workplace communication?,what-are-the-main-trade-offs-involved-in-workplace-communication,Fresher,Fresher,FRESHER,HARD,SITUATIONAL,Practical interview preparation for workplace communication.,"This question tests practical judgment around workplace communication. A strong answer should connect the concept to requirements, constraints, measurable outcomes, and appropriate trade-offs rather than giving only a definition.","I would first clarify the goal and constraints related to workplace communication, then choose an approach that is simple, testable, and appropriate for the situation. I would explain the main trade-offs, validate the result with relevant evidence, and document or communicate important decisions. If the situation changes, I would reassess rather than continuing with an approach that no longer fits.",Clarify requirements|Choose an appropriate approach|Explain trade-offs|Validate the result,Giving only a definition|Ignoring constraints|Overengineering|Making claims without evidence,How would you test your approach to workplace communication?|What trade-off would change your decision?,fresher|fresher|workplace communication,Workplace Communication Interview Questions and Answers | InterviewPrep,Practice workplace communication interview questions with practical answers and follow-up guidance for Fresher candidates.,True
How would you troubleshoot a problem involving meeting deadlines?,how-would-you-troubleshoot-a-problem-involving-meeting-deadlines,Fresher,Fresher,MID_LEVEL,MEDIUM,HR,Practical interview preparation for meeting deadlines.,"This question tests practical judgment around meeting deadlines. A strong answer should connect the concept to requirements, constraints, measurable outcomes, and appropriate trade-offs rather than giving only a definition.","I would first clarify the goal and constraints related to meeting deadlines, then choose an approach that is simple, testable, and appropriate for the situation. I would explain the main trade-offs, validate the result with relevant evidence, and document or communicate important decisions. If the situation changes, I would reassess rather than continuing with an approach that no longer fits.",Clarify requirements|Choose an appropriate approach|Explain trade-offs|Validate the result,Giving only a definition|Ignoring constraints|Overengineering|Making claims without evidence,How would you test your approach to meeting deadlines?|What trade-off would change your decision?,fresher|fresher|meeting deadlines,Meeting Deadlines Interview Questions and Answers | InterviewPrep,Practice meeting deadlines interview questions with practical answers and follow-up guidance for Fresher candidates.,True
How would you approach prioritization in a Fresher role?,how-would-you-approach-prioritization-in-a-fresher-role,Fresher,Fresher,FRESHER,EASY,BEHAVIORAL,Practical interview preparation for prioritization.,"This question tests practical judgment around prioritization. A strong answer should connect the concept to requirements, constraints, measurable outcomes, and appropriate trade-offs rather than giving only a definition.","I would first clarify the goal and constraints related to prioritization, then choose an approach that is simple, testable, and appropriate for the situation. I would explain the main trade-offs, validate the result with relevant evidence, and document or communicate important decisions. If the situation changes, I would reassess rather than continuing with an approach that no longer fits.",Clarify requirements|Choose an appropriate approach|Explain trade-offs|Validate the result,Giving only a definition|Ignoring constraints|Overengineering|Making claims without evidence,How would you test your approach to prioritization?|What trade-off would change your decision?,fresher|fresher|prioritization,Prioritization Interview Questions and Answers | InterviewPrep,Practice prioritization interview questions with practical answers and follow-up guidance for Fresher candidates.,True
What would you consider when working with adaptability as a Fresher?,what-would-you-consider-when-working-with-adaptability-as-a-fresher,Fresher,Fresher,MID_LEVEL,MEDIUM,BEHAVIORAL,Practical interview preparation for adaptability.,"This question tests practical judgment around adaptability. A strong answer should connect the concept to requirements, constraints, measurable outcomes, and appropriate trade-offs rather than giving only a definition.","I would first clarify the goal and constraints related to adaptability, then choose an approach that is simple, testable, and appropriate for the situation. I would explain the main trade-offs, validate the result with relevant evidence, and document or communicate important decisions. If the situation changes, I would reassess rather than continuing with an approach that no longer fits.",Clarify requirements|Choose an appropriate approach|Explain trade-offs|Validate the result,Giving only a definition|Ignoring constraints|Overengineering|Making claims without evidence,How would you test your approach to adaptability?|What trade-off would change your decision?,fresher|fresher|adaptability,Adaptability Interview Questions and Answers | InterviewPrep,Practice adaptability interview questions with practical answers and follow-up guidance for Fresher candidates.,True
How would you explain conflict in a team to an interviewer?,how-would-you-explain-conflict-in-a-team-to-an-interviewer,Fresher,Fresher,EXPERIENCED,MEDIUM,CASE_STUDY,Practical interview preparation for conflict in a team.,"This question tests practical judgment around conflict in a team. A strong answer should connect the concept to requirements, constraints, measurable outcomes, and appropriate trade-offs rather than giving only a definition.","I would first clarify the goal and constraints related to conflict in a team, then choose an approach that is simple, testable, and appropriate for the situation. I would explain the main trade-offs, validate the result with relevant evidence, and document or communicate important decisions. If the situation changes, I would reassess rather than continuing with an approach that no longer fits.",Clarify requirements|Choose an appropriate approach|Explain trade-offs|Validate the result,Giving only a definition|Ignoring constraints|Overengineering|Making claims without evidence,How would you test your approach to conflict in a team?|What trade-off would change your decision?,fresher|fresher|conflict in a team,Conflict In A Team Interview Questions and Answers | InterviewPrep,Practice conflict in a team interview questions with practical answers and follow-up guidance for Fresher candidates.,True
What are the main trade-offs involved in handling unfamiliar tasks?,what-are-the-main-trade-offs-involved-in-handling-unfamiliar-tasks,Fresher,Fresher,FRESHER,HARD,SITUATIONAL,Practical interview preparation for handling unfamiliar tasks.,"This question tests practical judgment around handling unfamiliar tasks. A strong answer should connect the concept to requirements, constraints, measurable outcomes, and appropriate trade-offs rather than giving only a definition.","I would first clarify the goal and constraints related to handling unfamiliar tasks, then choose an approach that is simple, testable, and appropriate for the situation. I would explain the main trade-offs, validate the result with relevant evidence, and document or communicate important decisions. If the situation changes, I would reassess rather than continuing with an approach that no longer fits.",Clarify requirements|Choose an appropriate approach|Explain trade-offs|Validate the result,Giving only a definition|Ignoring constraints|Overengineering|Making claims without evidence,How would you test your approach to handling unfamiliar tasks?|What trade-off would change your decision?,fresher|fresher|handling unfamiliar tasks,Handling Unfamiliar Tasks Interview Questions and Answers | InterviewPrep,Practice handling unfamiliar tasks interview questions with practical answers and follow-up guidance for Fresher candidates.,True
How would you troubleshoot a problem involving professional growth?,how-would-you-troubleshoot-a-problem-involving-professional-growth,Fresher,Fresher,MID_LEVEL,MEDIUM,HR,Practical interview preparation for professional growth.,"This question tests practical judgment around professional growth. A strong answer should connect the concept to requirements, constraints, measurable outcomes, and appropriate trade-offs rather than giving only a definition.","I would first clarify the goal and constraints related to professional growth, then choose an approach that is simple, testable, and appropriate for the situation. I would explain the main trade-offs, validate the result with relevant evidence, and document or communicate important decisions. If the situation changes, I would reassess rather than continuing with an approach that no longer fits.",Clarify requirements|Choose an appropriate approach|Explain trade-offs|Validate the result,Giving only a definition|Ignoring constraints|Overengineering|Making claims without evidence,How would you test your approach to professional growth?|What trade-off would change your decision?,fresher|fresher|professional growth,Professional Growth Interview Questions and Answers | InterviewPrep,Practice professional growth interview questions with practical answers and follow-up guidance for Fresher candidates.,True
How would you approach first-week goals in a Internship role?,how-would-you-approach-first-week-goals-in-a-internship-role,Internship,Internship,FRESHER,EASY,BEHAVIORAL,Practical interview preparation for first-week goals.,"This question tests practical judgment around first-week goals. A strong answer should connect the concept to requirements, constraints, measurable outcomes, and appropriate trade-offs rather than giving only a definition.","I would first clarify the goal and constraints related to first-week goals, then choose an approach that is simple, testable, and appropriate for the situation. I would explain the main trade-offs, validate the result with relevant evidence, and document or communicate important decisions. If the situation changes, I would reassess rather than continuing with an approach that no longer fits.",Clarify requirements|Choose an appropriate approach|Explain trade-offs|Validate the result,Giving only a definition|Ignoring constraints|Overengineering|Making claims without evidence,How would you test your approach to first-week goals?|What trade-off would change your decision?,internship|internship|first-week goals,First-Week Goals Interview Questions and Answers | InterviewPrep,Practice first-week goals interview questions with practical answers and follow-up guidance for Internship candidates.,True
What would you consider when working with learning team practices as a Internship?,what-would-you-consider-when-working-with-learning-team-practices-as-a-internship,Internship,Internship,MID_LEVEL,MEDIUM,BEHAVIORAL,Practical interview preparation for learning team practices.,"This question tests practical judgment around learning team practices. A strong answer should connect the concept to requirements, constraints, measurable outcomes, and appropriate trade-offs rather than giving only a definition.","I would first clarify the goal and constraints related to learning team practices, then choose an approach that is simple, testable, and appropriate for the situation. I would explain the main trade-offs, validate the result with relevant evidence, and document or communicate important decisions. If the situation changes, I would reassess rather than continuing with an approach that no longer fits.",Clarify requirements|Choose an appropriate approach|Explain trade-offs|Validate the result,Giving only a definition|Ignoring constraints|Overengineering|Making claims without evidence,How would you test your approach to learning team practices?|What trade-off would change your decision?,internship|internship|learning team practices,Learning Team Practices Interview Questions and Answers | InterviewPrep,Practice learning team practices interview questions with practical answers and follow-up guidance for Internship candidates.,True
How would you explain asking focused questions to an interviewer?,how-would-you-explain-asking-focused-questions-to-an-interviewer,Internship,Internship,EXPERIENCED,MEDIUM,CASE_STUDY,Practical interview preparation for asking focused questions.,"This question tests practical judgment around asking focused questions. A strong answer should connect the concept to requirements, constraints, measurable outcomes, and appropriate trade-offs rather than giving only a definition.","I would first clarify the goal and constraints related to asking focused questions, then choose an approach that is simple, testable, and appropriate for the situation. I would explain the main trade-offs, validate the result with relevant evidence, and document or communicate important decisions. If the situation changes, I would reassess rather than continuing with an approach that no longer fits.",Clarify requirements|Choose an appropriate approach|Explain trade-offs|Validate the result,Giving only a definition|Ignoring constraints|Overengineering|Making claims without evidence,How would you test your approach to asking focused questions?|What trade-off would change your decision?,internship|internship|asking focused questions,Asking Focused Questions Interview Questions and Answers | InterviewPrep,Practice asking focused questions interview questions with practical answers and follow-up guidance for Internship candidates.,True
What are the main trade-offs involved in small task ownership?,what-are-the-main-trade-offs-involved-in-small-task-ownership,Internship,Internship,FRESHER,HARD,SITUATIONAL,Practical interview preparation for small task ownership.,"This question tests practical judgment around small task ownership. A strong answer should connect the concept to requirements, constraints, measurable outcomes, and appropriate trade-offs rather than giving only a definition.","I would first clarify the goal and constraints related to small task ownership, then choose an approach that is simple, testable, and appropriate for the situation. I would explain the main trade-offs, validate the result with relevant evidence, and document or communicate important decisions. If the situation changes, I would reassess rather than continuing with an approach that no longer fits.",Clarify requirements|Choose an appropriate approach|Explain trade-offs|Validate the result,Giving only a definition|Ignoring constraints|Overengineering|Making claims without evidence,How would you test your approach to small task ownership?|What trade-off would change your decision?,internship|internship|small task ownership,Small Task Ownership Interview Questions and Answers | InterviewPrep,Practice small task ownership interview questions with practical answers and follow-up guidance for Internship candidates.,True
How would you troubleshoot a problem involving status updates?,how-would-you-troubleshoot-a-problem-involving-status-updates,Internship,Internship,MID_LEVEL,MEDIUM,HR,Practical interview preparation for status updates.,"This question tests practical judgment around status updates. A strong answer should connect the concept to requirements, constraints, measurable outcomes, and appropriate trade-offs rather than giving only a definition.","I would first clarify the goal and constraints related to status updates, then choose an approach that is simple, testable, and appropriate for the situation. I would explain the main trade-offs, validate the result with relevant evidence, and document or communicate important decisions. If the situation changes, I would reassess rather than continuing with an approach that no longer fits.",Clarify requirements|Choose an appropriate approach|Explain trade-offs|Validate the result,Giving only a definition|Ignoring constraints|Overengineering|Making claims without evidence,How would you test your approach to status updates?|What trade-off would change your decision?,internship|internship|status updates,Status Updates Interview Questions and Answers | InterviewPrep,Practice status updates interview questions with practical answers and follow-up guidance for Internship candidates.,True
How would you approach code review learning in a Internship role?,how-would-you-approach-code-review-learning-in-a-internship-role,Internship,Internship,FRESHER,EASY,BEHAVIORAL,Practical interview preparation for code review learning.,"This question tests practical judgment around code review learning. A strong answer should connect the concept to requirements, constraints, measurable outcomes, and appropriate trade-offs rather than giving only a definition.","I would first clarify the goal and constraints related to code review learning, then choose an approach that is simple, testable, and appropriate for the situation. I would explain the main trade-offs, validate the result with relevant evidence, and document or communicate important decisions. If the situation changes, I would reassess rather than continuing with an approach that no longer fits.",Clarify requirements|Choose an appropriate approach|Explain trade-offs|Validate the result,Giving only a definition|Ignoring constraints|Overengineering|Making claims without evidence,How would you test your approach to code review learning?|What trade-off would change your decision?,internship|internship|code review learning,Code Review Learning Interview Questions and Answers | InterviewPrep,Practice code review learning interview questions with practical answers and follow-up guidance for Internship candidates.,True
What would you consider when working with documentation habits as a Internship?,what-would-you-consider-when-working-with-documentation-habits-as-a-internship,Internship,Internship,MID_LEVEL,MEDIUM,BEHAVIORAL,Practical interview preparation for documentation habits.,"This question tests practical judgment around documentation habits. A strong answer should connect the concept to requirements, constraints, measurable outcomes, and appropriate trade-offs rather than giving only a definition.","I would first clarify the goal and constraints related to documentation habits, then choose an approach that is simple, testable, and appropriate for the situation. I would explain the main trade-offs, validate the result with relevant evidence, and document or communicate important decisions. If the situation changes, I would reassess rather than continuing with an approach that no longer fits.",Clarify requirements|Choose an appropriate approach|Explain trade-offs|Validate the result,Giving only a definition|Ignoring constraints|Overengineering|Making claims without evidence,How would you test your approach to documentation habits?|What trade-off would change your decision?,internship|internship|documentation habits,Documentation Habits Interview Questions and Answers | InterviewPrep,Practice documentation habits interview questions with practical answers and follow-up guidance for Internship candidates.,True
How would you explain time management to an interviewer?,how-would-you-explain-time-management-to-an-interviewer,Internship,Internship,EXPERIENCED,MEDIUM,CASE_STUDY,Practical interview preparation for time management.,"This question tests practical judgment around time management. A strong answer should connect the concept to requirements, constraints, measurable outcomes, and appropriate trade-offs rather than giving only a definition.","I would first clarify the goal and constraints related to time management, then choose an approach that is simple, testable, and appropriate for the situation. I would explain the main trade-offs, validate the result with relevant evidence, and document or communicate important decisions. If the situation changes, I would reassess rather than continuing with an approach that no longer fits.",Clarify requirements|Choose an appropriate approach|Explain trade-offs|Validate the result,Giving only a definition|Ignoring constraints|Overengineering|Making claims without evidence,How would you test your approach to time management?|What trade-off would change your decision?,internship|internship|time management,Time Management Interview Questions and Answers | InterviewPrep,Practice time management interview questions with practical answers and follow-up guidance for Internship candidates.,True
What are the main trade-offs involved in handling ambiguity?,what-are-the-main-trade-offs-involved-in-handling-ambiguity,Internship,Internship,FRESHER,HARD,SITUATIONAL,Practical interview preparation for handling ambiguity.,"This question tests practical judgment around handling ambiguity. A strong answer should connect the concept to requirements, constraints, measurable outcomes, and appropriate trade-offs rather than giving only a definition.","I would first clarify the goal and constraints related to handling ambiguity, then choose an approach that is simple, testable, and appropriate for the situation. I would explain the main trade-offs, validate the result with relevant evidence, and document or communicate important decisions. If the situation changes, I would reassess rather than continuing with an approach that no longer fits.",Clarify requirements|Choose an appropriate approach|Explain trade-offs|Validate the result,Giving only a definition|Ignoring constraints|Overengineering|Making claims without evidence,How would you test your approach to handling ambiguity?|What trade-off would change your decision?,internship|internship|handling ambiguity,Handling Ambiguity Interview Questions and Answers | InterviewPrep,Practice handling ambiguity interview questions with practical answers and follow-up guidance for Internship candidates.,True
How would you troubleshoot a problem involving feedback loops?,how-would-you-troubleshoot-a-problem-involving-feedback-loops,Internship,Internship,MID_LEVEL,MEDIUM,HR,Practical interview preparation for feedback loops.,"This question tests practical judgment around feedback loops. A strong answer should connect the concept to requirements, constraints, measurable outcomes, and appropriate trade-offs rather than giving only a definition.","I would first clarify the goal and constraints related to feedback loops, then choose an approach that is simple, testable, and appropriate for the situation. I would explain the main trade-offs, validate the result with relevant evidence, and document or communicate important decisions. If the situation changes, I would reassess rather than continuing with an approach that no longer fits.",Clarify requirements|Choose an appropriate approach|Explain trade-offs|Validate the result,Giving only a definition|Ignoring constraints|Overengineering|Making claims without evidence,How would you test your approach to feedback loops?|What trade-off would change your decision?,internship|internship|feedback loops,Feedback Loops Interview Questions and Answers | InterviewPrep,Practice feedback loops interview questions with practical answers and follow-up guidance for Internship candidates.,True
How would you approach collaboration in a Internship role?,how-would-you-approach-collaboration-in-a-internship-role,Internship,Internship,FRESHER,EASY,BEHAVIORAL,Practical interview preparation for collaboration.,"This question tests practical judgment around collaboration. A strong answer should connect the concept to requirements, constraints, measurable outcomes, and appropriate trade-offs rather than giving only a definition.","I would first clarify the goal and constraints related to collaboration, then choose an approach that is simple, testable, and appropriate for the situation. I would explain the main trade-offs, validate the result with relevant evidence, and document or communicate important decisions. If the situation changes, I would reassess rather than continuing with an approach that no longer fits.",Clarify requirements|Choose an appropriate approach|Explain trade-offs|Validate the result,Giving only a definition|Ignoring constraints|Overengineering|Making claims without evidence,How would you test your approach to collaboration?|What trade-off would change your decision?,internship|internship|collaboration,Collaboration Interview Questions and Answers | InterviewPrep,Practice collaboration interview questions with practical answers and follow-up guidance for Internship candidates.,True
What would you consider when working with debugging approach as a Internship?,what-would-you-consider-when-working-with-debugging-approach-as-a-internship,Internship,Internship,MID_LEVEL,MEDIUM,BEHAVIORAL,Practical interview preparation for debugging approach.,"This question tests practical judgment around debugging approach. A strong answer should connect the concept to requirements, constraints, measurable outcomes, and appropriate trade-offs rather than giving only a definition.","I would first clarify the goal and constraints related to debugging approach, then choose an approach that is simple, testable, and appropriate for the situation. I would explain the main trade-offs, validate the result with relevant evidence, and document or communicate important decisions. If the situation changes, I would reassess rather than continuing with an approach that no longer fits.",Clarify requirements|Choose an appropriate approach|Explain trade-offs|Validate the result,Giving only a definition|Ignoring constraints|Overengineering|Making claims without evidence,How would you test your approach to debugging approach?|What trade-off would change your decision?,internship|internship|debugging approach,Debugging Approach Interview Questions and Answers | InterviewPrep,Practice debugging approach interview questions with practical answers and follow-up guidance for Internship candidates.,True
How would you explain meeting etiquette to an interviewer?,how-would-you-explain-meeting-etiquette-to-an-interviewer,Internship,Internship,EXPERIENCED,MEDIUM,CASE_STUDY,Practical interview preparation for meeting etiquette.,"This question tests practical judgment around meeting etiquette. A strong answer should connect the concept to requirements, constraints, measurable outcomes, and appropriate trade-offs rather than giving only a definition.","I would first clarify the goal and constraints related to meeting etiquette, then choose an approach that is simple, testable, and appropriate for the situation. I would explain the main trade-offs, validate the result with relevant evidence, and document or communicate important decisions. If the situation changes, I would reassess rather than continuing with an approach that no longer fits.",Clarify requirements|Choose an appropriate approach|Explain trade-offs|Validate the result,Giving only a definition|Ignoring constraints|Overengineering|Making claims without evidence,How would you test your approach to meeting etiquette?|What trade-off would change your decision?,internship|internship|meeting etiquette,Meeting Etiquette Interview Questions and Answers | InterviewPrep,Practice meeting etiquette interview questions with practical answers and follow-up guidance for Internship candidates.,True
What are the main trade-offs involved in professional communication?,what-are-the-main-trade-offs-involved-in-professional-communication,Internship,Internship,FRESHER,HARD,SITUATIONAL,Practical interview preparation for professional communication.,"This question tests practical judgment around professional communication. A strong answer should connect the concept to requirements, constraints, measurable outcomes, and appropriate trade-offs rather than giving only a definition.","I would first clarify the goal and constraints related to professional communication, then choose an approach that is simple, testable, and appropriate for the situation. I would explain the main trade-offs, validate the result with relevant evidence, and document or communicate important decisions. If the situation changes, I would reassess rather than continuing with an approach that no longer fits.",Clarify requirements|Choose an appropriate approach|Explain trade-offs|Validate the result,Giving only a definition|Ignoring constraints|Overengineering|Making claims without evidence,How would you test your approach to professional communication?|What trade-off would change your decision?,internship|internship|professional communication,Professional Communication Interview Questions and Answers | InterviewPrep,Practice professional communication interview questions with practical answers and follow-up guidance for Internship candidates.,True
How would you troubleshoot a problem involving intern project planning?,how-would-you-troubleshoot-a-problem-involving-intern-project-planning,Internship,Internship,MID_LEVEL,MEDIUM,HR,Practical interview preparation for intern project planning.,"This question tests practical judgment around intern project planning. A strong answer should connect the concept to requirements, constraints, measurable outcomes, and appropriate trade-offs rather than giving only a definition.","I would first clarify the goal and constraints related to intern project planning, then choose an approach that is simple, testable, and appropriate for the situation. I would explain the main trade-offs, validate the result with relevant evidence, and document or communicate important decisions. If the situation changes, I would reassess rather than continuing with an approach that no longer fits.",Clarify requirements|Choose an appropriate approach|Explain trade-offs|Validate the result,Giving only a definition|Ignoring constraints|Overengineering|Making claims without evidence,How would you test your approach to intern project planning?|What trade-off would change your decision?,internship|internship|intern project planning,Intern Project Planning Interview Questions and Answers | InterviewPrep,Practice intern project planning interview questions with practical answers and follow-up guidance for Internship candidates.,True
How would you approach knowledge sharing in a Internship role?,how-would-you-approach-knowledge-sharing-in-a-internship-role,Internship,Internship,FRESHER,EASY,BEHAVIORAL,Practical interview preparation for knowledge sharing.,"This question tests practical judgment around knowledge sharing. A strong answer should connect the concept to requirements, constraints, measurable outcomes, and appropriate trade-offs rather than giving only a definition.","I would first clarify the goal and constraints related to knowledge sharing, then choose an approach that is simple, testable, and appropriate for the situation. I would explain the main trade-offs, validate the result with relevant evidence, and document or communicate important decisions. If the situation changes, I would reassess rather than continuing with an approach that no longer fits.",Clarify requirements|Choose an appropriate approach|Explain trade-offs|Validate the result,Giving only a definition|Ignoring constraints|Overengineering|Making claims without evidence,How would you test your approach to knowledge sharing?|What trade-off would change your decision?,internship|internship|knowledge sharing,Knowledge Sharing Interview Questions and Answers | InterviewPrep,Practice knowledge sharing interview questions with practical answers and follow-up guidance for Internship candidates.,True
What would you consider when working with escalating blockers as a Internship?,what-would-you-consider-when-working-with-escalating-blockers-as-a-internship,Internship,Internship,MID_LEVEL,MEDIUM,BEHAVIORAL,Practical interview preparation for escalating blockers.,"This question tests practical judgment around escalating blockers. A strong answer should connect the concept to requirements, constraints, measurable outcomes, and appropriate trade-offs rather than giving only a definition.","I would first clarify the goal and constraints related to escalating blockers, then choose an approach that is simple, testable, and appropriate for the situation. I would explain the main trade-offs, validate the result with relevant evidence, and document or communicate important decisions. If the situation changes, I would reassess rather than continuing with an approach that no longer fits.",Clarify requirements|Choose an appropriate approach|Explain trade-offs|Validate the result,Giving only a definition|Ignoring constraints|Overengineering|Making claims without evidence,How would you test your approach to escalating blockers?|What trade-off would change your decision?,internship|internship|escalating blockers,Escalating Blockers Interview Questions and Answers | InterviewPrep,Practice escalating blockers interview questions with practical answers and follow-up guidance for Internship candidates.,True
How would you explain quality checks to an interviewer?,how-would-you-explain-quality-checks-to-an-interviewer,Internship,Internship,EXPERIENCED,MEDIUM,CASE_STUDY,Practical interview preparation for quality checks.,"This question tests practical judgment around quality checks. A strong answer should connect the concept to requirements, constraints, measurable outcomes, and appropriate trade-offs rather than giving only a definition.","I would first clarify the goal and constraints related to quality checks, then choose an approach that is simple, testable, and appropriate for the situation. I would explain the main trade-offs, validate the result with relevant evidence, and document or communicate important decisions. If the situation changes, I would reassess rather than continuing with an approach that no longer fits.",Clarify requirements|Choose an appropriate approach|Explain trade-offs|Validate the result,Giving only a definition|Ignoring constraints|Overengineering|Making claims without evidence,How would you test your approach to quality checks?|What trade-off would change your decision?,internship|internship|quality checks,Quality Checks Interview Questions and Answers | InterviewPrep,Practice quality checks interview questions with practical answers and follow-up guidance for Internship candidates.,True
What are the main trade-offs involved in learning from failure?,what-are-the-main-trade-offs-involved-in-learning-from-failure,Internship,Internship,FRESHER,HARD,SITUATIONAL,Practical interview preparation for learning from failure.,"This question tests practical judgment around learning from failure. A strong answer should connect the concept to requirements, constraints, measurable outcomes, and appropriate trade-offs rather than giving only a definition.","I would first clarify the goal and constraints related to learning from failure, then choose an approach that is simple, testable, and appropriate for the situation. I would explain the main trade-offs, validate the result with relevant evidence, and document or communicate important decisions. If the situation changes, I would reassess rather than continuing with an approach that no longer fits.",Clarify requirements|Choose an appropriate approach|Explain trade-offs|Validate the result,Giving only a definition|Ignoring constraints|Overengineering|Making claims without evidence,How would you test your approach to learning from failure?|What trade-off would change your decision?,internship|internship|learning from failure,Learning From Failure Interview Questions and Answers | InterviewPrep,Practice learning from failure interview questions with practical answers and follow-up guidance for Internship candidates.,True
How would you troubleshoot a problem involving end-of-internship reflection?,how-would-you-troubleshoot-a-problem-involving-end-of-internship-reflection,Internship,Internship,MID_LEVEL,MEDIUM,HR,Practical interview preparation for end-of-internship reflection.,"This question tests practical judgment around end-of-internship reflection. A strong answer should connect the concept to requirements, constraints, measurable outcomes, and appropriate trade-offs rather than giving only a definition.","I would first clarify the goal and constraints related to end-of-internship reflection, then choose an approach that is simple, testable, and appropriate for the situation. I would explain the main trade-offs, validate the result with relevant evidence, and document or communicate important decisions. If the situation changes, I would reassess rather than continuing with an approach that no longer fits.",Clarify requirements|Choose an appropriate approach|Explain trade-offs|Validate the result,Giving only a definition|Ignoring constraints|Overengineering|Making claims without evidence,How would you test your approach to end-of-internship reflection?|What trade-off would change your decision?,internship|internship|end-of-internship reflection,End-Of-Internship Reflection Interview Questions and Answers | InterviewPrep,Practice end-of-internship reflection interview questions with practical answers and follow-up guidance for Internship candidates.,True
How would you approach leadership example in a Behavioral role?,how-would-you-approach-leadership-example-in-a-behavioral-role,Behavioral,Behavioral,FRESHER,EASY,BEHAVIORAL,Practical interview preparation for leadership example.,"This question tests practical judgment around leadership example. A strong answer should connect the concept to requirements, constraints, measurable outcomes, and appropriate trade-offs rather than giving only a definition.","I would first clarify the goal and constraints related to leadership example, then choose an approach that is simple, testable, and appropriate for the situation. I would explain the main trade-offs, validate the result with relevant evidence, and document or communicate important decisions. If the situation changes, I would reassess rather than continuing with an approach that no longer fits.",Clarify requirements|Choose an appropriate approach|Explain trade-offs|Validate the result,Giving only a definition|Ignoring constraints|Overengineering|Making claims without evidence,How would you test your approach to leadership example?|What trade-off would change your decision?,behavioral|behavioral|leadership example,Leadership Example Interview Questions and Answers | InterviewPrep,Practice leadership example interview questions with practical answers and follow-up guidance for Behavioral candidates.,True
What would you consider when working with team conflict as a Behavioral?,what-would-you-consider-when-working-with-team-conflict-as-a-behavioral,Behavioral,Behavioral,MID_LEVEL,MEDIUM,BEHAVIORAL,Practical interview preparation for team conflict.,"This question tests practical judgment around team conflict. A strong answer should connect the concept to requirements, constraints, measurable outcomes, and appropriate trade-offs rather than giving only a definition.","I would first clarify the goal and constraints related to team conflict, then choose an approach that is simple, testable, and appropriate for the situation. I would explain the main trade-offs, validate the result with relevant evidence, and document or communicate important decisions. If the situation changes, I would reassess rather than continuing with an approach that no longer fits.",Clarify requirements|Choose an appropriate approach|Explain trade-offs|Validate the result,Giving only a definition|Ignoring constraints|Overengineering|Making claims without evidence,How would you test your approach to team conflict?|What trade-off would change your decision?,behavioral|behavioral|team conflict,Team Conflict Interview Questions and Answers | InterviewPrep,Practice team conflict interview questions with practical answers and follow-up guidance for Behavioral candidates.,True
How would you explain difficult feedback to an interviewer?,how-would-you-explain-difficult-feedback-to-an-interviewer,Behavioral,Behavioral,EXPERIENCED,MEDIUM,CASE_STUDY,Practical interview preparation for difficult feedback.,"This question tests practical judgment around difficult feedback. A strong answer should connect the concept to requirements, constraints, measurable outcomes, and appropriate trade-offs rather than giving only a definition.","I would first clarify the goal and constraints related to difficult feedback, then choose an approach that is simple, testable, and appropriate for the situation. I would explain the main trade-offs, validate the result with relevant evidence, and document or communicate important decisions. If the situation changes, I would reassess rather than continuing with an approach that no longer fits.",Clarify requirements|Choose an appropriate approach|Explain trade-offs|Validate the result,Giving only a definition|Ignoring constraints|Overengineering|Making claims without evidence,How would you test your approach to difficult feedback?|What trade-off would change your decision?,behavioral|behavioral|difficult feedback,Difficult Feedback Interview Questions and Answers | InterviewPrep,Practice difficult feedback interview questions with practical answers and follow-up guidance for Behavioral candidates.,True
What are the main trade-offs involved in failure and learning?,what-are-the-main-trade-offs-involved-in-failure-and-learning,Behavioral,Behavioral,FRESHER,HARD,SITUATIONAL,Practical interview preparation for failure and learning.,"This question tests practical judgment around failure and learning. A strong answer should connect the concept to requirements, constraints, measurable outcomes, and appropriate trade-offs rather than giving only a definition.","I would first clarify the goal and constraints related to failure and learning, then choose an approach that is simple, testable, and appropriate for the situation. I would explain the main trade-offs, validate the result with relevant evidence, and document or communicate important decisions. If the situation changes, I would reassess rather than continuing with an approach that no longer fits.",Clarify requirements|Choose an appropriate approach|Explain trade-offs|Validate the result,Giving only a definition|Ignoring constraints|Overengineering|Making claims without evidence,How would you test your approach to failure and learning?|What trade-off would change your decision?,behavioral|behavioral|failure and learning,Failure And Learning Interview Questions and Answers | InterviewPrep,Practice failure and learning interview questions with practical answers and follow-up guidance for Behavioral candidates.,True
How would you troubleshoot a problem involving ownership?,how-would-you-troubleshoot-a-problem-involving-ownership,Behavioral,Behavioral,MID_LEVEL,MEDIUM,HR,Practical interview preparation for ownership.,"This question tests practical judgment around ownership. A strong answer should connect the concept to requirements, constraints, measurable outcomes, and appropriate trade-offs rather than giving only a definition.","I would first clarify the goal and constraints related to ownership, then choose an approach that is simple, testable, and appropriate for the situation. I would explain the main trade-offs, validate the result with relevant evidence, and document or communicate important decisions. If the situation changes, I would reassess rather than continuing with an approach that no longer fits.",Clarify requirements|Choose an appropriate approach|Explain trade-offs|Validate the result,Giving only a definition|Ignoring constraints|Overengineering|Making claims without evidence,How would you test your approach to ownership?|What trade-off would change your decision?,behavioral|behavioral|ownership,Ownership Interview Questions and Answers | InterviewPrep,Practice ownership interview questions with practical answers and follow-up guidance for Behavioral candidates.,True
How would you approach initiative in a Behavioral role?,how-would-you-approach-initiative-in-a-behavioral-role,Behavioral,Behavioral,FRESHER,EASY,BEHAVIORAL,Practical interview preparation for initiative.,"This question tests practical judgment around initiative. A strong answer should connect the concept to requirements, constraints, measurable outcomes, and appropriate trade-offs rather than giving only a definition.","I would first clarify the goal and constraints related to initiative, then choose an approach that is simple, testable, and appropriate for the situation. I would explain the main trade-offs, validate the result with relevant evidence, and document or communicate important decisions. If the situation changes, I would reassess rather than continuing with an approach that no longer fits.",Clarify requirements|Choose an appropriate approach|Explain trade-offs|Validate the result,Giving only a definition|Ignoring constraints|Overengineering|Making claims without evidence,How would you test your approach to initiative?|What trade-off would change your decision?,behavioral|behavioral|initiative,Initiative Interview Questions and Answers | InterviewPrep,Practice initiative interview questions with practical answers and follow-up guidance for Behavioral candidates.,True
What would you consider when working with deadline pressure as a Behavioral?,what-would-you-consider-when-working-with-deadline-pressure-as-a-behavioral,Behavioral,Behavioral,MID_LEVEL,MEDIUM,BEHAVIORAL,Practical interview preparation for deadline pressure.,"This question tests practical judgment around deadline pressure. A strong answer should connect the concept to requirements, constraints, measurable outcomes, and appropriate trade-offs rather than giving only a definition.","I would first clarify the goal and constraints related to deadline pressure, then choose an approach that is simple, testable, and appropriate for the situation. I would explain the main trade-offs, validate the result with relevant evidence, and document or communicate important decisions. If the situation changes, I would reassess rather than continuing with an approach that no longer fits.",Clarify requirements|Choose an appropriate approach|Explain trade-offs|Validate the result,Giving only a definition|Ignoring constraints|Overengineering|Making claims without evidence,How would you test your approach to deadline pressure?|What trade-off would change your decision?,behavioral|behavioral|deadline pressure,Deadline Pressure Interview Questions and Answers | InterviewPrep,Practice deadline pressure interview questions with practical answers and follow-up guidance for Behavioral candidates.,True
How would you explain changing priorities to an interviewer?,how-would-you-explain-changing-priorities-to-an-interviewer,Behavioral,Behavioral,EXPERIENCED,MEDIUM,CASE_STUDY,Practical interview preparation for changing priorities.,"This question tests practical judgment around changing priorities. A strong answer should connect the concept to requirements, constraints, measurable outcomes, and appropriate trade-offs rather than giving only a definition.","I would first clarify the goal and constraints related to changing priorities, then choose an approach that is simple, testable, and appropriate for the situation. I would explain the main trade-offs, validate the result with relevant evidence, and document or communicate important decisions. If the situation changes, I would reassess rather than continuing with an approach that no longer fits.",Clarify requirements|Choose an appropriate approach|Explain trade-offs|Validate the result,Giving only a definition|Ignoring constraints|Overengineering|Making claims without evidence,How would you test your approach to changing priorities?|What trade-off would change your decision?,behavioral|behavioral|changing priorities,Changing Priorities Interview Questions and Answers | InterviewPrep,Practice changing priorities interview questions with practical answers and follow-up guidance for Behavioral candidates.,True
What are the main trade-offs involved in stakeholder disagreement?,what-are-the-main-trade-offs-involved-in-stakeholder-disagreement,Behavioral,Behavioral,FRESHER,HARD,SITUATIONAL,Practical interview preparation for stakeholder disagreement.,"This question tests practical judgment around stakeholder disagreement. A strong answer should connect the concept to requirements, constraints, measurable outcomes, and appropriate trade-offs rather than giving only a definition.","I would first clarify the goal and constraints related to stakeholder disagreement, then choose an approach that is simple, testable, and appropriate for the situation. I would explain the main trade-offs, validate the result with relevant evidence, and document or communicate important decisions. If the situation changes, I would reassess rather than continuing with an approach that no longer fits.",Clarify requirements|Choose an appropriate approach|Explain trade-offs|Validate the result,Giving only a definition|Ignoring constraints|Overengineering|Making claims without evidence,How would you test your approach to stakeholder disagreement?|What trade-off would change your decision?,behavioral|behavioral|stakeholder disagreement,Stakeholder Disagreement Interview Questions and Answers | InterviewPrep,Practice stakeholder disagreement interview questions with practical answers and follow-up guidance for Behavioral candidates.,True
How would you troubleshoot a problem involving mistake recovery?,how-would-you-troubleshoot-a-problem-involving-mistake-recovery,Behavioral,Behavioral,MID_LEVEL,MEDIUM,HR,Practical interview preparation for mistake recovery.,"This question tests practical judgment around mistake recovery. A strong answer should connect the concept to requirements, constraints, measurable outcomes, and appropriate trade-offs rather than giving only a definition.","I would first clarify the goal and constraints related to mistake recovery, then choose an approach that is simple, testable, and appropriate for the situation. I would explain the main trade-offs, validate the result with relevant evidence, and document or communicate important decisions. If the situation changes, I would reassess rather than continuing with an approach that no longer fits.",Clarify requirements|Choose an appropriate approach|Explain trade-offs|Validate the result,Giving only a definition|Ignoring constraints|Overengineering|Making claims without evidence,How would you test your approach to mistake recovery?|What trade-off would change your decision?,behavioral|behavioral|mistake recovery,Mistake Recovery Interview Questions and Answers | InterviewPrep,Practice mistake recovery interview questions with practical answers and follow-up guidance for Behavioral candidates.,True
How would you approach mentoring in a Behavioral role?,how-would-you-approach-mentoring-in-a-behavioral-role,Behavioral,Behavioral,FRESHER,EASY,BEHAVIORAL,Practical interview preparation for mentoring.,"This question tests practical judgment around mentoring. A strong answer should connect the concept to requirements, constraints, measurable outcomes, and appropriate trade-offs rather than giving only a definition.","I would first clarify the goal and constraints related to mentoring, then choose an approach that is simple, testable, and appropriate for the situation. I would explain the main trade-offs, validate the result with relevant evidence, and document or communicate important decisions. If the situation changes, I would reassess rather than continuing with an approach that no longer fits.",Clarify requirements|Choose an appropriate approach|Explain trade-offs|Validate the result,Giving only a definition|Ignoring constraints|Overengineering|Making claims without evidence,How would you test your approach to mentoring?|What trade-off would change your decision?,behavioral|behavioral|mentoring,Mentoring Interview Questions and Answers | InterviewPrep,Practice mentoring interview questions with practical answers and follow-up guidance for Behavioral candidates.,True
What would you consider when working with cross-team collaboration as a Behavioral?,what-would-you-consider-when-working-with-cross-team-collaboration-as-a-behavioral,Behavioral,Behavioral,MID_LEVEL,MEDIUM,BEHAVIORAL,Practical interview preparation for cross-team collaboration.,"This question tests practical judgment around cross-team collaboration. A strong answer should connect the concept to requirements, constraints, measurable outcomes, and appropriate trade-offs rather than giving only a definition.","I would first clarify the goal and constraints related to cross-team collaboration, then choose an approach that is simple, testable, and appropriate for the situation. I would explain the main trade-offs, validate the result with relevant evidence, and document or communicate important decisions. If the situation changes, I would reassess rather than continuing with an approach that no longer fits.",Clarify requirements|Choose an appropriate approach|Explain trade-offs|Validate the result,Giving only a definition|Ignoring constraints|Overengineering|Making claims without evidence,How would you test your approach to cross-team collaboration?|What trade-off would change your decision?,behavioral|behavioral|cross-team collaboration,Cross-Team Collaboration Interview Questions and Answers | InterviewPrep,Practice cross-team collaboration interview questions with practical answers and follow-up guidance for Behavioral candidates.,True
How would you explain resilience to an interviewer?,how-would-you-explain-resilience-to-an-interviewer,Behavioral,Behavioral,EXPERIENCED,MEDIUM,CASE_STUDY,Practical interview preparation for resilience.,"This question tests practical judgment around resilience. A strong answer should connect the concept to requirements, constraints, measurable outcomes, and appropriate trade-offs rather than giving only a definition.","I would first clarify the goal and constraints related to resilience, then choose an approach that is simple, testable, and appropriate for the situation. I would explain the main trade-offs, validate the result with relevant evidence, and document or communicate important decisions. If the situation changes, I would reassess rather than continuing with an approach that no longer fits.",Clarify requirements|Choose an appropriate approach|Explain trade-offs|Validate the result,Giving only a definition|Ignoring constraints|Overengineering|Making claims without evidence,How would you test your approach to resilience?|What trade-off would change your decision?,behavioral|behavioral|resilience,Resilience Interview Questions and Answers | InterviewPrep,Practice resilience interview questions with practical answers and follow-up guidance for Behavioral candidates.,True
What are the main trade-offs involved in decision making?,what-are-the-main-trade-offs-involved-in-decision-making,Behavioral,Behavioral,FRESHER,HARD,SITUATIONAL,Practical interview preparation for decision making.,"This question tests practical judgment around decision making. A strong answer should connect the concept to requirements, constraints, measurable outcomes, and appropriate trade-offs rather than giving only a definition.","I would first clarify the goal and constraints related to decision making, then choose an approach that is simple, testable, and appropriate for the situation. I would explain the main trade-offs, validate the result with relevant evidence, and document or communicate important decisions. If the situation changes, I would reassess rather than continuing with an approach that no longer fits.",Clarify requirements|Choose an appropriate approach|Explain trade-offs|Validate the result,Giving only a definition|Ignoring constraints|Overengineering|Making claims without evidence,How would you test your approach to decision making?|What trade-off would change your decision?,behavioral|behavioral|decision making,Decision Making Interview Questions and Answers | InterviewPrep,Practice decision making interview questions with practical answers and follow-up guidance for Behavioral candidates.,True
How would you troubleshoot a problem involving communication gap?,how-would-you-troubleshoot-a-problem-involving-communication-gap,Behavioral,Behavioral,MID_LEVEL,MEDIUM,HR,Practical interview preparation for communication gap.,"This question tests practical judgment around communication gap. A strong answer should connect the concept to requirements, constraints, measurable outcomes, and appropriate trade-offs rather than giving only a definition.","I would first clarify the goal and constraints related to communication gap, then choose an approach that is simple, testable, and appropriate for the situation. I would explain the main trade-offs, validate the result with relevant evidence, and document or communicate important decisions. If the situation changes, I would reassess rather than continuing with an approach that no longer fits.",Clarify requirements|Choose an appropriate approach|Explain trade-offs|Validate the result,Giving only a definition|Ignoring constraints|Overengineering|Making claims without evidence,How would you test your approach to communication gap?|What trade-off would change your decision?,behavioral|behavioral|communication gap,Communication Gap Interview Questions and Answers | InterviewPrep,Practice communication gap interview questions with practical answers and follow-up guidance for Behavioral candidates.,True
How would you approach customer focus in a Behavioral role?,how-would-you-approach-customer-focus-in-a-behavioral-role,Behavioral,Behavioral,FRESHER,EASY,BEHAVIORAL,Practical interview preparation for customer focus.,"This question tests practical judgment around customer focus. A strong answer should connect the concept to requirements, constraints, measurable outcomes, and appropriate trade-offs rather than giving only a definition.","I would first clarify the goal and constraints related to customer focus, then choose an approach that is simple, testable, and appropriate for the situation. I would explain the main trade-offs, validate the result with relevant evidence, and document or communicate important decisions. If the situation changes, I would reassess rather than continuing with an approach that no longer fits.",Clarify requirements|Choose an appropriate approach|Explain trade-offs|Validate the result,Giving only a definition|Ignoring constraints|Overengineering|Making claims without evidence,How would you test your approach to customer focus?|What trade-off would change your decision?,behavioral|behavioral|customer focus,Customer Focus Interview Questions and Answers | InterviewPrep,Practice customer focus interview questions with practical answers and follow-up guidance for Behavioral candidates.,True
What would you consider when working with ethical dilemma as a Behavioral?,what-would-you-consider-when-working-with-ethical-dilemma-as-a-behavioral,Behavioral,Behavioral,MID_LEVEL,MEDIUM,BEHAVIORAL,Practical interview preparation for ethical dilemma.,"This question tests practical judgment around ethical dilemma. A strong answer should connect the concept to requirements, constraints, measurable outcomes, and appropriate trade-offs rather than giving only a definition.","I would first clarify the goal and constraints related to ethical dilemma, then choose an approach that is simple, testable, and appropriate for the situation. I would explain the main trade-offs, validate the result with relevant evidence, and document or communicate important decisions. If the situation changes, I would reassess rather than continuing with an approach that no longer fits.",Clarify requirements|Choose an appropriate approach|Explain trade-offs|Validate the result,Giving only a definition|Ignoring constraints|Overengineering|Making claims without evidence,How would you test your approach to ethical dilemma?|What trade-off would change your decision?,behavioral|behavioral|ethical dilemma,Ethical Dilemma Interview Questions and Answers | InterviewPrep,Practice ethical dilemma interview questions with practical answers and follow-up guidance for Behavioral candidates.,True
How would you explain learning from criticism to an interviewer?,how-would-you-explain-learning-from-criticism-to-an-interviewer,Behavioral,Behavioral,EXPERIENCED,MEDIUM,CASE_STUDY,Practical interview preparation for learning from criticism.,"This question tests practical judgment around learning from criticism. A strong answer should connect the concept to requirements, constraints, measurable outcomes, and appropriate trade-offs rather than giving only a definition.","I would first clarify the goal and constraints related to learning from criticism, then choose an approach that is simple, testable, and appropriate for the situation. I would explain the main trade-offs, validate the result with relevant evidence, and document or communicate important decisions. If the situation changes, I would reassess rather than continuing with an approach that no longer fits.",Clarify requirements|Choose an appropriate approach|Explain trade-offs|Validate the result,Giving only a definition|Ignoring constraints|Overengineering|Making claims without evidence,How would you test your approach to learning from criticism?|What trade-off would change your decision?,behavioral|behavioral|learning from criticism,Learning From Criticism Interview Questions and Answers | InterviewPrep,Practice learning from criticism interview questions with practical answers and follow-up guidance for Behavioral candidates.,True
What are the main trade-offs involved in handling uncertainty?,what-are-the-main-trade-offs-involved-in-handling-uncertainty,Behavioral,Behavioral,FRESHER,HARD,SITUATIONAL,Practical interview preparation for handling uncertainty.,"This question tests practical judgment around handling uncertainty. A strong answer should connect the concept to requirements, constraints, measurable outcomes, and appropriate trade-offs rather than giving only a definition.","I would first clarify the goal and constraints related to handling uncertainty, then choose an approach that is simple, testable, and appropriate for the situation. I would explain the main trade-offs, validate the result with relevant evidence, and document or communicate important decisions. If the situation changes, I would reassess rather than continuing with an approach that no longer fits.",Clarify requirements|Choose an appropriate approach|Explain trade-offs|Validate the result,Giving only a definition|Ignoring constraints|Overengineering|Making claims without evidence,How would you test your approach to handling uncertainty?|What trade-off would change your decision?,behavioral|behavioral|handling uncertainty,Handling Uncertainty Interview Questions and Answers | InterviewPrep,Practice handling uncertainty interview questions with practical answers and follow-up guidance for Behavioral candidates.,True
How would you troubleshoot a problem involving achievement?,how-would-you-troubleshoot-a-problem-involving-achievement,Behavioral,Behavioral,MID_LEVEL,MEDIUM,HR,Practical interview preparation for achievement.,"This question tests practical judgment around achievement. A strong answer should connect the concept to requirements, constraints, measurable outcomes, and appropriate trade-offs rather than giving only a definition.","I would first clarify the goal and constraints related to achievement, then choose an approach that is simple, testable, and appropriate for the situation. I would explain the main trade-offs, validate the result with relevant evidence, and document or communicate important decisions. If the situation changes, I would reassess rather than continuing with an approach that no longer fits.",Clarify requirements|Choose an appropriate approach|Explain trade-offs|Validate the result,Giving only a definition|Ignoring constraints|Overengineering|Making claims without evidence,How would you test your approach to achievement?|What trade-off would change your decision?,behavioral|behavioral|achievement,Achievement Interview Questions and Answers | InterviewPrep,Practice achievement interview questions with practical answers and follow-up guidance for Behavioral candidates.,True
How would you approach two urgent priorities in a Situational role?,how-would-you-approach-two-urgent-priorities-in-a-situational-role,Situational,Situational,FRESHER,EASY,BEHAVIORAL,Practical interview preparation for two urgent priorities.,"This question tests practical judgment around two urgent priorities. A strong answer should connect the concept to requirements, constraints, measurable outcomes, and appropriate trade-offs rather than giving only a definition.","I would first clarify the goal and constraints related to two urgent priorities, then choose an approach that is simple, testable, and appropriate for the situation. I would explain the main trade-offs, validate the result with relevant evidence, and document or communicate important decisions. If the situation changes, I would reassess rather than continuing with an approach that no longer fits.",Clarify requirements|Choose an appropriate approach|Explain trade-offs|Validate the result,Giving only a definition|Ignoring constraints|Overengineering|Making claims without evidence,How would you test your approach to two urgent priorities?|What trade-off would change your decision?,situational|situational|two urgent priorities,Two Urgent Priorities Interview Questions and Answers | InterviewPrep,Practice two urgent priorities interview questions with practical answers and follow-up guidance for Situational candidates.,True
What would you consider when working with unclear requirements as a Situational?,what-would-you-consider-when-working-with-unclear-requirements-as-a-situational,Situational,Situational,MID_LEVEL,MEDIUM,BEHAVIORAL,Practical interview preparation for unclear requirements.,"This question tests practical judgment around unclear requirements. A strong answer should connect the concept to requirements, constraints, measurable outcomes, and appropriate trade-offs rather than giving only a definition.","I would first clarify the goal and constraints related to unclear requirements, then choose an approach that is simple, testable, and appropriate for the situation. I would explain the main trade-offs, validate the result with relevant evidence, and document or communicate important decisions. If the situation changes, I would reassess rather than continuing with an approach that no longer fits.",Clarify requirements|Choose an appropriate approach|Explain trade-offs|Validate the result,Giving only a definition|Ignoring constraints|Overengineering|Making claims without evidence,How would you test your approach to unclear requirements?|What trade-off would change your decision?,situational|situational|unclear requirements,Unclear Requirements Interview Questions and Answers | InterviewPrep,Practice unclear requirements interview questions with practical answers and follow-up guidance for Situational candidates.,True
How would you explain missed deadline to an interviewer?,how-would-you-explain-missed-deadline-to-an-interviewer,Situational,Situational,EXPERIENCED,MEDIUM,CASE_STUDY,Practical interview preparation for missed deadline.,"This question tests practical judgment around missed deadline. A strong answer should connect the concept to requirements, constraints, measurable outcomes, and appropriate trade-offs rather than giving only a definition.","I would first clarify the goal and constraints related to missed deadline, then choose an approach that is simple, testable, and appropriate for the situation. I would explain the main trade-offs, validate the result with relevant evidence, and document or communicate important decisions. If the situation changes, I would reassess rather than continuing with an approach that no longer fits.",Clarify requirements|Choose an appropriate approach|Explain trade-offs|Validate the result,Giving only a definition|Ignoring constraints|Overengineering|Making claims without evidence,How would you test your approach to missed deadline?|What trade-off would change your decision?,situational|situational|missed deadline,Missed Deadline Interview Questions and Answers | InterviewPrep,Practice missed deadline interview questions with practical answers and follow-up guidance for Situational candidates.,True
What are the main trade-offs involved in production incident?,what-are-the-main-trade-offs-involved-in-production-incident,Situational,Situational,FRESHER,HARD,SITUATIONAL,Practical interview preparation for production incident.,"This question tests practical judgment around production incident. A strong answer should connect the concept to requirements, constraints, measurable outcomes, and appropriate trade-offs rather than giving only a definition.","I would first clarify the goal and constraints related to production incident, then choose an approach that is simple, testable, and appropriate for the situation. I would explain the main trade-offs, validate the result with relevant evidence, and document or communicate important decisions. If the situation changes, I would reassess rather than continuing with an approach that no longer fits.",Clarify requirements|Choose an appropriate approach|Explain trade-offs|Validate the result,Giving only a definition|Ignoring constraints|Overengineering|Making claims without evidence,How would you test your approach to production incident?|What trade-off would change your decision?,situational|situational|production incident,Production Incident Interview Questions and Answers | InterviewPrep,Practice production incident interview questions with practical answers and follow-up guidance for Situational candidates.,True
How would you troubleshoot a problem involving unhappy stakeholder?,how-would-you-troubleshoot-a-problem-involving-unhappy-stakeholder,Situational,Situational,MID_LEVEL,MEDIUM,HR,Practical interview preparation for unhappy stakeholder.,"This question tests practical judgment around unhappy stakeholder. A strong answer should connect the concept to requirements, constraints, measurable outcomes, and appropriate trade-offs rather than giving only a definition.","I would first clarify the goal and constraints related to unhappy stakeholder, then choose an approach that is simple, testable, and appropriate for the situation. I would explain the main trade-offs, validate the result with relevant evidence, and document or communicate important decisions. If the situation changes, I would reassess rather than continuing with an approach that no longer fits.",Clarify requirements|Choose an appropriate approach|Explain trade-offs|Validate the result,Giving only a definition|Ignoring constraints|Overengineering|Making claims without evidence,How would you test your approach to unhappy stakeholder?|What trade-off would change your decision?,situational|situational|unhappy stakeholder,Unhappy Stakeholder Interview Questions and Answers | InterviewPrep,Practice unhappy stakeholder interview questions with practical answers and follow-up guidance for Situational candidates.,True
How would you approach limited resources in a Situational role?,how-would-you-approach-limited-resources-in-a-situational-role,Situational,Situational,FRESHER,EASY,BEHAVIORAL,Practical interview preparation for limited resources.,"This question tests practical judgment around limited resources. A strong answer should connect the concept to requirements, constraints, measurable outcomes, and appropriate trade-offs rather than giving only a definition.","I would first clarify the goal and constraints related to limited resources, then choose an approach that is simple, testable, and appropriate for the situation. I would explain the main trade-offs, validate the result with relevant evidence, and document or communicate important decisions. If the situation changes, I would reassess rather than continuing with an approach that no longer fits.",Clarify requirements|Choose an appropriate approach|Explain trade-offs|Validate the result,Giving only a definition|Ignoring constraints|Overengineering|Making claims without evidence,How would you test your approach to limited resources?|What trade-off would change your decision?,situational|situational|limited resources,Limited Resources Interview Questions and Answers | InterviewPrep,Practice limited resources interview questions with practical answers and follow-up guidance for Situational candidates.,True
What would you consider when working with conflicting instructions as a Situational?,what-would-you-consider-when-working-with-conflicting-instructions-as-a-situational,Situational,Situational,MID_LEVEL,MEDIUM,BEHAVIORAL,Practical interview preparation for conflicting instructions.,"This question tests practical judgment around conflicting instructions. A strong answer should connect the concept to requirements, constraints, measurable outcomes, and appropriate trade-offs rather than giving only a definition.","I would first clarify the goal and constraints related to conflicting instructions, then choose an approach that is simple, testable, and appropriate for the situation. I would explain the main trade-offs, validate the result with relevant evidence, and document or communicate important decisions. If the situation changes, I would reassess rather than continuing with an approach that no longer fits.",Clarify requirements|Choose an appropriate approach|Explain trade-offs|Validate the result,Giving only a definition|Ignoring constraints|Overengineering|Making claims without evidence,How would you test your approach to conflicting instructions?|What trade-off would change your decision?,situational|situational|conflicting instructions,Conflicting Instructions Interview Questions and Answers | InterviewPrep,Practice conflicting instructions interview questions with practical answers and follow-up guidance for Situational candidates.,True
How would you explain unexpected scope change to an interviewer?,how-would-you-explain-unexpected-scope-change-to-an-interviewer,Situational,Situational,EXPERIENCED,MEDIUM,CASE_STUDY,Practical interview preparation for unexpected scope change.,"This question tests practical judgment around unexpected scope change. A strong answer should connect the concept to requirements, constraints, measurable outcomes, and appropriate trade-offs rather than giving only a definition.","I would first clarify the goal and constraints related to unexpected scope change, then choose an approach that is simple, testable, and appropriate for the situation. I would explain the main trade-offs, validate the result with relevant evidence, and document or communicate important decisions. If the situation changes, I would reassess rather than continuing with an approach that no longer fits.",Clarify requirements|Choose an appropriate approach|Explain trade-offs|Validate the result,Giving only a definition|Ignoring constraints|Overengineering|Making claims without evidence,How would you test your approach to unexpected scope change?|What trade-off would change your decision?,situational|situational|unexpected scope change,Unexpected Scope Change Interview Questions and Answers | InterviewPrep,Practice unexpected scope change interview questions with practical answers and follow-up guidance for Situational candidates.,True
What are the main trade-offs involved in team member blocked?,what-are-the-main-trade-offs-involved-in-team-member-blocked,Situational,Situational,FRESHER,HARD,SITUATIONAL,Practical interview preparation for team member blocked.,"This question tests practical judgment around team member blocked. A strong answer should connect the concept to requirements, constraints, measurable outcomes, and appropriate trade-offs rather than giving only a definition.","I would first clarify the goal and constraints related to team member blocked, then choose an approach that is simple, testable, and appropriate for the situation. I would explain the main trade-offs, validate the result with relevant evidence, and document or communicate important decisions. If the situation changes, I would reassess rather than continuing with an approach that no longer fits.",Clarify requirements|Choose an appropriate approach|Explain trade-offs|Validate the result,Giving only a definition|Ignoring constraints|Overengineering|Making claims without evidence,How would you test your approach to team member blocked?|What trade-off would change your decision?,situational|situational|team member blocked,Team Member Blocked Interview Questions and Answers | InterviewPrep,Practice team member blocked interview questions with practical answers and follow-up guidance for Situational candidates.,True
How would you troubleshoot a problem involving quality versus speed?,how-would-you-troubleshoot-a-problem-involving-quality-versus-speed,Situational,Situational,MID_LEVEL,MEDIUM,HR,Practical interview preparation for quality versus speed.,"This question tests practical judgment around quality versus speed. A strong answer should connect the concept to requirements, constraints, measurable outcomes, and appropriate trade-offs rather than giving only a definition.","I would first clarify the goal and constraints related to quality versus speed, then choose an approach that is simple, testable, and appropriate for the situation. I would explain the main trade-offs, validate the result with relevant evidence, and document or communicate important decisions. If the situation changes, I would reassess rather than continuing with an approach that no longer fits.",Clarify requirements|Choose an appropriate approach|Explain trade-offs|Validate the result,Giving only a definition|Ignoring constraints|Overengineering|Making claims without evidence,How would you test your approach to quality versus speed?|What trade-off would change your decision?,situational|situational|quality versus speed,Quality Versus Speed Interview Questions and Answers | InterviewPrep,Practice quality versus speed interview questions with practical answers and follow-up guidance for Situational candidates.,True
How would you approach new urgent request in a Situational role?,how-would-you-approach-new-urgent-request-in-a-situational-role,Situational,Situational,FRESHER,EASY,BEHAVIORAL,Practical interview preparation for new urgent request.,"This question tests practical judgment around new urgent request. A strong answer should connect the concept to requirements, constraints, measurable outcomes, and appropriate trade-offs rather than giving only a definition.","I would first clarify the goal and constraints related to new urgent request, then choose an approach that is simple, testable, and appropriate for the situation. I would explain the main trade-offs, validate the result with relevant evidence, and document or communicate important decisions. If the situation changes, I would reassess rather than continuing with an approach that no longer fits.",Clarify requirements|Choose an appropriate approach|Explain trade-offs|Validate the result,Giving only a definition|Ignoring constraints|Overengineering|Making claims without evidence,How would you test your approach to new urgent request?|What trade-off would change your decision?,situational|situational|new urgent request,New Urgent Request Interview Questions and Answers | InterviewPrep,Practice new urgent request interview questions with practical answers and follow-up guidance for Situational candidates.,True
What would you consider when working with disagreement on approach as a Situational?,what-would-you-consider-when-working-with-disagreement-on-approach-as-a-situational,Situational,Situational,MID_LEVEL,MEDIUM,BEHAVIORAL,Practical interview preparation for disagreement on approach.,"This question tests practical judgment around disagreement on approach. A strong answer should connect the concept to requirements, constraints, measurable outcomes, and appropriate trade-offs rather than giving only a definition.","I would first clarify the goal and constraints related to disagreement on approach, then choose an approach that is simple, testable, and appropriate for the situation. I would explain the main trade-offs, validate the result with relevant evidence, and document or communicate important decisions. If the situation changes, I would reassess rather than continuing with an approach that no longer fits.",Clarify requirements|Choose an appropriate approach|Explain trade-offs|Validate the result,Giving only a definition|Ignoring constraints|Overengineering|Making claims without evidence,How would you test your approach to disagreement on approach?|What trade-off would change your decision?,situational|situational|disagreement on approach,Disagreement On Approach Interview Questions and Answers | InterviewPrep,Practice disagreement on approach interview questions with practical answers and follow-up guidance for Situational candidates.,True
How would you explain missing data to an interviewer?,how-would-you-explain-missing-data-to-an-interviewer,Situational,Situational,EXPERIENCED,MEDIUM,CASE_STUDY,Practical interview preparation for missing data.,"This question tests practical judgment around missing data. A strong answer should connect the concept to requirements, constraints, measurable outcomes, and appropriate trade-offs rather than giving only a definition.","I would first clarify the goal and constraints related to missing data, then choose an approach that is simple, testable, and appropriate for the situation. I would explain the main trade-offs, validate the result with relevant evidence, and document or communicate important decisions. If the situation changes, I would reassess rather than continuing with an approach that no longer fits.",Clarify requirements|Choose an appropriate approach|Explain trade-offs|Validate the result,Giving only a definition|Ignoring constraints|Overengineering|Making claims without evidence,How would you test your approach to missing data?|What trade-off would change your decision?,situational|situational|missing data,Missing Data Interview Questions and Answers | InterviewPrep,Practice missing data interview questions with practical answers and follow-up guidance for Situational candidates.,True
What are the main trade-offs involved in dependency delay?,what-are-the-main-trade-offs-involved-in-dependency-delay,Situational,Situational,FRESHER,HARD,SITUATIONAL,Practical interview preparation for dependency delay.,"This question tests practical judgment around dependency delay. A strong answer should connect the concept to requirements, constraints, measurable outcomes, and appropriate trade-offs rather than giving only a definition.","I would first clarify the goal and constraints related to dependency delay, then choose an approach that is simple, testable, and appropriate for the situation. I would explain the main trade-offs, validate the result with relevant evidence, and document or communicate important decisions. If the situation changes, I would reassess rather than continuing with an approach that no longer fits.",Clarify requirements|Choose an appropriate approach|Explain trade-offs|Validate the result,Giving only a definition|Ignoring constraints|Overengineering|Making claims without evidence,How would you test your approach to dependency delay?|What trade-off would change your decision?,situational|situational|dependency delay,Dependency Delay Interview Questions and Answers | InterviewPrep,Practice dependency delay interview questions with practical answers and follow-up guidance for Situational candidates.,True
How would you troubleshoot a problem involving late feedback?,how-would-you-troubleshoot-a-problem-involving-late-feedback,Situational,Situational,MID_LEVEL,MEDIUM,HR,Practical interview preparation for late feedback.,"This question tests practical judgment around late feedback. A strong answer should connect the concept to requirements, constraints, measurable outcomes, and appropriate trade-offs rather than giving only a definition.","I would first clarify the goal and constraints related to late feedback, then choose an approach that is simple, testable, and appropriate for the situation. I would explain the main trade-offs, validate the result with relevant evidence, and document or communicate important decisions. If the situation changes, I would reassess rather than continuing with an approach that no longer fits.",Clarify requirements|Choose an appropriate approach|Explain trade-offs|Validate the result,Giving only a definition|Ignoring constraints|Overengineering|Making claims without evidence,How would you test your approach to late feedback?|What trade-off would change your decision?,situational|situational|late feedback,Late Feedback Interview Questions and Answers | InterviewPrep,Practice late feedback interview questions with practical answers and follow-up guidance for Situational candidates.,True
How would you approach security concern in a Situational role?,how-would-you-approach-security-concern-in-a-situational-role,Situational,Situational,FRESHER,EASY,BEHAVIORAL,Practical interview preparation for security concern.,"This question tests practical judgment around security concern. A strong answer should connect the concept to requirements, constraints, measurable outcomes, and appropriate trade-offs rather than giving only a definition.","I would first clarify the goal and constraints related to security concern, then choose an approach that is simple, testable, and appropriate for the situation. I would explain the main trade-offs, validate the result with relevant evidence, and document or communicate important decisions. If the situation changes, I would reassess rather than continuing with an approach that no longer fits.",Clarify requirements|Choose an appropriate approach|Explain trade-offs|Validate the result,Giving only a definition|Ignoring constraints|Overengineering|Making claims without evidence,How would you test your approach to security concern?|What trade-off would change your decision?,situational|situational|security concern,Security Concern Interview Questions and Answers | InterviewPrep,Practice security concern interview questions with practical answers and follow-up guidance for Situational candidates.,True
What would you consider when working with customer escalation as a Situational?,what-would-you-consider-when-working-with-customer-escalation-as-a-situational,Situational,Situational,MID_LEVEL,MEDIUM,BEHAVIORAL,Practical interview preparation for customer escalation.,"This question tests practical judgment around customer escalation. A strong answer should connect the concept to requirements, constraints, measurable outcomes, and appropriate trade-offs rather than giving only a definition.","I would first clarify the goal and constraints related to customer escalation, then choose an approach that is simple, testable, and appropriate for the situation. I would explain the main trade-offs, validate the result with relevant evidence, and document or communicate important decisions. If the situation changes, I would reassess rather than continuing with an approach that no longer fits.",Clarify requirements|Choose an appropriate approach|Explain trade-offs|Validate the result,Giving only a definition|Ignoring constraints|Overengineering|Making claims without evidence,How would you test your approach to customer escalation?|What trade-off would change your decision?,situational|situational|customer escalation,Customer Escalation Interview Questions and Answers | InterviewPrep,Practice customer escalation interview questions with practical answers and follow-up guidance for Situational candidates.,True
How would you explain failed experiment to an interviewer?,how-would-you-explain-failed-experiment-to-an-interviewer,Situational,Situational,EXPERIENCED,MEDIUM,CASE_STUDY,Practical interview preparation for failed experiment.,"This question tests practical judgment around failed experiment. A strong answer should connect the concept to requirements, constraints, measurable outcomes, and appropriate trade-offs rather than giving only a definition.","I would first clarify the goal and constraints related to failed experiment, then choose an approach that is simple, testable, and appropriate for the situation. I would explain the main trade-offs, validate the result with relevant evidence, and document or communicate important decisions. If the situation changes, I would reassess rather than continuing with an approach that no longer fits.",Clarify requirements|Choose an appropriate approach|Explain trade-offs|Validate the result,Giving only a definition|Ignoring constraints|Overengineering|Making claims without evidence,How would you test your approach to failed experiment?|What trade-off would change your decision?,situational|situational|failed experiment,Failed Experiment Interview Questions and Answers | InterviewPrep,Practice failed experiment interview questions with practical answers and follow-up guidance for Situational candidates.,True
What are the main trade-offs involved in staff shortage?,what-are-the-main-trade-offs-involved-in-staff-shortage,Situational,Situational,FRESHER,HARD,SITUATIONAL,Practical interview preparation for staff shortage.,"This question tests practical judgment around staff shortage. A strong answer should connect the concept to requirements, constraints, measurable outcomes, and appropriate trade-offs rather than giving only a definition.","I would first clarify the goal and constraints related to staff shortage, then choose an approach that is simple, testable, and appropriate for the situation. I would explain the main trade-offs, validate the result with relevant evidence, and document or communicate important decisions. If the situation changes, I would reassess rather than continuing with an approach that no longer fits.",Clarify requirements|Choose an appropriate approach|Explain trade-offs|Validate the result,Giving only a definition|Ignoring constraints|Overengineering|Making claims without evidence,How would you test your approach to staff shortage?|What trade-off would change your decision?,situational|situational|staff shortage,Staff Shortage Interview Questions and Answers | InterviewPrep,Practice staff shortage interview questions with practical answers and follow-up guidance for Situational candidates.,True
How would you troubleshoot a problem involving last-minute presentation?,how-would-you-troubleshoot-a-problem-involving-last-minute-presentation,Situational,Situational,MID_LEVEL,MEDIUM,HR,Practical interview preparation for last-minute presentation.,"This question tests practical judgment around last-minute presentation. A strong answer should connect the concept to requirements, constraints, measurable outcomes, and appropriate trade-offs rather than giving only a definition.","I would first clarify the goal and constraints related to last-minute presentation, then choose an approach that is simple, testable, and appropriate for the situation. I would explain the main trade-offs, validate the result with relevant evidence, and document or communicate important decisions. If the situation changes, I would reassess rather than continuing with an approach that no longer fits.",Clarify requirements|Choose an appropriate approach|Explain trade-offs|Validate the result,Giving only a definition|Ignoring constraints|Overengineering|Making claims without evidence,How would you test your approach to last-minute presentation?|What trade-off would change your decision?,situational|situational|last-minute presentation,Last-Minute Presentation Interview Questions and Answers | InterviewPrep,Practice last-minute presentation interview questions with practical answers and follow-up guidance for Situational candidates.,True
