question,slug,category,subcategory,experienceLevel,difficulty,interviewType,shortDescription,explanation,sampleAnswer,keyPoints,commonMistakes,followUpQuestions,tags,seoTitle,seoDescription,isPublished
"What is JVM, and why is it important in Java Developer?",what-is-jvm-and-why-is-it-important-in-java-developer,Java Developer,Core Java,Fresher,Easy,Technical,Interview preparation question about JVM.,"Explain JVM clearly, its purpose, how it works, and where it is used. Include a practical example relevant to the role.","A strong answer should define JVM, explain its practical purpose, describe an example, and mention important limitations or trade-offs where relevant.",Definition; purpose; practical usage; example; important considerations,Giving only a memorized definition; confusing related concepts; omitting a practical example.,What are the advantages and limitations of JVM?;Can you give a practical example of JVM?,"java developer,core java,jvm",JVM Interview Questions and Answers | InterviewPrep,Practice JVM interview questions and answers for Java Developer candidates.,True
How does JVM work in Java Developer?,how-does-jvm-work-in-java-developer,Java Developer,Core Java,0-1 Years,Medium,Technical,Interview preparation question about JVM.,"Explain JVM clearly, its purpose, how it works, and where it is used. Include a practical example relevant to the role.","A strong answer should define JVM, explain its practical purpose, describe an example, and mention important limitations or trade-offs where relevant.",Definition; purpose; practical usage; example; important considerations,Giving only a memorized definition; confusing related concepts; omitting a practical example.,What are the advantages and limitations of JVM?;Can you give a practical example of JVM?,"java developer,core java,jvm",JVM Interview Questions and Answers | InterviewPrep,Practice JVM interview questions and answers for Java Developer candidates.,True
What are the common mistakes candidates make when explaining JVM?,what-are-the-common-mistakes-candidates-make-when-explaining-jvm,Java Developer,Core Java,1-3 Years,Medium,Technical,Interview preparation question about JVM.,"Explain JVM clearly, its purpose, how it works, and where it is used. Include a practical example relevant to the role.","A strong answer should define JVM, explain its practical purpose, describe an example, and mention important limitations or trade-offs where relevant.",Definition; purpose; practical usage; example; important considerations,Giving only a memorized definition; confusing related concepts; omitting a practical example.,What are the advantages and limitations of JVM?;Can you give a practical example of JVM?,"java developer,core java,jvm",JVM Interview Questions and Answers | InterviewPrep,Practice JVM interview questions and answers for Java Developer candidates.,True
"What is JRE, and why is it important in Java Developer?",what-is-jre-and-why-is-it-important-in-java-developer,Java Developer,Core Java,Fresher,Easy,Technical,Interview preparation question about JRE.,"Explain JRE clearly, its purpose, how it works, and where it is used. Include a practical example relevant to the role.","A strong answer should define JRE, explain its practical purpose, describe an example, and mention important limitations or trade-offs where relevant.",Definition; purpose; practical usage; example; important considerations,Giving only a memorized definition; confusing related concepts; omitting a practical example.,What are the advantages and limitations of JRE?;Can you give a practical example of JRE?,"java developer,core java,jre",JRE Interview Questions and Answers | InterviewPrep,Practice JRE interview questions and answers for Java Developer candidates.,True
How does JRE work in Java Developer?,how-does-jre-work-in-java-developer,Java Developer,Core Java,0-1 Years,Medium,Technical,Interview preparation question about JRE.,"Explain JRE clearly, its purpose, how it works, and where it is used. Include a practical example relevant to the role.","A strong answer should define JRE, explain its practical purpose, describe an example, and mention important limitations or trade-offs where relevant.",Definition; purpose; practical usage; example; important considerations,Giving only a memorized definition; confusing related concepts; omitting a practical example.,What are the advantages and limitations of JRE?;Can you give a practical example of JRE?,"java developer,core java,jre",JRE Interview Questions and Answers | InterviewPrep,Practice JRE interview questions and answers for Java Developer candidates.,True
What are the common mistakes candidates make when explaining JRE?,what-are-the-common-mistakes-candidates-make-when-explaining-jre,Java Developer,Core Java,1-3 Years,Medium,Technical,Interview preparation question about JRE.,"Explain JRE clearly, its purpose, how it works, and where it is used. Include a practical example relevant to the role.","A strong answer should define JRE, explain its practical purpose, describe an example, and mention important limitations or trade-offs where relevant.",Definition; purpose; practical usage; example; important considerations,Giving only a memorized definition; confusing related concepts; omitting a practical example.,What are the advantages and limitations of JRE?;Can you give a practical example of JRE?,"java developer,core java,jre",JRE Interview Questions and Answers | InterviewPrep,Practice JRE interview questions and answers for Java Developer candidates.,True
"What is JDK, and why is it important in Java Developer?",what-is-jdk-and-why-is-it-important-in-java-developer,Java Developer,Core Java,Fresher,Easy,Technical,Interview preparation question about JDK.,"Explain JDK clearly, its purpose, how it works, and where it is used. Include a practical example relevant to the role.","A strong answer should define JDK, explain its practical purpose, describe an example, and mention important limitations or trade-offs where relevant.",Definition; purpose; practical usage; example; important considerations,Giving only a memorized definition; confusing related concepts; omitting a practical example.,What are the advantages and limitations of JDK?;Can you give a practical example of JDK?,"java developer,core java,jdk",JDK Interview Questions and Answers | InterviewPrep,Practice JDK interview questions and answers for Java Developer candidates.,True
How does JDK work in Java Developer?,how-does-jdk-work-in-java-developer,Java Developer,Core Java,0-1 Years,Medium,Technical,Interview preparation question about JDK.,"Explain JDK clearly, its purpose, how it works, and where it is used. Include a practical example relevant to the role.","A strong answer should define JDK, explain its practical purpose, describe an example, and mention important limitations or trade-offs where relevant.",Definition; purpose; practical usage; example; important considerations,Giving only a memorized definition; confusing related concepts; omitting a practical example.,What are the advantages and limitations of JDK?;Can you give a practical example of JDK?,"java developer,core java,jdk",JDK Interview Questions and Answers | InterviewPrep,Practice JDK interview questions and answers for Java Developer candidates.,True
What are the common mistakes candidates make when explaining JDK?,what-are-the-common-mistakes-candidates-make-when-explaining-jdk,Java Developer,Core Java,1-3 Years,Medium,Technical,Interview preparation question about JDK.,"Explain JDK clearly, its purpose, how it works, and where it is used. Include a practical example relevant to the role.","A strong answer should define JDK, explain its practical purpose, describe an example, and mention important limitations or trade-offs where relevant.",Definition; purpose; practical usage; example; important considerations,Giving only a memorized definition; confusing related concepts; omitting a practical example.,What are the advantages and limitations of JDK?;Can you give a practical example of JDK?,"java developer,core java,jdk",JDK Interview Questions and Answers | InterviewPrep,Practice JDK interview questions and answers for Java Developer candidates.,True
"What is OOP principles, and why is it important in Java Developer?",what-is-oop-principles-and-why-is-it-important-in-java-developer,Java Developer,Core Java,Fresher,Easy,Technical,Interview preparation question about OOP principles.,"Explain OOP principles clearly, its purpose, how it works, and where it is used. Include a practical example relevant to the role.","A strong answer should define OOP principles, explain its practical purpose, describe an example, and mention important limitations or trade-offs where relevant.",Definition; purpose; practical usage; example; important considerations,Giving only a memorized definition; confusing related concepts; omitting a practical example.,What are the advantages and limitations of OOP principles?;Can you give a practical example of OOP principles?,"java developer,core java,oop principles",OOP principles Interview Questions and Answers | InterviewPrep,Practice OOP principles interview questions and answers for Java Developer candidates.,True
How does OOP principles work in Java Developer?,how-does-oop-principles-work-in-java-developer,Java Developer,Core Java,0-1 Years,Medium,Technical,Interview preparation question about OOP principles.,"Explain OOP principles clearly, its purpose, how it works, and where it is used. Include a practical example relevant to the role.","A strong answer should define OOP principles, explain its practical purpose, describe an example, and mention important limitations or trade-offs where relevant.",Definition; purpose; practical usage; example; important considerations,Giving only a memorized definition; confusing related concepts; omitting a practical example.,What are the advantages and limitations of OOP principles?;Can you give a practical example of OOP principles?,"java developer,core java,oop principles",OOP principles Interview Questions and Answers | InterviewPrep,Practice OOP principles interview questions and answers for Java Developer candidates.,True
What are the common mistakes candidates make when explaining OOP principles?,what-are-the-common-mistakes-candidates-make-when-explaining-oop-principles,Java Developer,Core Java,1-3 Years,Medium,Technical,Interview preparation question about OOP principles.,"Explain OOP principles clearly, its purpose, how it works, and where it is used. Include a practical example relevant to the role.","A strong answer should define OOP principles, explain its practical purpose, describe an example, and mention important limitations or trade-offs where relevant.",Definition; purpose; practical usage; example; important considerations,Giving only a memorized definition; confusing related concepts; omitting a practical example.,What are the advantages and limitations of OOP principles?;Can you give a practical example of OOP principles?,"java developer,core java,oop principles",OOP principles Interview Questions and Answers | InterviewPrep,Practice OOP principles interview questions and answers for Java Developer candidates.,True
"What is classes and objects, and why is it important in Java Developer?",what-is-classes-and-objects-and-why-is-it-important-in-java-developer,Java Developer,Core Java,Fresher,Easy,Technical,Interview preparation question about classes and objects.,"Explain classes and objects clearly, its purpose, how it works, and where it is used. Include a practical example relevant to the role.","A strong answer should define classes and objects, explain its practical purpose, describe an example, and mention important limitations or trade-offs where relevant.",Definition; purpose; practical usage; example; important considerations,Giving only a memorized definition; confusing related concepts; omitting a practical example.,What are the advantages and limitations of classes and objects?;Can you give a practical example of classes and objects?,"java developer,core java,classes and objects",classes and objects Interview Questions and Answers | InterviewPrep,Practice classes and objects interview questions and answers for Java Developer candidates.,True
How does classes and objects work in Java Developer?,how-does-classes-and-objects-work-in-java-developer,Java Developer,Core Java,0-1 Years,Medium,Technical,Interview preparation question about classes and objects.,"Explain classes and objects clearly, its purpose, how it works, and where it is used. Include a practical example relevant to the role.","A strong answer should define classes and objects, explain its practical purpose, describe an example, and mention important limitations or trade-offs where relevant.",Definition; purpose; practical usage; example; important considerations,Giving only a memorized definition; confusing related concepts; omitting a practical example.,What are the advantages and limitations of classes and objects?;Can you give a practical example of classes and objects?,"java developer,core java,classes and objects",classes and objects Interview Questions and Answers | InterviewPrep,Practice classes and objects interview questions and answers for Java Developer candidates.,True
What are the common mistakes candidates make when explaining classes and objects?,what-are-the-common-mistakes-candidates-make-when-explaining-classes-and-objects,Java Developer,Core Java,1-3 Years,Medium,Technical,Interview preparation question about classes and objects.,"Explain classes and objects clearly, its purpose, how it works, and where it is used. Include a practical example relevant to the role.","A strong answer should define classes and objects, explain its practical purpose, describe an example, and mention important limitations or trade-offs where relevant.",Definition; purpose; practical usage; example; important considerations,Giving only a memorized definition; confusing related concepts; omitting a practical example.,What are the advantages and limitations of classes and objects?;Can you give a practical example of classes and objects?,"java developer,core java,classes and objects",classes and objects Interview Questions and Answers | InterviewPrep,Practice classes and objects interview questions and answers for Java Developer candidates.,True
"What is inheritance, and why is it important in Java Developer?",what-is-inheritance-and-why-is-it-important-in-java-developer,Java Developer,Core Java,Fresher,Easy,Technical,Interview preparation question about inheritance.,"Explain inheritance clearly, its purpose, how it works, and where it is used. Include a practical example relevant to the role.","A strong answer should define inheritance, explain its practical purpose, describe an example, and mention important limitations or trade-offs where relevant.",Definition; purpose; practical usage; example; important considerations,Giving only a memorized definition; confusing related concepts; omitting a practical example.,What are the advantages and limitations of inheritance?;Can you give a practical example of inheritance?,"java developer,core java,inheritance",inheritance Interview Questions and Answers | InterviewPrep,Practice inheritance interview questions and answers for Java Developer candidates.,True
How does inheritance work in Java Developer?,how-does-inheritance-work-in-java-developer,Java Developer,Core Java,0-1 Years,Medium,Technical,Interview preparation question about inheritance.,"Explain inheritance clearly, its purpose, how it works, and where it is used. Include a practical example relevant to the role.","A strong answer should define inheritance, explain its practical purpose, describe an example, and mention important limitations or trade-offs where relevant.",Definition; purpose; practical usage; example; important considerations,Giving only a memorized definition; confusing related concepts; omitting a practical example.,What are the advantages and limitations of inheritance?;Can you give a practical example of inheritance?,"java developer,core java,inheritance",inheritance Interview Questions and Answers | InterviewPrep,Practice inheritance interview questions and answers for Java Developer candidates.,True
What are the common mistakes candidates make when explaining inheritance?,what-are-the-common-mistakes-candidates-make-when-explaining-inheritance,Java Developer,Core Java,1-3 Years,Medium,Technical,Interview preparation question about inheritance.,"Explain inheritance clearly, its purpose, how it works, and where it is used. Include a practical example relevant to the role.","A strong answer should define inheritance, explain its practical purpose, describe an example, and mention important limitations or trade-offs where relevant.",Definition; purpose; practical usage; example; important considerations,Giving only a memorized definition; confusing related concepts; omitting a practical example.,What are the advantages and limitations of inheritance?;Can you give a practical example of inheritance?,"java developer,core java,inheritance",inheritance Interview Questions and Answers | InterviewPrep,Practice inheritance interview questions and answers for Java Developer candidates.,True
"What is polymorphism, and why is it important in Java Developer?",what-is-polymorphism-and-why-is-it-important-in-java-developer,Java Developer,Core Java,Fresher,Easy,Technical,Interview preparation question about polymorphism.,"Explain polymorphism clearly, its purpose, how it works, and where it is used. Include a practical example relevant to the role.","A strong answer should define polymorphism, explain its practical purpose, describe an example, and mention important limitations or trade-offs where relevant.",Definition; purpose; practical usage; example; important considerations,Giving only a memorized definition; confusing related concepts; omitting a practical example.,What are the advantages and limitations of polymorphism?;Can you give a practical example of polymorphism?,"java developer,core java,polymorphism",polymorphism Interview Questions and Answers | InterviewPrep,Practice polymorphism interview questions and answers for Java Developer candidates.,True
How does polymorphism work in Java Developer?,how-does-polymorphism-work-in-java-developer,Java Developer,Core Java,0-1 Years,Medium,Technical,Interview preparation question about polymorphism.,"Explain polymorphism clearly, its purpose, how it works, and where it is used. Include a practical example relevant to the role.","A strong answer should define polymorphism, explain its practical purpose, describe an example, and mention important limitations or trade-offs where relevant.",Definition; purpose; practical usage; example; important considerations,Giving only a memorized definition; confusing related concepts; omitting a practical example.,What are the advantages and limitations of polymorphism?;Can you give a practical example of polymorphism?,"java developer,core java,polymorphism",polymorphism Interview Questions and Answers | InterviewPrep,Practice polymorphism interview questions and answers for Java Developer candidates.,True
What are the common mistakes candidates make when explaining polymorphism?,what-are-the-common-mistakes-candidates-make-when-explaining-polymorphism,Java Developer,Core Java,1-3 Years,Medium,Technical,Interview preparation question about polymorphism.,"Explain polymorphism clearly, its purpose, how it works, and where it is used. Include a practical example relevant to the role.","A strong answer should define polymorphism, explain its practical purpose, describe an example, and mention important limitations or trade-offs where relevant.",Definition; purpose; practical usage; example; important considerations,Giving only a memorized definition; confusing related concepts; omitting a practical example.,What are the advantages and limitations of polymorphism?;Can you give a practical example of polymorphism?,"java developer,core java,polymorphism",polymorphism Interview Questions and Answers | InterviewPrep,Practice polymorphism interview questions and answers for Java Developer candidates.,True
"What is abstraction, and why is it important in Java Developer?",what-is-abstraction-and-why-is-it-important-in-java-developer,Java Developer,Core Java,Fresher,Easy,Technical,Interview preparation question about abstraction.,"Explain abstraction clearly, its purpose, how it works, and where it is used. Include a practical example relevant to the role.","A strong answer should define abstraction, explain its practical purpose, describe an example, and mention important limitations or trade-offs where relevant.",Definition; purpose; practical usage; example; important considerations,Giving only a memorized definition; confusing related concepts; omitting a practical example.,What are the advantages and limitations of abstraction?;Can you give a practical example of abstraction?,"java developer,core java,abstraction",abstraction Interview Questions and Answers | InterviewPrep,Practice abstraction interview questions and answers for Java Developer candidates.,True
How does abstraction work in Java Developer?,how-does-abstraction-work-in-java-developer,Java Developer,Core Java,0-1 Years,Medium,Technical,Interview preparation question about abstraction.,"Explain abstraction clearly, its purpose, how it works, and where it is used. Include a practical example relevant to the role.","A strong answer should define abstraction, explain its practical purpose, describe an example, and mention important limitations or trade-offs where relevant.",Definition; purpose; practical usage; example; important considerations,Giving only a memorized definition; confusing related concepts; omitting a practical example.,What are the advantages and limitations of abstraction?;Can you give a practical example of abstraction?,"java developer,core java,abstraction",abstraction Interview Questions and Answers | InterviewPrep,Practice abstraction interview questions and answers for Java Developer candidates.,True
What are the common mistakes candidates make when explaining abstraction?,what-are-the-common-mistakes-candidates-make-when-explaining-abstraction,Java Developer,Core Java,1-3 Years,Medium,Technical,Interview preparation question about abstraction.,"Explain abstraction clearly, its purpose, how it works, and where it is used. Include a practical example relevant to the role.","A strong answer should define abstraction, explain its practical purpose, describe an example, and mention important limitations or trade-offs where relevant.",Definition; purpose; practical usage; example; important considerations,Giving only a memorized definition; confusing related concepts; omitting a practical example.,What are the advantages and limitations of abstraction?;Can you give a practical example of abstraction?,"java developer,core java,abstraction",abstraction Interview Questions and Answers | InterviewPrep,Practice abstraction interview questions and answers for Java Developer candidates.,True
"What is encapsulation, and why is it important in Java Developer?",what-is-encapsulation-and-why-is-it-important-in-java-developer,Java Developer,Core Java,Fresher,Easy,Technical,Interview preparation question about encapsulation.,"Explain encapsulation clearly, its purpose, how it works, and where it is used. Include a practical example relevant to the role.","A strong answer should define encapsulation, explain its practical purpose, describe an example, and mention important limitations or trade-offs where relevant.",Definition; purpose; practical usage; example; important considerations,Giving only a memorized definition; confusing related concepts; omitting a practical example.,What are the advantages and limitations of encapsulation?;Can you give a practical example of encapsulation?,"java developer,core java,encapsulation",encapsulation Interview Questions and Answers | InterviewPrep,Practice encapsulation interview questions and answers for Java Developer candidates.,True
How does encapsulation work in Java Developer?,how-does-encapsulation-work-in-java-developer,Java Developer,Core Java,0-1 Years,Medium,Technical,Interview preparation question about encapsulation.,"Explain encapsulation clearly, its purpose, how it works, and where it is used. Include a practical example relevant to the role.","A strong answer should define encapsulation, explain its practical purpose, describe an example, and mention important limitations or trade-offs where relevant.",Definition; purpose; practical usage; example; important considerations,Giving only a memorized definition; confusing related concepts; omitting a practical example.,What are the advantages and limitations of encapsulation?;Can you give a practical example of encapsulation?,"java developer,core java,encapsulation",encapsulation Interview Questions and Answers | InterviewPrep,Practice encapsulation interview questions and answers for Java Developer candidates.,True
What are the common mistakes candidates make when explaining encapsulation?,what-are-the-common-mistakes-candidates-make-when-explaining-encapsulation,Java Developer,Core Java,1-3 Years,Medium,Technical,Interview preparation question about encapsulation.,"Explain encapsulation clearly, its purpose, how it works, and where it is used. Include a practical example relevant to the role.","A strong answer should define encapsulation, explain its practical purpose, describe an example, and mention important limitations or trade-offs where relevant.",Definition; purpose; practical usage; example; important considerations,Giving only a memorized definition; confusing related concepts; omitting a practical example.,What are the advantages and limitations of encapsulation?;Can you give a practical example of encapsulation?,"java developer,core java,encapsulation",encapsulation Interview Questions and Answers | InterviewPrep,Practice encapsulation interview questions and answers for Java Developer candidates.,True
"What is interfaces, and why is it important in Java Developer?",what-is-interfaces-and-why-is-it-important-in-java-developer,Java Developer,Core Java,Fresher,Easy,Technical,Interview preparation question about interfaces.,"Explain interfaces clearly, its purpose, how it works, and where it is used. Include a practical example relevant to the role.","A strong answer should define interfaces, explain its practical purpose, describe an example, and mention important limitations or trade-offs where relevant.",Definition; purpose; practical usage; example; important considerations,Giving only a memorized definition; confusing related concepts; omitting a practical example.,What are the advantages and limitations of interfaces?;Can you give a practical example of interfaces?,"java developer,core java,interfaces",interfaces Interview Questions and Answers | InterviewPrep,Practice interfaces interview questions and answers for Java Developer candidates.,True
How does interfaces work in Java Developer?,how-does-interfaces-work-in-java-developer,Java Developer,Core Java,0-1 Years,Medium,Technical,Interview preparation question about interfaces.,"Explain interfaces clearly, its purpose, how it works, and where it is used. Include a practical example relevant to the role.","A strong answer should define interfaces, explain its practical purpose, describe an example, and mention important limitations or trade-offs where relevant.",Definition; purpose; practical usage; example; important considerations,Giving only a memorized definition; confusing related concepts; omitting a practical example.,What are the advantages and limitations of interfaces?;Can you give a practical example of interfaces?,"java developer,core java,interfaces",interfaces Interview Questions and Answers | InterviewPrep,Practice interfaces interview questions and answers for Java Developer candidates.,True
What are the common mistakes candidates make when explaining interfaces?,what-are-the-common-mistakes-candidates-make-when-explaining-interfaces,Java Developer,Core Java,1-3 Years,Medium,Technical,Interview preparation question about interfaces.,"Explain interfaces clearly, its purpose, how it works, and where it is used. Include a practical example relevant to the role.","A strong answer should define interfaces, explain its practical purpose, describe an example, and mention important limitations or trade-offs where relevant.",Definition; purpose; practical usage; example; important considerations,Giving only a memorized definition; confusing related concepts; omitting a practical example.,What are the advantages and limitations of interfaces?;Can you give a practical example of interfaces?,"java developer,core java,interfaces",interfaces Interview Questions and Answers | InterviewPrep,Practice interfaces interview questions and answers for Java Developer candidates.,True
"What is abstract classes, and why is it important in Java Developer?",what-is-abstract-classes-and-why-is-it-important-in-java-developer,Java Developer,Core Java,Fresher,Easy,Technical,Interview preparation question about abstract classes.,"Explain abstract classes clearly, its purpose, how it works, and where it is used. Include a practical example relevant to the role.","A strong answer should define abstract classes, explain its practical purpose, describe an example, and mention important limitations or trade-offs where relevant.",Definition; purpose; practical usage; example; important considerations,Giving only a memorized definition; confusing related concepts; omitting a practical example.,What are the advantages and limitations of abstract classes?;Can you give a practical example of abstract classes?,"java developer,core java,abstract classes",abstract classes Interview Questions and Answers | InterviewPrep,Practice abstract classes interview questions and answers for Java Developer candidates.,True
How does abstract classes work in Java Developer?,how-does-abstract-classes-work-in-java-developer,Java Developer,Core Java,0-1 Years,Medium,Technical,Interview preparation question about abstract classes.,"Explain abstract classes clearly, its purpose, how it works, and where it is used. Include a practical example relevant to the role.","A strong answer should define abstract classes, explain its practical purpose, describe an example, and mention important limitations or trade-offs where relevant.",Definition; purpose; practical usage; example; important considerations,Giving only a memorized definition; confusing related concepts; omitting a practical example.,What are the advantages and limitations of abstract classes?;Can you give a practical example of abstract classes?,"java developer,core java,abstract classes",abstract classes Interview Questions and Answers | InterviewPrep,Practice abstract classes interview questions and answers for Java Developer candidates.,True
What are the common mistakes candidates make when explaining abstract classes?,what-are-the-common-mistakes-candidates-make-when-explaining-abstract-classes,Java Developer,Core Java,1-3 Years,Medium,Technical,Interview preparation question about abstract classes.,"Explain abstract classes clearly, its purpose, how it works, and where it is used. Include a practical example relevant to the role.","A strong answer should define abstract classes, explain its practical purpose, describe an example, and mention important limitations or trade-offs where relevant.",Definition; purpose; practical usage; example; important considerations,Giving only a memorized definition; confusing related concepts; omitting a practical example.,What are the advantages and limitations of abstract classes?;Can you give a practical example of abstract classes?,"java developer,core java,abstract classes",abstract classes Interview Questions and Answers | InterviewPrep,Practice abstract classes interview questions and answers for Java Developer candidates.,True
"What is method overloading, and why is it important in Java Developer?",what-is-method-overloading-and-why-is-it-important-in-java-developer,Java Developer,Core Java,Fresher,Easy,Technical,Interview preparation question about method overloading.,"Explain method overloading clearly, its purpose, how it works, and where it is used. Include a practical example relevant to the role.","A strong answer should define method overloading, explain its practical purpose, describe an example, and mention important limitations or trade-offs where relevant.",Definition; purpose; practical usage; example; important considerations,Giving only a memorized definition; confusing related concepts; omitting a practical example.,What are the advantages and limitations of method overloading?;Can you give a practical example of method overloading?,"java developer,core java,method overloading",method overloading Interview Questions and Answers | InterviewPrep,Practice method overloading interview questions and answers for Java Developer candidates.,True
How does method overloading work in Java Developer?,how-does-method-overloading-work-in-java-developer,Java Developer,Core Java,0-1 Years,Medium,Technical,Interview preparation question about method overloading.,"Explain method overloading clearly, its purpose, how it works, and where it is used. Include a practical example relevant to the role.","A strong answer should define method overloading, explain its practical purpose, describe an example, and mention important limitations or trade-offs where relevant.",Definition; purpose; practical usage; example; important considerations,Giving only a memorized definition; confusing related concepts; omitting a practical example.,What are the advantages and limitations of method overloading?;Can you give a practical example of method overloading?,"java developer,core java,method overloading",method overloading Interview Questions and Answers | InterviewPrep,Practice method overloading interview questions and answers for Java Developer candidates.,True
What are the common mistakes candidates make when explaining method overloading?,what-are-the-common-mistakes-candidates-make-when-explaining-method-overloading,Java Developer,Core Java,1-3 Years,Medium,Technical,Interview preparation question about method overloading.,"Explain method overloading clearly, its purpose, how it works, and where it is used. Include a practical example relevant to the role.","A strong answer should define method overloading, explain its practical purpose, describe an example, and mention important limitations or trade-offs where relevant.",Definition; purpose; practical usage; example; important considerations,Giving only a memorized definition; confusing related concepts; omitting a practical example.,What are the advantages and limitations of method overloading?;Can you give a practical example of method overloading?,"java developer,core java,method overloading",method overloading Interview Questions and Answers | InterviewPrep,Practice method overloading interview questions and answers for Java Developer candidates.,True
"What is method overriding, and why is it important in Java Developer?",what-is-method-overriding-and-why-is-it-important-in-java-developer,Java Developer,Core Java,Fresher,Easy,Technical,Interview preparation question about method overriding.,"Explain method overriding clearly, its purpose, how it works, and where it is used. Include a practical example relevant to the role.","A strong answer should define method overriding, explain its practical purpose, describe an example, and mention important limitations or trade-offs where relevant.",Definition; purpose; practical usage; example; important considerations,Giving only a memorized definition; confusing related concepts; omitting a practical example.,What are the advantages and limitations of method overriding?;Can you give a practical example of method overriding?,"java developer,core java,method overriding",method overriding Interview Questions and Answers | InterviewPrep,Practice method overriding interview questions and answers for Java Developer candidates.,True
How does method overriding work in Java Developer?,how-does-method-overriding-work-in-java-developer,Java Developer,Core Java,0-1 Years,Medium,Technical,Interview preparation question about method overriding.,"Explain method overriding clearly, its purpose, how it works, and where it is used. Include a practical example relevant to the role.","A strong answer should define method overriding, explain its practical purpose, describe an example, and mention important limitations or trade-offs where relevant.",Definition; purpose; practical usage; example; important considerations,Giving only a memorized definition; confusing related concepts; omitting a practical example.,What are the advantages and limitations of method overriding?;Can you give a practical example of method overriding?,"java developer,core java,method overriding",method overriding Interview Questions and Answers | InterviewPrep,Practice method overriding interview questions and answers for Java Developer candidates.,True
What are the common mistakes candidates make when explaining method overriding?,what-are-the-common-mistakes-candidates-make-when-explaining-method-overriding,Java Developer,Core Java,1-3 Years,Medium,Technical,Interview preparation question about method overriding.,"Explain method overriding clearly, its purpose, how it works, and where it is used. Include a practical example relevant to the role.","A strong answer should define method overriding, explain its practical purpose, describe an example, and mention important limitations or trade-offs where relevant.",Definition; purpose; practical usage; example; important considerations,Giving only a memorized definition; confusing related concepts; omitting a practical example.,What are the advantages and limitations of method overriding?;Can you give a practical example of method overriding?,"java developer,core java,method overriding",method overriding Interview Questions and Answers | InterviewPrep,Practice method overriding interview questions and answers for Java Developer candidates.,True
"What is constructors, and why is it important in Java Developer?",what-is-constructors-and-why-is-it-important-in-java-developer,Java Developer,Core Java,Fresher,Easy,Technical,Interview preparation question about constructors.,"Explain constructors clearly, its purpose, how it works, and where it is used. Include a practical example relevant to the role.","A strong answer should define constructors, explain its practical purpose, describe an example, and mention important limitations or trade-offs where relevant.",Definition; purpose; practical usage; example; important considerations,Giving only a memorized definition; confusing related concepts; omitting a practical example.,What are the advantages and limitations of constructors?;Can you give a practical example of constructors?,"java developer,core java,constructors",constructors Interview Questions and Answers | InterviewPrep,Practice constructors interview questions and answers for Java Developer candidates.,True
How does constructors work in Java Developer?,how-does-constructors-work-in-java-developer,Java Developer,Core Java,0-1 Years,Medium,Technical,Interview preparation question about constructors.,"Explain constructors clearly, its purpose, how it works, and where it is used. Include a practical example relevant to the role.","A strong answer should define constructors, explain its practical purpose, describe an example, and mention important limitations or trade-offs where relevant.",Definition; purpose; practical usage; example; important considerations,Giving only a memorized definition; confusing related concepts; omitting a practical example.,What are the advantages and limitations of constructors?;Can you give a practical example of constructors?,"java developer,core java,constructors",constructors Interview Questions and Answers | InterviewPrep,Practice constructors interview questions and answers for Java Developer candidates.,True
What are the common mistakes candidates make when explaining constructors?,what-are-the-common-mistakes-candidates-make-when-explaining-constructors,Java Developer,Core Java,1-3 Years,Medium,Technical,Interview preparation question about constructors.,"Explain constructors clearly, its purpose, how it works, and where it is used. Include a practical example relevant to the role.","A strong answer should define constructors, explain its practical purpose, describe an example, and mention important limitations or trade-offs where relevant.",Definition; purpose; practical usage; example; important considerations,Giving only a memorized definition; confusing related concepts; omitting a practical example.,What are the advantages and limitations of constructors?;Can you give a practical example of constructors?,"java developer,core java,constructors",constructors Interview Questions and Answers | InterviewPrep,Practice constructors interview questions and answers for Java Developer candidates.,True
"What is this keyword, and why is it important in Java Developer?",what-is-this-keyword-and-why-is-it-important-in-java-developer,Java Developer,Core Java,Fresher,Easy,Technical,Interview preparation question about this keyword.,"Explain this keyword clearly, its purpose, how it works, and where it is used. Include a practical example relevant to the role.","A strong answer should define this keyword, explain its practical purpose, describe an example, and mention important limitations or trade-offs where relevant.",Definition; purpose; practical usage; example; important considerations,Giving only a memorized definition; confusing related concepts; omitting a practical example.,What are the advantages and limitations of this keyword?;Can you give a practical example of this keyword?,"java developer,core java,this keyword",this keyword Interview Questions and Answers | InterviewPrep,Practice this keyword interview questions and answers for Java Developer candidates.,True
How does this keyword work in Java Developer?,how-does-this-keyword-work-in-java-developer,Java Developer,Core Java,0-1 Years,Medium,Technical,Interview preparation question about this keyword.,"Explain this keyword clearly, its purpose, how it works, and where it is used. Include a practical example relevant to the role.","A strong answer should define this keyword, explain its practical purpose, describe an example, and mention important limitations or trade-offs where relevant.",Definition; purpose; practical usage; example; important considerations,Giving only a memorized definition; confusing related concepts; omitting a practical example.,What are the advantages and limitations of this keyword?;Can you give a practical example of this keyword?,"java developer,core java,this keyword",this keyword Interview Questions and Answers | InterviewPrep,Practice this keyword interview questions and answers for Java Developer candidates.,True
What are the common mistakes candidates make when explaining this keyword?,what-are-the-common-mistakes-candidates-make-when-explaining-this-keyword,Java Developer,Core Java,1-3 Years,Medium,Technical,Interview preparation question about this keyword.,"Explain this keyword clearly, its purpose, how it works, and where it is used. Include a practical example relevant to the role.","A strong answer should define this keyword, explain its practical purpose, describe an example, and mention important limitations or trade-offs where relevant.",Definition; purpose; practical usage; example; important considerations,Giving only a memorized definition; confusing related concepts; omitting a practical example.,What are the advantages and limitations of this keyword?;Can you give a practical example of this keyword?,"java developer,core java,this keyword",this keyword Interview Questions and Answers | InterviewPrep,Practice this keyword interview questions and answers for Java Developer candidates.,True
"What is super keyword, and why is it important in Java Developer?",what-is-super-keyword-and-why-is-it-important-in-java-developer,Java Developer,Core Java,Fresher,Easy,Technical,Interview preparation question about super keyword.,"Explain super keyword clearly, its purpose, how it works, and where it is used. Include a practical example relevant to the role.","A strong answer should define super keyword, explain its practical purpose, describe an example, and mention important limitations or trade-offs where relevant.",Definition; purpose; practical usage; example; important considerations,Giving only a memorized definition; confusing related concepts; omitting a practical example.,What are the advantages and limitations of super keyword?;Can you give a practical example of super keyword?,"java developer,core java,super keyword",super keyword Interview Questions and Answers | InterviewPrep,Practice super keyword interview questions and answers for Java Developer candidates.,True
How does super keyword work in Java Developer?,how-does-super-keyword-work-in-java-developer,Java Developer,Core Java,0-1 Years,Medium,Technical,Interview preparation question about super keyword.,"Explain super keyword clearly, its purpose, how it works, and where it is used. Include a practical example relevant to the role.","A strong answer should define super keyword, explain its practical purpose, describe an example, and mention important limitations or trade-offs where relevant.",Definition; purpose; practical usage; example; important considerations,Giving only a memorized definition; confusing related concepts; omitting a practical example.,What are the advantages and limitations of super keyword?;Can you give a practical example of super keyword?,"java developer,core java,super keyword",super keyword Interview Questions and Answers | InterviewPrep,Practice super keyword interview questions and answers for Java Developer candidates.,True
What are the common mistakes candidates make when explaining super keyword?,what-are-the-common-mistakes-candidates-make-when-explaining-super-keyword,Java Developer,Core Java,1-3 Years,Medium,Technical,Interview preparation question about super keyword.,"Explain super keyword clearly, its purpose, how it works, and where it is used. Include a practical example relevant to the role.","A strong answer should define super keyword, explain its practical purpose, describe an example, and mention important limitations or trade-offs where relevant.",Definition; purpose; practical usage; example; important considerations,Giving only a memorized definition; confusing related concepts; omitting a practical example.,What are the advantages and limitations of super keyword?;Can you give a practical example of super keyword?,"java developer,core java,super keyword",super keyword Interview Questions and Answers | InterviewPrep,Practice super keyword interview questions and answers for Java Developer candidates.,True
"What is static keyword, and why is it important in Java Developer?",what-is-static-keyword-and-why-is-it-important-in-java-developer,Java Developer,Core Java,Fresher,Easy,Technical,Interview preparation question about static keyword.,"Explain static keyword clearly, its purpose, how it works, and where it is used. Include a practical example relevant to the role.","A strong answer should define static keyword, explain its practical purpose, describe an example, and mention important limitations or trade-offs where relevant.",Definition; purpose; practical usage; example; important considerations,Giving only a memorized definition; confusing related concepts; omitting a practical example.,What are the advantages and limitations of static keyword?;Can you give a practical example of static keyword?,"java developer,core java,static keyword",static keyword Interview Questions and Answers | InterviewPrep,Practice static keyword interview questions and answers for Java Developer candidates.,True
How does static keyword work in Java Developer?,how-does-static-keyword-work-in-java-developer,Java Developer,Core Java,0-1 Years,Medium,Technical,Interview preparation question about static keyword.,"Explain static keyword clearly, its purpose, how it works, and where it is used. Include a practical example relevant to the role.","A strong answer should define static keyword, explain its practical purpose, describe an example, and mention important limitations or trade-offs where relevant.",Definition; purpose; practical usage; example; important considerations,Giving only a memorized definition; confusing related concepts; omitting a practical example.,What are the advantages and limitations of static keyword?;Can you give a practical example of static keyword?,"java developer,core java,static keyword",static keyword Interview Questions and Answers | InterviewPrep,Practice static keyword interview questions and answers for Java Developer candidates.,True
What are the common mistakes candidates make when explaining static keyword?,what-are-the-common-mistakes-candidates-make-when-explaining-static-keyword,Java Developer,Core Java,1-3 Years,Medium,Technical,Interview preparation question about static keyword.,"Explain static keyword clearly, its purpose, how it works, and where it is used. Include a practical example relevant to the role.","A strong answer should define static keyword, explain its practical purpose, describe an example, and mention important limitations or trade-offs where relevant.",Definition; purpose; practical usage; example; important considerations,Giving only a memorized definition; confusing related concepts; omitting a practical example.,What are the advantages and limitations of static keyword?;Can you give a practical example of static keyword?,"java developer,core java,static keyword",static keyword Interview Questions and Answers | InterviewPrep,Practice static keyword interview questions and answers for Java Developer candidates.,True
"What is final keyword, and why is it important in Java Developer?",what-is-final-keyword-and-why-is-it-important-in-java-developer,Java Developer,Core Java,Fresher,Easy,Technical,Interview preparation question about final keyword.,"Explain final keyword clearly, its purpose, how it works, and where it is used. Include a practical example relevant to the role.","A strong answer should define final keyword, explain its practical purpose, describe an example, and mention important limitations or trade-offs where relevant.",Definition; purpose; practical usage; example; important considerations,Giving only a memorized definition; confusing related concepts; omitting a practical example.,What are the advantages and limitations of final keyword?;Can you give a practical example of final keyword?,"java developer,core java,final keyword",final keyword Interview Questions and Answers | InterviewPrep,Practice final keyword interview questions and answers for Java Developer candidates.,True
How does final keyword work in Java Developer?,how-does-final-keyword-work-in-java-developer,Java Developer,Core Java,0-1 Years,Medium,Technical,Interview preparation question about final keyword.,"Explain final keyword clearly, its purpose, how it works, and where it is used. Include a practical example relevant to the role.","A strong answer should define final keyword, explain its practical purpose, describe an example, and mention important limitations or trade-offs where relevant.",Definition; purpose; practical usage; example; important considerations,Giving only a memorized definition; confusing related concepts; omitting a practical example.,What are the advantages and limitations of final keyword?;Can you give a practical example of final keyword?,"java developer,core java,final keyword",final keyword Interview Questions and Answers | InterviewPrep,Practice final keyword interview questions and answers for Java Developer candidates.,True
What are the common mistakes candidates make when explaining final keyword?,what-are-the-common-mistakes-candidates-make-when-explaining-final-keyword,Java Developer,Core Java,1-3 Years,Medium,Technical,Interview preparation question about final keyword.,"Explain final keyword clearly, its purpose, how it works, and where it is used. Include a practical example relevant to the role.","A strong answer should define final keyword, explain its practical purpose, describe an example, and mention important limitations or trade-offs where relevant.",Definition; purpose; practical usage; example; important considerations,Giving only a memorized definition; confusing related concepts; omitting a practical example.,What are the advantages and limitations of final keyword?;Can you give a practical example of final keyword?,"java developer,core java,final keyword",final keyword Interview Questions and Answers | InterviewPrep,Practice final keyword interview questions and answers for Java Developer candidates.,True
"What is access modifiers, and why is it important in Java Developer?",what-is-access-modifiers-and-why-is-it-important-in-java-developer,Java Developer,Core Java,Fresher,Easy,Technical,Interview preparation question about access modifiers.,"Explain access modifiers clearly, its purpose, how it works, and where it is used. Include a practical example relevant to the role.","A strong answer should define access modifiers, explain its practical purpose, describe an example, and mention important limitations or trade-offs where relevant.",Definition; purpose; practical usage; example; important considerations,Giving only a memorized definition; confusing related concepts; omitting a practical example.,What are the advantages and limitations of access modifiers?;Can you give a practical example of access modifiers?,"java developer,core java,access modifiers",access modifiers Interview Questions and Answers | InterviewPrep,Practice access modifiers interview questions and answers for Java Developer candidates.,True
How does access modifiers work in Java Developer?,how-does-access-modifiers-work-in-java-developer,Java Developer,Core Java,0-1 Years,Medium,Technical,Interview preparation question about access modifiers.,"Explain access modifiers clearly, its purpose, how it works, and where it is used. Include a practical example relevant to the role.","A strong answer should define access modifiers, explain its practical purpose, describe an example, and mention important limitations or trade-offs where relevant.",Definition; purpose; practical usage; example; important considerations,Giving only a memorized definition; confusing related concepts; omitting a practical example.,What are the advantages and limitations of access modifiers?;Can you give a practical example of access modifiers?,"java developer,core java,access modifiers",access modifiers Interview Questions and Answers | InterviewPrep,Practice access modifiers interview questions and answers for Java Developer candidates.,True
What are the common mistakes candidates make when explaining access modifiers?,what-are-the-common-mistakes-candidates-make-when-explaining-access-modifiers,Java Developer,Core Java,1-3 Years,Medium,Technical,Interview preparation question about access modifiers.,"Explain access modifiers clearly, its purpose, how it works, and where it is used. Include a practical example relevant to the role.","A strong answer should define access modifiers, explain its practical purpose, describe an example, and mention important limitations or trade-offs where relevant.",Definition; purpose; practical usage; example; important considerations,Giving only a memorized definition; confusing related concepts; omitting a practical example.,What are the advantages and limitations of access modifiers?;Can you give a practical example of access modifiers?,"java developer,core java,access modifiers",access modifiers Interview Questions and Answers | InterviewPrep,Practice access modifiers interview questions and answers for Java Developer candidates.,True
"What is String immutability, and why is it important in Java Developer?",what-is-string-immutability-and-why-is-it-important-in-java-developer,Java Developer,Core Java,Fresher,Easy,Technical,Interview preparation question about String immutability.,"Explain String immutability clearly, its purpose, how it works, and where it is used. Include a practical example relevant to the role.","A strong answer should define String immutability, explain its practical purpose, describe an example, and mention important limitations or trade-offs where relevant.",Definition; purpose; practical usage; example; important considerations,Giving only a memorized definition; confusing related concepts; omitting a practical example.,What are the advantages and limitations of String immutability?;Can you give a practical example of String immutability?,"java developer,core java,string immutability",String immutability Interview Questions and Answers | InterviewPrep,Practice String immutability interview questions and answers for Java Developer candidates.,True
How does String immutability work in Java Developer?,how-does-string-immutability-work-in-java-developer,Java Developer,Core Java,0-1 Years,Medium,Technical,Interview preparation question about String immutability.,"Explain String immutability clearly, its purpose, how it works, and where it is used. Include a practical example relevant to the role.","A strong answer should define String immutability, explain its practical purpose, describe an example, and mention important limitations or trade-offs where relevant.",Definition; purpose; practical usage; example; important considerations,Giving only a memorized definition; confusing related concepts; omitting a practical example.,What are the advantages and limitations of String immutability?;Can you give a practical example of String immutability?,"java developer,core java,string immutability",String immutability Interview Questions and Answers | InterviewPrep,Practice String immutability interview questions and answers for Java Developer candidates.,True
What are the common mistakes candidates make when explaining String immutability?,what-are-the-common-mistakes-candidates-make-when-explaining-string-immutability,Java Developer,Core Java,1-3 Years,Medium,Technical,Interview preparation question about String immutability.,"Explain String immutability clearly, its purpose, how it works, and where it is used. Include a practical example relevant to the role.","A strong answer should define String immutability, explain its practical purpose, describe an example, and mention important limitations or trade-offs where relevant.",Definition; purpose; practical usage; example; important considerations,Giving only a memorized definition; confusing related concepts; omitting a practical example.,What are the advantages and limitations of String immutability?;Can you give a practical example of String immutability?,"java developer,core java,string immutability",String immutability Interview Questions and Answers | InterviewPrep,Practice String immutability interview questions and answers for Java Developer candidates.,True
"What is StringBuilder, and why is it important in Java Developer?",what-is-stringbuilder-and-why-is-it-important-in-java-developer,Java Developer,Core Java,Fresher,Easy,Technical,Interview preparation question about StringBuilder.,"Explain StringBuilder clearly, its purpose, how it works, and where it is used. Include a practical example relevant to the role.","A strong answer should define StringBuilder, explain its practical purpose, describe an example, and mention important limitations or trade-offs where relevant.",Definition; purpose; practical usage; example; important considerations,Giving only a memorized definition; confusing related concepts; omitting a practical example.,What are the advantages and limitations of StringBuilder?;Can you give a practical example of StringBuilder?,"java developer,core java,stringbuilder",StringBuilder Interview Questions and Answers | InterviewPrep,Practice StringBuilder interview questions and answers for Java Developer candidates.,True
How does StringBuilder work in Java Developer?,how-does-stringbuilder-work-in-java-developer,Java Developer,Core Java,0-1 Years,Medium,Technical,Interview preparation question about StringBuilder.,"Explain StringBuilder clearly, its purpose, how it works, and where it is used. Include a practical example relevant to the role.","A strong answer should define StringBuilder, explain its practical purpose, describe an example, and mention important limitations or trade-offs where relevant.",Definition; purpose; practical usage; example; important considerations,Giving only a memorized definition; confusing related concepts; omitting a practical example.,What are the advantages and limitations of StringBuilder?;Can you give a practical example of StringBuilder?,"java developer,core java,stringbuilder",StringBuilder Interview Questions and Answers | InterviewPrep,Practice StringBuilder interview questions and answers for Java Developer candidates.,True
What are the common mistakes candidates make when explaining StringBuilder?,what-are-the-common-mistakes-candidates-make-when-explaining-stringbuilder,Java Developer,Core Java,1-3 Years,Medium,Technical,Interview preparation question about StringBuilder.,"Explain StringBuilder clearly, its purpose, how it works, and where it is used. Include a practical example relevant to the role.","A strong answer should define StringBuilder, explain its practical purpose, describe an example, and mention important limitations or trade-offs where relevant.",Definition; purpose; practical usage; example; important considerations,Giving only a memorized definition; confusing related concepts; omitting a practical example.,What are the advantages and limitations of StringBuilder?;Can you give a practical example of StringBuilder?,"java developer,core java,stringbuilder",StringBuilder Interview Questions and Answers | InterviewPrep,Practice StringBuilder interview questions and answers for Java Developer candidates.,True
"What is StringBuffer, and why is it important in Java Developer?",what-is-stringbuffer-and-why-is-it-important-in-java-developer,Java Developer,Core Java,Fresher,Easy,Technical,Interview preparation question about StringBuffer.,"Explain StringBuffer clearly, its purpose, how it works, and where it is used. Include a practical example relevant to the role.","A strong answer should define StringBuffer, explain its practical purpose, describe an example, and mention important limitations or trade-offs where relevant.",Definition; purpose; practical usage; example; important considerations,Giving only a memorized definition; confusing related concepts; omitting a practical example.,What are the advantages and limitations of StringBuffer?;Can you give a practical example of StringBuffer?,"java developer,core java,stringbuffer",StringBuffer Interview Questions and Answers | InterviewPrep,Practice StringBuffer interview questions and answers for Java Developer candidates.,True
How does StringBuffer work in Java Developer?,how-does-stringbuffer-work-in-java-developer,Java Developer,Core Java,0-1 Years,Medium,Technical,Interview preparation question about StringBuffer.,"Explain StringBuffer clearly, its purpose, how it works, and where it is used. Include a practical example relevant to the role.","A strong answer should define StringBuffer, explain its practical purpose, describe an example, and mention important limitations or trade-offs where relevant.",Definition; purpose; practical usage; example; important considerations,Giving only a memorized definition; confusing related concepts; omitting a practical example.,What are the advantages and limitations of StringBuffer?;Can you give a practical example of StringBuffer?,"java developer,core java,stringbuffer",StringBuffer Interview Questions and Answers | InterviewPrep,Practice StringBuffer interview questions and answers for Java Developer candidates.,True
What are the common mistakes candidates make when explaining StringBuffer?,what-are-the-common-mistakes-candidates-make-when-explaining-stringbuffer,Java Developer,Core Java,1-3 Years,Medium,Technical,Interview preparation question about StringBuffer.,"Explain StringBuffer clearly, its purpose, how it works, and where it is used. Include a practical example relevant to the role.","A strong answer should define StringBuffer, explain its practical purpose, describe an example, and mention important limitations or trade-offs where relevant.",Definition; purpose; practical usage; example; important considerations,Giving only a memorized definition; confusing related concepts; omitting a practical example.,What are the advantages and limitations of StringBuffer?;Can you give a practical example of StringBuffer?,"java developer,core java,stringbuffer",StringBuffer Interview Questions and Answers | InterviewPrep,Practice StringBuffer interview questions and answers for Java Developer candidates.,True
"What is equals and hashCode, and why is it important in Java Developer?",what-is-equals-and-hashcode-and-why-is-it-important-in-java-developer,Java Developer,Core Java,Fresher,Easy,Technical,Interview preparation question about equals and hashCode.,"Explain equals and hashCode clearly, its purpose, how it works, and where it is used. Include a practical example relevant to the role.","A strong answer should define equals and hashCode, explain its practical purpose, describe an example, and mention important limitations or trade-offs where relevant.",Definition; purpose; practical usage; example; important considerations,Giving only a memorized definition; confusing related concepts; omitting a practical example.,What are the advantages and limitations of equals and hashCode?;Can you give a practical example of equals and hashCode?,"java developer,core java,equals and hashcode",equals and hashCode Interview Questions and Answers | InterviewPrep,Practice equals and hashCode interview questions and answers for Java Developer candidates.,True
How does equals and hashCode work in Java Developer?,how-does-equals-and-hashcode-work-in-java-developer,Java Developer,Core Java,0-1 Years,Medium,Technical,Interview preparation question about equals and hashCode.,"Explain equals and hashCode clearly, its purpose, how it works, and where it is used. Include a practical example relevant to the role.","A strong answer should define equals and hashCode, explain its practical purpose, describe an example, and mention important limitations or trade-offs where relevant.",Definition; purpose; practical usage; example; important considerations,Giving only a memorized definition; confusing related concepts; omitting a practical example.,What are the advantages and limitations of equals and hashCode?;Can you give a practical example of equals and hashCode?,"java developer,core java,equals and hashcode",equals and hashCode Interview Questions and Answers | InterviewPrep,Practice equals and hashCode interview questions and answers for Java Developer candidates.,True
What are the common mistakes candidates make when explaining equals and hashCode?,what-are-the-common-mistakes-candidates-make-when-explaining-equals-and-hashcode,Java Developer,Core Java,1-3 Years,Medium,Technical,Interview preparation question about equals and hashCode.,"Explain equals and hashCode clearly, its purpose, how it works, and where it is used. Include a practical example relevant to the role.","A strong answer should define equals and hashCode, explain its practical purpose, describe an example, and mention important limitations or trade-offs where relevant.",Definition; purpose; practical usage; example; important considerations,Giving only a memorized definition; confusing related concepts; omitting a practical example.,What are the advantages and limitations of equals and hashCode?;Can you give a practical example of equals and hashCode?,"java developer,core java,equals and hashcode",equals and hashCode Interview Questions and Answers | InterviewPrep,Practice equals and hashCode interview questions and answers for Java Developer candidates.,True
"What is ArrayList, and why is it important in Java Developer?",what-is-arraylist-and-why-is-it-important-in-java-developer,Java Developer,Core Java,Fresher,Easy,Technical,Interview preparation question about ArrayList.,"Explain ArrayList clearly, its purpose, how it works, and where it is used. Include a practical example relevant to the role.","A strong answer should define ArrayList, explain its practical purpose, describe an example, and mention important limitations or trade-offs where relevant.",Definition; purpose; practical usage; example; important considerations,Giving only a memorized definition; confusing related concepts; omitting a practical example.,What are the advantages and limitations of ArrayList?;Can you give a practical example of ArrayList?,"java developer,core java,arraylist",ArrayList Interview Questions and Answers | InterviewPrep,Practice ArrayList interview questions and answers for Java Developer candidates.,True
How does ArrayList work in Java Developer?,how-does-arraylist-work-in-java-developer,Java Developer,Core Java,0-1 Years,Medium,Technical,Interview preparation question about ArrayList.,"Explain ArrayList clearly, its purpose, how it works, and where it is used. Include a practical example relevant to the role.","A strong answer should define ArrayList, explain its practical purpose, describe an example, and mention important limitations or trade-offs where relevant.",Definition; purpose; practical usage; example; important considerations,Giving only a memorized definition; confusing related concepts; omitting a practical example.,What are the advantages and limitations of ArrayList?;Can you give a practical example of ArrayList?,"java developer,core java,arraylist",ArrayList Interview Questions and Answers | InterviewPrep,Practice ArrayList interview questions and answers for Java Developer candidates.,True
What are the common mistakes candidates make when explaining ArrayList?,what-are-the-common-mistakes-candidates-make-when-explaining-arraylist,Java Developer,Core Java,1-3 Years,Medium,Technical,Interview preparation question about ArrayList.,"Explain ArrayList clearly, its purpose, how it works, and where it is used. Include a practical example relevant to the role.","A strong answer should define ArrayList, explain its practical purpose, describe an example, and mention important limitations or trade-offs where relevant.",Definition; purpose; practical usage; example; important considerations,Giving only a memorized definition; confusing related concepts; omitting a practical example.,What are the advantages and limitations of ArrayList?;Can you give a practical example of ArrayList?,"java developer,core java,arraylist",ArrayList Interview Questions and Answers | InterviewPrep,Practice ArrayList interview questions and answers for Java Developer candidates.,True
"What is LinkedList, and why is it important in Java Developer?",what-is-linkedlist-and-why-is-it-important-in-java-developer,Java Developer,Core Java,Fresher,Easy,Technical,Interview preparation question about LinkedList.,"Explain LinkedList clearly, its purpose, how it works, and where it is used. Include a practical example relevant to the role.","A strong answer should define LinkedList, explain its practical purpose, describe an example, and mention important limitations or trade-offs where relevant.",Definition; purpose; practical usage; example; important considerations,Giving only a memorized definition; confusing related concepts; omitting a practical example.,What are the advantages and limitations of LinkedList?;Can you give a practical example of LinkedList?,"java developer,core java,linkedlist",LinkedList Interview Questions and Answers | InterviewPrep,Practice LinkedList interview questions and answers for Java Developer candidates.,True
How does LinkedList work in Java Developer?,how-does-linkedlist-work-in-java-developer,Java Developer,Core Java,0-1 Years,Medium,Technical,Interview preparation question about LinkedList.,"Explain LinkedList clearly, its purpose, how it works, and where it is used. Include a practical example relevant to the role.","A strong answer should define LinkedList, explain its practical purpose, describe an example, and mention important limitations or trade-offs where relevant.",Definition; purpose; practical usage; example; important considerations,Giving only a memorized definition; confusing related concepts; omitting a practical example.,What are the advantages and limitations of LinkedList?;Can you give a practical example of LinkedList?,"java developer,core java,linkedlist",LinkedList Interview Questions and Answers | InterviewPrep,Practice LinkedList interview questions and answers for Java Developer candidates.,True
What are the common mistakes candidates make when explaining LinkedList?,what-are-the-common-mistakes-candidates-make-when-explaining-linkedlist,Java Developer,Core Java,1-3 Years,Medium,Technical,Interview preparation question about LinkedList.,"Explain LinkedList clearly, its purpose, how it works, and where it is used. Include a practical example relevant to the role.","A strong answer should define LinkedList, explain its practical purpose, describe an example, and mention important limitations or trade-offs where relevant.",Definition; purpose; practical usage; example; important considerations,Giving only a memorized definition; confusing related concepts; omitting a practical example.,What are the advantages and limitations of LinkedList?;Can you give a practical example of LinkedList?,"java developer,core java,linkedlist",LinkedList Interview Questions and Answers | InterviewPrep,Practice LinkedList interview questions and answers for Java Developer candidates.,True
"What is HashMap, and why is it important in Java Developer?",what-is-hashmap-and-why-is-it-important-in-java-developer,Java Developer,Core Java,Fresher,Easy,Technical,Interview preparation question about HashMap.,"Explain HashMap clearly, its purpose, how it works, and where it is used. Include a practical example relevant to the role.","A strong answer should define HashMap, explain its practical purpose, describe an example, and mention important limitations or trade-offs where relevant.",Definition; purpose; practical usage; example; important considerations,Giving only a memorized definition; confusing related concepts; omitting a practical example.,What are the advantages and limitations of HashMap?;Can you give a practical example of HashMap?,"java developer,core java,hashmap",HashMap Interview Questions and Answers | InterviewPrep,Practice HashMap interview questions and answers for Java Developer candidates.,True
How does HashMap work in Java Developer?,how-does-hashmap-work-in-java-developer,Java Developer,Core Java,0-1 Years,Medium,Technical,Interview preparation question about HashMap.,"Explain HashMap clearly, its purpose, how it works, and where it is used. Include a practical example relevant to the role.","A strong answer should define HashMap, explain its practical purpose, describe an example, and mention important limitations or trade-offs where relevant.",Definition; purpose; practical usage; example; important considerations,Giving only a memorized definition; confusing related concepts; omitting a practical example.,What are the advantages and limitations of HashMap?;Can you give a practical example of HashMap?,"java developer,core java,hashmap",HashMap Interview Questions and Answers | InterviewPrep,Practice HashMap interview questions and answers for Java Developer candidates.,True
What are the common mistakes candidates make when explaining HashMap?,what-are-the-common-mistakes-candidates-make-when-explaining-hashmap,Java Developer,Core Java,1-3 Years,Medium,Technical,Interview preparation question about HashMap.,"Explain HashMap clearly, its purpose, how it works, and where it is used. Include a practical example relevant to the role.","A strong answer should define HashMap, explain its practical purpose, describe an example, and mention important limitations or trade-offs where relevant.",Definition; purpose; practical usage; example; important considerations,Giving only a memorized definition; confusing related concepts; omitting a practical example.,What are the advantages and limitations of HashMap?;Can you give a practical example of HashMap?,"java developer,core java,hashmap",HashMap Interview Questions and Answers | InterviewPrep,Practice HashMap interview questions and answers for Java Developer candidates.,True
"What is HashSet, and why is it important in Java Developer?",what-is-hashset-and-why-is-it-important-in-java-developer,Java Developer,Core Java,Fresher,Easy,Technical,Interview preparation question about HashSet.,"Explain HashSet clearly, its purpose, how it works, and where it is used. Include a practical example relevant to the role.","A strong answer should define HashSet, explain its practical purpose, describe an example, and mention important limitations or trade-offs where relevant.",Definition; purpose; practical usage; example; important considerations,Giving only a memorized definition; confusing related concepts; omitting a practical example.,What are the advantages and limitations of HashSet?;Can you give a practical example of HashSet?,"java developer,core java,hashset",HashSet Interview Questions and Answers | InterviewPrep,Practice HashSet interview questions and answers for Java Developer candidates.,True
How does HashSet work in Java Developer?,how-does-hashset-work-in-java-developer,Java Developer,Core Java,0-1 Years,Medium,Technical,Interview preparation question about HashSet.,"Explain HashSet clearly, its purpose, how it works, and where it is used. Include a practical example relevant to the role.","A strong answer should define HashSet, explain its practical purpose, describe an example, and mention important limitations or trade-offs where relevant.",Definition; purpose; practical usage; example; important considerations,Giving only a memorized definition; confusing related concepts; omitting a practical example.,What are the advantages and limitations of HashSet?;Can you give a practical example of HashSet?,"java developer,core java,hashset",HashSet Interview Questions and Answers | InterviewPrep,Practice HashSet interview questions and answers for Java Developer candidates.,True
What are the common mistakes candidates make when explaining HashSet?,what-are-the-common-mistakes-candidates-make-when-explaining-hashset,Java Developer,Core Java,1-3 Years,Medium,Technical,Interview preparation question about HashSet.,"Explain HashSet clearly, its purpose, how it works, and where it is used. Include a practical example relevant to the role.","A strong answer should define HashSet, explain its practical purpose, describe an example, and mention important limitations or trade-offs where relevant.",Definition; purpose; practical usage; example; important considerations,Giving only a memorized definition; confusing related concepts; omitting a practical example.,What are the advantages and limitations of HashSet?;Can you give a practical example of HashSet?,"java developer,core java,hashset",HashSet Interview Questions and Answers | InterviewPrep,Practice HashSet interview questions and answers for Java Developer candidates.,True
"What is TreeMap, and why is it important in Java Developer?",what-is-treemap-and-why-is-it-important-in-java-developer,Java Developer,Core Java,Fresher,Easy,Technical,Interview preparation question about TreeMap.,"Explain TreeMap clearly, its purpose, how it works, and where it is used. Include a practical example relevant to the role.","A strong answer should define TreeMap, explain its practical purpose, describe an example, and mention important limitations or trade-offs where relevant.",Definition; purpose; practical usage; example; important considerations,Giving only a memorized definition; confusing related concepts; omitting a practical example.,What are the advantages and limitations of TreeMap?;Can you give a practical example of TreeMap?,"java developer,core java,treemap",TreeMap Interview Questions and Answers | InterviewPrep,Practice TreeMap interview questions and answers for Java Developer candidates.,True
How does TreeMap work in Java Developer?,how-does-treemap-work-in-java-developer,Java Developer,Core Java,0-1 Years,Medium,Technical,Interview preparation question about TreeMap.,"Explain TreeMap clearly, its purpose, how it works, and where it is used. Include a practical example relevant to the role.","A strong answer should define TreeMap, explain its practical purpose, describe an example, and mention important limitations or trade-offs where relevant.",Definition; purpose; practical usage; example; important considerations,Giving only a memorized definition; confusing related concepts; omitting a practical example.,What are the advantages and limitations of TreeMap?;Can you give a practical example of TreeMap?,"java developer,core java,treemap",TreeMap Interview Questions and Answers | InterviewPrep,Practice TreeMap interview questions and answers for Java Developer candidates.,True
What are the common mistakes candidates make when explaining TreeMap?,what-are-the-common-mistakes-candidates-make-when-explaining-treemap,Java Developer,Core Java,1-3 Years,Medium,Technical,Interview preparation question about TreeMap.,"Explain TreeMap clearly, its purpose, how it works, and where it is used. Include a practical example relevant to the role.","A strong answer should define TreeMap, explain its practical purpose, describe an example, and mention important limitations or trade-offs where relevant.",Definition; purpose; practical usage; example; important considerations,Giving only a memorized definition; confusing related concepts; omitting a practical example.,What are the advantages and limitations of TreeMap?;Can you give a practical example of TreeMap?,"java developer,core java,treemap",TreeMap Interview Questions and Answers | InterviewPrep,Practice TreeMap interview questions and answers for Java Developer candidates.,True
"What is Comparable, and why is it important in Java Developer?",what-is-comparable-and-why-is-it-important-in-java-developer,Java Developer,Core Java,Fresher,Easy,Technical,Interview preparation question about Comparable.,"Explain Comparable clearly, its purpose, how it works, and where it is used. Include a practical example relevant to the role.","A strong answer should define Comparable, explain its practical purpose, describe an example, and mention important limitations or trade-offs where relevant.",Definition; purpose; practical usage; example; important considerations,Giving only a memorized definition; confusing related concepts; omitting a practical example.,What are the advantages and limitations of Comparable?;Can you give a practical example of Comparable?,"java developer,core java,comparable",Comparable Interview Questions and Answers | InterviewPrep,Practice Comparable interview questions and answers for Java Developer candidates.,True
How does Comparable work in Java Developer?,how-does-comparable-work-in-java-developer,Java Developer,Core Java,0-1 Years,Medium,Technical,Interview preparation question about Comparable.,"Explain Comparable clearly, its purpose, how it works, and where it is used. Include a practical example relevant to the role.","A strong answer should define Comparable, explain its practical purpose, describe an example, and mention important limitations or trade-offs where relevant.",Definition; purpose; practical usage; example; important considerations,Giving only a memorized definition; confusing related concepts; omitting a practical example.,What are the advantages and limitations of Comparable?;Can you give a practical example of Comparable?,"java developer,core java,comparable",Comparable Interview Questions and Answers | InterviewPrep,Practice Comparable interview questions and answers for Java Developer candidates.,True
What are the common mistakes candidates make when explaining Comparable?,what-are-the-common-mistakes-candidates-make-when-explaining-comparable,Java Developer,Core Java,1-3 Years,Medium,Technical,Interview preparation question about Comparable.,"Explain Comparable clearly, its purpose, how it works, and where it is used. Include a practical example relevant to the role.","A strong answer should define Comparable, explain its practical purpose, describe an example, and mention important limitations or trade-offs where relevant.",Definition; purpose; practical usage; example; important considerations,Giving only a memorized definition; confusing related concepts; omitting a practical example.,What are the advantages and limitations of Comparable?;Can you give a practical example of Comparable?,"java developer,core java,comparable",Comparable Interview Questions and Answers | InterviewPrep,Practice Comparable interview questions and answers for Java Developer candidates.,True
"What is Comparator, and why is it important in Java Developer?",what-is-comparator-and-why-is-it-important-in-java-developer,Java Developer,Core Java,Fresher,Easy,Technical,Interview preparation question about Comparator.,"Explain Comparator clearly, its purpose, how it works, and where it is used. Include a practical example relevant to the role.","A strong answer should define Comparator, explain its practical purpose, describe an example, and mention important limitations or trade-offs where relevant.",Definition; purpose; practical usage; example; important considerations,Giving only a memorized definition; confusing related concepts; omitting a practical example.,What are the advantages and limitations of Comparator?;Can you give a practical example of Comparator?,"java developer,core java,comparator",Comparator Interview Questions and Answers | InterviewPrep,Practice Comparator interview questions and answers for Java Developer candidates.,True
How does Comparator work in Java Developer?,how-does-comparator-work-in-java-developer,Java Developer,Core Java,0-1 Years,Medium,Technical,Interview preparation question about Comparator.,"Explain Comparator clearly, its purpose, how it works, and where it is used. Include a practical example relevant to the role.","A strong answer should define Comparator, explain its practical purpose, describe an example, and mention important limitations or trade-offs where relevant.",Definition; purpose; practical usage; example; important considerations,Giving only a memorized definition; confusing related concepts; omitting a practical example.,What are the advantages and limitations of Comparator?;Can you give a practical example of Comparator?,"java developer,core java,comparator",Comparator Interview Questions and Answers | InterviewPrep,Practice Comparator interview questions and answers for Java Developer candidates.,True
What are the common mistakes candidates make when explaining Comparator?,what-are-the-common-mistakes-candidates-make-when-explaining-comparator,Java Developer,Core Java,1-3 Years,Medium,Technical,Interview preparation question about Comparator.,"Explain Comparator clearly, its purpose, how it works, and where it is used. Include a practical example relevant to the role.","A strong answer should define Comparator, explain its practical purpose, describe an example, and mention important limitations or trade-offs where relevant.",Definition; purpose; practical usage; example; important considerations,Giving only a memorized definition; confusing related concepts; omitting a practical example.,What are the advantages and limitations of Comparator?;Can you give a practical example of Comparator?,"java developer,core java,comparator",Comparator Interview Questions and Answers | InterviewPrep,Practice Comparator interview questions and answers for Java Developer candidates.,True
"What is generics, and why is it important in Java Developer?",what-is-generics-and-why-is-it-important-in-java-developer,Java Developer,Core Java,Fresher,Easy,Technical,Interview preparation question about generics.,"Explain generics clearly, its purpose, how it works, and where it is used. Include a practical example relevant to the role.","A strong answer should define generics, explain its practical purpose, describe an example, and mention important limitations or trade-offs where relevant.",Definition; purpose; practical usage; example; important considerations,Giving only a memorized definition; confusing related concepts; omitting a practical example.,What are the advantages and limitations of generics?;Can you give a practical example of generics?,"java developer,core java,generics",generics Interview Questions and Answers | InterviewPrep,Practice generics interview questions and answers for Java Developer candidates.,True
How does generics work in Java Developer?,how-does-generics-work-in-java-developer,Java Developer,Core Java,0-1 Years,Medium,Technical,Interview preparation question about generics.,"Explain generics clearly, its purpose, how it works, and where it is used. Include a practical example relevant to the role.","A strong answer should define generics, explain its practical purpose, describe an example, and mention important limitations or trade-offs where relevant.",Definition; purpose; practical usage; example; important considerations,Giving only a memorized definition; confusing related concepts; omitting a practical example.,What are the advantages and limitations of generics?;Can you give a practical example of generics?,"java developer,core java,generics",generics Interview Questions and Answers | InterviewPrep,Practice generics interview questions and answers for Java Developer candidates.,True
What are the common mistakes candidates make when explaining generics?,what-are-the-common-mistakes-candidates-make-when-explaining-generics,Java Developer,Core Java,1-3 Years,Medium,Technical,Interview preparation question about generics.,"Explain generics clearly, its purpose, how it works, and where it is used. Include a practical example relevant to the role.","A strong answer should define generics, explain its practical purpose, describe an example, and mention important limitations or trade-offs where relevant.",Definition; purpose; practical usage; example; important considerations,Giving only a memorized definition; confusing related concepts; omitting a practical example.,What are the advantages and limitations of generics?;Can you give a practical example of generics?,"java developer,core java,generics",generics Interview Questions and Answers | InterviewPrep,Practice generics interview questions and answers for Java Developer candidates.,True
"What is checked exceptions, and why is it important in Java Developer?",what-is-checked-exceptions-and-why-is-it-important-in-java-developer,Java Developer,Core Java,Fresher,Easy,Technical,Interview preparation question about checked exceptions.,"Explain checked exceptions clearly, its purpose, how it works, and where it is used. Include a practical example relevant to the role.","A strong answer should define checked exceptions, explain its practical purpose, describe an example, and mention important limitations or trade-offs where relevant.",Definition; purpose; practical usage; example; important considerations,Giving only a memorized definition; confusing related concepts; omitting a practical example.,What are the advantages and limitations of checked exceptions?;Can you give a practical example of checked exceptions?,"java developer,core java,checked exceptions",checked exceptions Interview Questions and Answers | InterviewPrep,Practice checked exceptions interview questions and answers for Java Developer candidates.,True
How does checked exceptions work in Java Developer?,how-does-checked-exceptions-work-in-java-developer,Java Developer,Core Java,0-1 Years,Medium,Technical,Interview preparation question about checked exceptions.,"Explain checked exceptions clearly, its purpose, how it works, and where it is used. Include a practical example relevant to the role.","A strong answer should define checked exceptions, explain its practical purpose, describe an example, and mention important limitations or trade-offs where relevant.",Definition; purpose; practical usage; example; important considerations,Giving only a memorized definition; confusing related concepts; omitting a practical example.,What are the advantages and limitations of checked exceptions?;Can you give a practical example of checked exceptions?,"java developer,core java,checked exceptions",checked exceptions Interview Questions and Answers | InterviewPrep,Practice checked exceptions interview questions and answers for Java Developer candidates.,True
What are the common mistakes candidates make when explaining checked exceptions?,what-are-the-common-mistakes-candidates-make-when-explaining-checked-exceptions,Java Developer,Core Java,1-3 Years,Medium,Technical,Interview preparation question about checked exceptions.,"Explain checked exceptions clearly, its purpose, how it works, and where it is used. Include a practical example relevant to the role.","A strong answer should define checked exceptions, explain its practical purpose, describe an example, and mention important limitations or trade-offs where relevant.",Definition; purpose; practical usage; example; important considerations,Giving only a memorized definition; confusing related concepts; omitting a practical example.,What are the advantages and limitations of checked exceptions?;Can you give a practical example of checked exceptions?,"java developer,core java,checked exceptions",checked exceptions Interview Questions and Answers | InterviewPrep,Practice checked exceptions interview questions and answers for Java Developer candidates.,True
"What is unchecked exceptions, and why is it important in Java Developer?",what-is-unchecked-exceptions-and-why-is-it-important-in-java-developer,Java Developer,Core Java,Fresher,Easy,Technical,Interview preparation question about unchecked exceptions.,"Explain unchecked exceptions clearly, its purpose, how it works, and where it is used. Include a practical example relevant to the role.","A strong answer should define unchecked exceptions, explain its practical purpose, describe an example, and mention important limitations or trade-offs where relevant.",Definition; purpose; practical usage; example; important considerations,Giving only a memorized definition; confusing related concepts; omitting a practical example.,What are the advantages and limitations of unchecked exceptions?;Can you give a practical example of unchecked exceptions?,"java developer,core java,unchecked exceptions",unchecked exceptions Interview Questions and Answers | InterviewPrep,Practice unchecked exceptions interview questions and answers for Java Developer candidates.,True
How does unchecked exceptions work in Java Developer?,how-does-unchecked-exceptions-work-in-java-developer,Java Developer,Core Java,0-1 Years,Medium,Technical,Interview preparation question about unchecked exceptions.,"Explain unchecked exceptions clearly, its purpose, how it works, and where it is used. Include a practical example relevant to the role.","A strong answer should define unchecked exceptions, explain its practical purpose, describe an example, and mention important limitations or trade-offs where relevant.",Definition; purpose; practical usage; example; important considerations,Giving only a memorized definition; confusing related concepts; omitting a practical example.,What are the advantages and limitations of unchecked exceptions?;Can you give a practical example of unchecked exceptions?,"java developer,core java,unchecked exceptions",unchecked exceptions Interview Questions and Answers | InterviewPrep,Practice unchecked exceptions interview questions and answers for Java Developer candidates.,True
What are the common mistakes candidates make when explaining unchecked exceptions?,what-are-the-common-mistakes-candidates-make-when-explaining-unchecked-exceptions,Java Developer,Core Java,1-3 Years,Medium,Technical,Interview preparation question about unchecked exceptions.,"Explain unchecked exceptions clearly, its purpose, how it works, and where it is used. Include a practical example relevant to the role.","A strong answer should define unchecked exceptions, explain its practical purpose, describe an example, and mention important limitations or trade-offs where relevant.",Definition; purpose; practical usage; example; important considerations,Giving only a memorized definition; confusing related concepts; omitting a practical example.,What are the advantages and limitations of unchecked exceptions?;Can you give a practical example of unchecked exceptions?,"java developer,core java,unchecked exceptions",unchecked exceptions Interview Questions and Answers | InterviewPrep,Practice unchecked exceptions interview questions and answers for Java Developer candidates.,True
"What is try-with-resources, and why is it important in Java Developer?",what-is-try-with-resources-and-why-is-it-important-in-java-developer,Java Developer,Core Java,Fresher,Easy,Technical,Interview preparation question about try-with-resources.,"Explain try-with-resources clearly, its purpose, how it works, and where it is used. Include a practical example relevant to the role.","A strong answer should define try-with-resources, explain its practical purpose, describe an example, and mention important limitations or trade-offs where relevant.",Definition; purpose; practical usage; example; important considerations,Giving only a memorized definition; confusing related concepts; omitting a practical example.,What are the advantages and limitations of try-with-resources?;Can you give a practical example of try-with-resources?,"java developer,core java,try-with-resources",try-with-resources Interview Questions and Answers | InterviewPrep,Practice try-with-resources interview questions and answers for Java Developer candidates.,True
How does try-with-resources work in Java Developer?,how-does-try-with-resources-work-in-java-developer,Java Developer,Core Java,0-1 Years,Medium,Technical,Interview preparation question about try-with-resources.,"Explain try-with-resources clearly, its purpose, how it works, and where it is used. Include a practical example relevant to the role.","A strong answer should define try-with-resources, explain its practical purpose, describe an example, and mention important limitations or trade-offs where relevant.",Definition; purpose; practical usage; example; important considerations,Giving only a memorized definition; confusing related concepts; omitting a practical example.,What are the advantages and limitations of try-with-resources?;Can you give a practical example of try-with-resources?,"java developer,core java,try-with-resources",try-with-resources Interview Questions and Answers | InterviewPrep,Practice try-with-resources interview questions and answers for Java Developer candidates.,True
What are the common mistakes candidates make when explaining try-with-resources?,what-are-the-common-mistakes-candidates-make-when-explaining-try-with-resources,Java Developer,Core Java,1-3 Years,Medium,Technical,Interview preparation question about try-with-resources.,"Explain try-with-resources clearly, its purpose, how it works, and where it is used. Include a practical example relevant to the role.","A strong answer should define try-with-resources, explain its practical purpose, describe an example, and mention important limitations or trade-offs where relevant.",Definition; purpose; practical usage; example; important considerations,Giving only a memorized definition; confusing related concepts; omitting a practical example.,What are the advantages and limitations of try-with-resources?;Can you give a practical example of try-with-resources?,"java developer,core java,try-with-resources",try-with-resources Interview Questions and Answers | InterviewPrep,Practice try-with-resources interview questions and answers for Java Developer candidates.,True
"What is multithreading, and why is it important in Java Developer?",what-is-multithreading-and-why-is-it-important-in-java-developer,Java Developer,Core Java,Fresher,Easy,Technical,Interview preparation question about multithreading.,"Explain multithreading clearly, its purpose, how it works, and where it is used. Include a practical example relevant to the role.","A strong answer should define multithreading, explain its practical purpose, describe an example, and mention important limitations or trade-offs where relevant.",Definition; purpose; practical usage; example; important considerations,Giving only a memorized definition; confusing related concepts; omitting a practical example.,What are the advantages and limitations of multithreading?;Can you give a practical example of multithreading?,"java developer,core java,multithreading",multithreading Interview Questions and Answers | InterviewPrep,Practice multithreading interview questions and answers for Java Developer candidates.,True
How does multithreading work in Java Developer?,how-does-multithreading-work-in-java-developer,Java Developer,Core Java,0-1 Years,Medium,Technical,Interview preparation question about multithreading.,"Explain multithreading clearly, its purpose, how it works, and where it is used. Include a practical example relevant to the role.","A strong answer should define multithreading, explain its practical purpose, describe an example, and mention important limitations or trade-offs where relevant.",Definition; purpose; practical usage; example; important considerations,Giving only a memorized definition; confusing related concepts; omitting a practical example.,What are the advantages and limitations of multithreading?;Can you give a practical example of multithreading?,"java developer,core java,multithreading",multithreading Interview Questions and Answers | InterviewPrep,Practice multithreading interview questions and answers for Java Developer candidates.,True
What are the common mistakes candidates make when explaining multithreading?,what-are-the-common-mistakes-candidates-make-when-explaining-multithreading,Java Developer,Core Java,1-3 Years,Medium,Technical,Interview preparation question about multithreading.,"Explain multithreading clearly, its purpose, how it works, and where it is used. Include a practical example relevant to the role.","A strong answer should define multithreading, explain its practical purpose, describe an example, and mention important limitations or trade-offs where relevant.",Definition; purpose; practical usage; example; important considerations,Giving only a memorized definition; confusing related concepts; omitting a practical example.,What are the advantages and limitations of multithreading?;Can you give a practical example of multithreading?,"java developer,core java,multithreading",multithreading Interview Questions and Answers | InterviewPrep,Practice multithreading interview questions and answers for Java Developer candidates.,True
"What is synchronization, and why is it important in Java Developer?",what-is-synchronization-and-why-is-it-important-in-java-developer,Java Developer,Core Java,Fresher,Easy,Technical,Interview preparation question about synchronization.,"Explain synchronization clearly, its purpose, how it works, and where it is used. Include a practical example relevant to the role.","A strong answer should define synchronization, explain its practical purpose, describe an example, and mention important limitations or trade-offs where relevant.",Definition; purpose; practical usage; example; important considerations,Giving only a memorized definition; confusing related concepts; omitting a practical example.,What are the advantages and limitations of synchronization?;Can you give a practical example of synchronization?,"java developer,core java,synchronization",synchronization Interview Questions and Answers | InterviewPrep,Practice synchronization interview questions and answers for Java Developer candidates.,True
How does synchronization work in Java Developer?,how-does-synchronization-work-in-java-developer,Java Developer,Core Java,0-1 Years,Medium,Technical,Interview preparation question about synchronization.,"Explain synchronization clearly, its purpose, how it works, and where it is used. Include a practical example relevant to the role.","A strong answer should define synchronization, explain its practical purpose, describe an example, and mention important limitations or trade-offs where relevant.",Definition; purpose; practical usage; example; important considerations,Giving only a memorized definition; confusing related concepts; omitting a practical example.,What are the advantages and limitations of synchronization?;Can you give a practical example of synchronization?,"java developer,core java,synchronization",synchronization Interview Questions and Answers | InterviewPrep,Practice synchronization interview questions and answers for Java Developer candidates.,True
What are the common mistakes candidates make when explaining synchronization?,what-are-the-common-mistakes-candidates-make-when-explaining-synchronization,Java Developer,Core Java,1-3 Years,Medium,Technical,Interview preparation question about synchronization.,"Explain synchronization clearly, its purpose, how it works, and where it is used. Include a practical example relevant to the role.","A strong answer should define synchronization, explain its practical purpose, describe an example, and mention important limitations or trade-offs where relevant.",Definition; purpose; practical usage; example; important considerations,Giving only a memorized definition; confusing related concepts; omitting a practical example.,What are the advantages and limitations of synchronization?;Can you give a practical example of synchronization?,"java developer,core java,synchronization",synchronization Interview Questions and Answers | InterviewPrep,Practice synchronization interview questions and answers for Java Developer candidates.,True
"What is volatile, and why is it important in Java Developer?",what-is-volatile-and-why-is-it-important-in-java-developer,Java Developer,Core Java,Fresher,Easy,Technical,Interview preparation question about volatile.,"Explain volatile clearly, its purpose, how it works, and where it is used. Include a practical example relevant to the role.","A strong answer should define volatile, explain its practical purpose, describe an example, and mention important limitations or trade-offs where relevant.",Definition; purpose; practical usage; example; important considerations,Giving only a memorized definition; confusing related concepts; omitting a practical example.,What are the advantages and limitations of volatile?;Can you give a practical example of volatile?,"java developer,core java,volatile",volatile Interview Questions and Answers | InterviewPrep,Practice volatile interview questions and answers for Java Developer candidates.,True
How does volatile work in Java Developer?,how-does-volatile-work-in-java-developer,Java Developer,Core Java,0-1 Years,Medium,Technical,Interview preparation question about volatile.,"Explain volatile clearly, its purpose, how it works, and where it is used. Include a practical example relevant to the role.","A strong answer should define volatile, explain its practical purpose, describe an example, and mention important limitations or trade-offs where relevant.",Definition; purpose; practical usage; example; important considerations,Giving only a memorized definition; confusing related concepts; omitting a practical example.,What are the advantages and limitations of volatile?;Can you give a practical example of volatile?,"java developer,core java,volatile",volatile Interview Questions and Answers | InterviewPrep,Practice volatile interview questions and answers for Java Developer candidates.,True
What are the common mistakes candidates make when explaining volatile?,what-are-the-common-mistakes-candidates-make-when-explaining-volatile,Java Developer,Core Java,1-3 Years,Medium,Technical,Interview preparation question about volatile.,"Explain volatile clearly, its purpose, how it works, and where it is used. Include a practical example relevant to the role.","A strong answer should define volatile, explain its practical purpose, describe an example, and mention important limitations or trade-offs where relevant.",Definition; purpose; practical usage; example; important considerations,Giving only a memorized definition; confusing related concepts; omitting a practical example.,What are the advantages and limitations of volatile?;Can you give a practical example of volatile?,"java developer,core java,volatile",volatile Interview Questions and Answers | InterviewPrep,Practice volatile interview questions and answers for Java Developer candidates.,True
"What is ExecutorService, and why is it important in Java Developer?",what-is-executorservice-and-why-is-it-important-in-java-developer,Java Developer,Core Java,Fresher,Easy,Technical,Interview preparation question about ExecutorService.,"Explain ExecutorService clearly, its purpose, how it works, and where it is used. Include a practical example relevant to the role.","A strong answer should define ExecutorService, explain its practical purpose, describe an example, and mention important limitations or trade-offs where relevant.",Definition; purpose; practical usage; example; important considerations,Giving only a memorized definition; confusing related concepts; omitting a practical example.,What are the advantages and limitations of ExecutorService?;Can you give a practical example of ExecutorService?,"java developer,core java,executorservice",ExecutorService Interview Questions and Answers | InterviewPrep,Practice ExecutorService interview questions and answers for Java Developer candidates.,True
How does ExecutorService work in Java Developer?,how-does-executorservice-work-in-java-developer,Java Developer,Core Java,0-1 Years,Medium,Technical,Interview preparation question about ExecutorService.,"Explain ExecutorService clearly, its purpose, how it works, and where it is used. Include a practical example relevant to the role.","A strong answer should define ExecutorService, explain its practical purpose, describe an example, and mention important limitations or trade-offs where relevant.",Definition; purpose; practical usage; example; important considerations,Giving only a memorized definition; confusing related concepts; omitting a practical example.,What are the advantages and limitations of ExecutorService?;Can you give a practical example of ExecutorService?,"java developer,core java,executorservice",ExecutorService Interview Questions and Answers | InterviewPrep,Practice ExecutorService interview questions and answers for Java Developer candidates.,True
What are the common mistakes candidates make when explaining ExecutorService?,what-are-the-common-mistakes-candidates-make-when-explaining-executorservice,Java Developer,Core Java,1-3 Years,Medium,Technical,Interview preparation question about ExecutorService.,"Explain ExecutorService clearly, its purpose, how it works, and where it is used. Include a practical example relevant to the role.","A strong answer should define ExecutorService, explain its practical purpose, describe an example, and mention important limitations or trade-offs where relevant.",Definition; purpose; practical usage; example; important considerations,Giving only a memorized definition; confusing related concepts; omitting a practical example.,What are the advantages and limitations of ExecutorService?;Can you give a practical example of ExecutorService?,"java developer,core java,executorservice",ExecutorService Interview Questions and Answers | InterviewPrep,Practice ExecutorService interview questions and answers for Java Developer candidates.,True
"What is CompletableFuture, and why is it important in Java Developer?",what-is-completablefuture-and-why-is-it-important-in-java-developer,Java Developer,Core Java,Fresher,Easy,Technical,Interview preparation question about CompletableFuture.,"Explain CompletableFuture clearly, its purpose, how it works, and where it is used. Include a practical example relevant to the role.","A strong answer should define CompletableFuture, explain its practical purpose, describe an example, and mention important limitations or trade-offs where relevant.",Definition; purpose; practical usage; example; important considerations,Giving only a memorized definition; confusing related concepts; omitting a practical example.,What are the advantages and limitations of CompletableFuture?;Can you give a practical example of CompletableFuture?,"java developer,core java,completablefuture",CompletableFuture Interview Questions and Answers | InterviewPrep,Practice CompletableFuture interview questions and answers for Java Developer candidates.,True
How does CompletableFuture work in Java Developer?,how-does-completablefuture-work-in-java-developer,Java Developer,Core Java,0-1 Years,Medium,Technical,Interview preparation question about CompletableFuture.,"Explain CompletableFuture clearly, its purpose, how it works, and where it is used. Include a practical example relevant to the role.","A strong answer should define CompletableFuture, explain its practical purpose, describe an example, and mention important limitations or trade-offs where relevant.",Definition; purpose; practical usage; example; important considerations,Giving only a memorized definition; confusing related concepts; omitting a practical example.,What are the advantages and limitations of CompletableFuture?;Can you give a practical example of CompletableFuture?,"java developer,core java,completablefuture",CompletableFuture Interview Questions and Answers | InterviewPrep,Practice CompletableFuture interview questions and answers for Java Developer candidates.,True
What are the common mistakes candidates make when explaining CompletableFuture?,what-are-the-common-mistakes-candidates-make-when-explaining-completablefuture,Java Developer,Core Java,1-3 Years,Medium,Technical,Interview preparation question about CompletableFuture.,"Explain CompletableFuture clearly, its purpose, how it works, and where it is used. Include a practical example relevant to the role.","A strong answer should define CompletableFuture, explain its practical purpose, describe an example, and mention important limitations or trade-offs where relevant.",Definition; purpose; practical usage; example; important considerations,Giving only a memorized definition; confusing related concepts; omitting a practical example.,What are the advantages and limitations of CompletableFuture?;Can you give a practical example of CompletableFuture?,"java developer,core java,completablefuture",CompletableFuture Interview Questions and Answers | InterviewPrep,Practice CompletableFuture interview questions and answers for Java Developer candidates.,True
"What is lambda expressions, and why is it important in Java Developer?",what-is-lambda-expressions-and-why-is-it-important-in-java-developer,Java Developer,Core Java,Fresher,Easy,Technical,Interview preparation question about lambda expressions.,"Explain lambda expressions clearly, its purpose, how it works, and where it is used. Include a practical example relevant to the role.","A strong answer should define lambda expressions, explain its practical purpose, describe an example, and mention important limitations or trade-offs where relevant.",Definition; purpose; practical usage; example; important considerations,Giving only a memorized definition; confusing related concepts; omitting a practical example.,What are the advantages and limitations of lambda expressions?;Can you give a practical example of lambda expressions?,"java developer,core java,lambda expressions",lambda expressions Interview Questions and Answers | InterviewPrep,Practice lambda expressions interview questions and answers for Java Developer candidates.,True
How does lambda expressions work in Java Developer?,how-does-lambda-expressions-work-in-java-developer,Java Developer,Core Java,0-1 Years,Medium,Technical,Interview preparation question about lambda expressions.,"Explain lambda expressions clearly, its purpose, how it works, and where it is used. Include a practical example relevant to the role.","A strong answer should define lambda expressions, explain its practical purpose, describe an example, and mention important limitations or trade-offs where relevant.",Definition; purpose; practical usage; example; important considerations,Giving only a memorized definition; confusing related concepts; omitting a practical example.,What are the advantages and limitations of lambda expressions?;Can you give a practical example of lambda expressions?,"java developer,core java,lambda expressions",lambda expressions Interview Questions and Answers | InterviewPrep,Practice lambda expressions interview questions and answers for Java Developer candidates.,True
What are the common mistakes candidates make when explaining lambda expressions?,what-are-the-common-mistakes-candidates-make-when-explaining-lambda-expressions,Java Developer,Core Java,1-3 Years,Medium,Technical,Interview preparation question about lambda expressions.,"Explain lambda expressions clearly, its purpose, how it works, and where it is used. Include a practical example relevant to the role.","A strong answer should define lambda expressions, explain its practical purpose, describe an example, and mention important limitations or trade-offs where relevant.",Definition; purpose; practical usage; example; important considerations,Giving only a memorized definition; confusing related concepts; omitting a practical example.,What are the advantages and limitations of lambda expressions?;Can you give a practical example of lambda expressions?,"java developer,core java,lambda expressions",lambda expressions Interview Questions and Answers | InterviewPrep,Practice lambda expressions interview questions and answers for Java Developer candidates.,True
"What is functional interfaces, and why is it important in Java Developer?",what-is-functional-interfaces-and-why-is-it-important-in-java-developer,Java Developer,Core Java,Fresher,Easy,Technical,Interview preparation question about functional interfaces.,"Explain functional interfaces clearly, its purpose, how it works, and where it is used. Include a practical example relevant to the role.","A strong answer should define functional interfaces, explain its practical purpose, describe an example, and mention important limitations or trade-offs where relevant.",Definition; purpose; practical usage; example; important considerations,Giving only a memorized definition; confusing related concepts; omitting a practical example.,What are the advantages and limitations of functional interfaces?;Can you give a practical example of functional interfaces?,"java developer,core java,functional interfaces",functional interfaces Interview Questions and Answers | InterviewPrep,Practice functional interfaces interview questions and answers for Java Developer candidates.,True
How does functional interfaces work in Java Developer?,how-does-functional-interfaces-work-in-java-developer,Java Developer,Core Java,0-1 Years,Medium,Technical,Interview preparation question about functional interfaces.,"Explain functional interfaces clearly, its purpose, how it works, and where it is used. Include a practical example relevant to the role.","A strong answer should define functional interfaces, explain its practical purpose, describe an example, and mention important limitations or trade-offs where relevant.",Definition; purpose; practical usage; example; important considerations,Giving only a memorized definition; confusing related concepts; omitting a practical example.,What are the advantages and limitations of functional interfaces?;Can you give a practical example of functional interfaces?,"java developer,core java,functional interfaces",functional interfaces Interview Questions and Answers | InterviewPrep,Practice functional interfaces interview questions and answers for Java Developer candidates.,True
What are the common mistakes candidates make when explaining functional interfaces?,what-are-the-common-mistakes-candidates-make-when-explaining-functional-interfaces,Java Developer,Core Java,1-3 Years,Medium,Technical,Interview preparation question about functional interfaces.,"Explain functional interfaces clearly, its purpose, how it works, and where it is used. Include a practical example relevant to the role.","A strong answer should define functional interfaces, explain its practical purpose, describe an example, and mention important limitations or trade-offs where relevant.",Definition; purpose; practical usage; example; important considerations,Giving only a memorized definition; confusing related concepts; omitting a practical example.,What are the advantages and limitations of functional interfaces?;Can you give a practical example of functional interfaces?,"java developer,core java,functional interfaces",functional interfaces Interview Questions and Answers | InterviewPrep,Practice functional interfaces interview questions and answers for Java Developer candidates.,True
"What is Stream API, and why is it important in Java Developer?",what-is-stream-api-and-why-is-it-important-in-java-developer,Java Developer,Core Java,Fresher,Easy,Technical,Interview preparation question about Stream API.,"Explain Stream API clearly, its purpose, how it works, and where it is used. Include a practical example relevant to the role.","A strong answer should define Stream API, explain its practical purpose, describe an example, and mention important limitations or trade-offs where relevant.",Definition; purpose; practical usage; example; important considerations,Giving only a memorized definition; confusing related concepts; omitting a practical example.,What are the advantages and limitations of Stream API?;Can you give a practical example of Stream API?,"java developer,core java,stream api",Stream API Interview Questions and Answers | InterviewPrep,Practice Stream API interview questions and answers for Java Developer candidates.,True
How does Stream API work in Java Developer?,how-does-stream-api-work-in-java-developer,Java Developer,Core Java,0-1 Years,Medium,Technical,Interview preparation question about Stream API.,"Explain Stream API clearly, its purpose, how it works, and where it is used. Include a practical example relevant to the role.","A strong answer should define Stream API, explain its practical purpose, describe an example, and mention important limitations or trade-offs where relevant.",Definition; purpose; practical usage; example; important considerations,Giving only a memorized definition; confusing related concepts; omitting a practical example.,What are the advantages and limitations of Stream API?;Can you give a practical example of Stream API?,"java developer,core java,stream api",Stream API Interview Questions and Answers | InterviewPrep,Practice Stream API interview questions and answers for Java Developer candidates.,True
What are the common mistakes candidates make when explaining Stream API?,what-are-the-common-mistakes-candidates-make-when-explaining-stream-api,Java Developer,Core Java,1-3 Years,Medium,Technical,Interview preparation question about Stream API.,"Explain Stream API clearly, its purpose, how it works, and where it is used. Include a practical example relevant to the role.","A strong answer should define Stream API, explain its practical purpose, describe an example, and mention important limitations or trade-offs where relevant.",Definition; purpose; practical usage; example; important considerations,Giving only a memorized definition; confusing related concepts; omitting a practical example.,What are the advantages and limitations of Stream API?;Can you give a practical example of Stream API?,"java developer,core java,stream api",Stream API Interview Questions and Answers | InterviewPrep,Practice Stream API interview questions and answers for Java Developer candidates.,True
"What is Optional, and why is it important in Java Developer?",what-is-optional-and-why-is-it-important-in-java-developer,Java Developer,Core Java,Fresher,Easy,Technical,Interview preparation question about Optional.,"Explain Optional clearly, its purpose, how it works, and where it is used. Include a practical example relevant to the role.","A strong answer should define Optional, explain its practical purpose, describe an example, and mention important limitations or trade-offs where relevant.",Definition; purpose; practical usage; example; important considerations,Giving only a memorized definition; confusing related concepts; omitting a practical example.,What are the advantages and limitations of Optional?;Can you give a practical example of Optional?,"java developer,core java,optional",Optional Interview Questions and Answers | InterviewPrep,Practice Optional interview questions and answers for Java Developer candidates.,True
How does Optional work in Java Developer?,how-does-optional-work-in-java-developer,Java Developer,Core Java,0-1 Years,Medium,Technical,Interview preparation question about Optional.,"Explain Optional clearly, its purpose, how it works, and where it is used. Include a practical example relevant to the role.","A strong answer should define Optional, explain its practical purpose, describe an example, and mention important limitations or trade-offs where relevant.",Definition; purpose; practical usage; example; important considerations,Giving only a memorized definition; confusing related concepts; omitting a practical example.,What are the advantages and limitations of Optional?;Can you give a practical example of Optional?,"java developer,core java,optional",Optional Interview Questions and Answers | InterviewPrep,Practice Optional interview questions and answers for Java Developer candidates.,True
What are the common mistakes candidates make when explaining Optional?,what-are-the-common-mistakes-candidates-make-when-explaining-optional,Java Developer,Core Java,1-3 Years,Medium,Technical,Interview preparation question about Optional.,"Explain Optional clearly, its purpose, how it works, and where it is used. Include a practical example relevant to the role.","A strong answer should define Optional, explain its practical purpose, describe an example, and mention important limitations or trade-offs where relevant.",Definition; purpose; practical usage; example; important considerations,Giving only a memorized definition; confusing related concepts; omitting a practical example.,What are the advantages and limitations of Optional?;Can you give a practical example of Optional?,"java developer,core java,optional",Optional Interview Questions and Answers | InterviewPrep,Practice Optional interview questions and answers for Java Developer candidates.,True
"What is records, and why is it important in Java Developer?",what-is-records-and-why-is-it-important-in-java-developer,Java Developer,Core Java,Fresher,Easy,Technical,Interview preparation question about records.,"Explain records clearly, its purpose, how it works, and where it is used. Include a practical example relevant to the role.","A strong answer should define records, explain its practical purpose, describe an example, and mention important limitations or trade-offs where relevant.",Definition; purpose; practical usage; example; important considerations,Giving only a memorized definition; confusing related concepts; omitting a practical example.,What are the advantages and limitations of records?;Can you give a practical example of records?,"java developer,core java,records",records Interview Questions and Answers | InterviewPrep,Practice records interview questions and answers for Java Developer candidates.,True
How does records work in Java Developer?,how-does-records-work-in-java-developer,Java Developer,Core Java,0-1 Years,Medium,Technical,Interview preparation question about records.,"Explain records clearly, its purpose, how it works, and where it is used. Include a practical example relevant to the role.","A strong answer should define records, explain its practical purpose, describe an example, and mention important limitations or trade-offs where relevant.",Definition; purpose; practical usage; example; important considerations,Giving only a memorized definition; confusing related concepts; omitting a practical example.,What are the advantages and limitations of records?;Can you give a practical example of records?,"java developer,core java,records",records Interview Questions and Answers | InterviewPrep,Practice records interview questions and answers for Java Developer candidates.,True
What are the common mistakes candidates make when explaining records?,what-are-the-common-mistakes-candidates-make-when-explaining-records,Java Developer,Core Java,1-3 Years,Medium,Technical,Interview preparation question about records.,"Explain records clearly, its purpose, how it works, and where it is used. Include a practical example relevant to the role.","A strong answer should define records, explain its practical purpose, describe an example, and mention important limitations or trade-offs where relevant.",Definition; purpose; practical usage; example; important considerations,Giving only a memorized definition; confusing related concepts; omitting a practical example.,What are the advantages and limitations of records?;Can you give a practical example of records?,"java developer,core java,records",records Interview Questions and Answers | InterviewPrep,Practice records interview questions and answers for Java Developer candidates.,True
"What is sealed classes, and why is it important in Java Developer?",what-is-sealed-classes-and-why-is-it-important-in-java-developer,Java Developer,Core Java,Fresher,Easy,Technical,Interview preparation question about sealed classes.,"Explain sealed classes clearly, its purpose, how it works, and where it is used. Include a practical example relevant to the role.","A strong answer should define sealed classes, explain its practical purpose, describe an example, and mention important limitations or trade-offs where relevant.",Definition; purpose; practical usage; example; important considerations,Giving only a memorized definition; confusing related concepts; omitting a practical example.,What are the advantages and limitations of sealed classes?;Can you give a practical example of sealed classes?,"java developer,core java,sealed classes",sealed classes Interview Questions and Answers | InterviewPrep,Practice sealed classes interview questions and answers for Java Developer candidates.,True
How does sealed classes work in Java Developer?,how-does-sealed-classes-work-in-java-developer,Java Developer,Core Java,0-1 Years,Medium,Technical,Interview preparation question about sealed classes.,"Explain sealed classes clearly, its purpose, how it works, and where it is used. Include a practical example relevant to the role.","A strong answer should define sealed classes, explain its practical purpose, describe an example, and mention important limitations or trade-offs where relevant.",Definition; purpose; practical usage; example; important considerations,Giving only a memorized definition; confusing related concepts; omitting a practical example.,What are the advantages and limitations of sealed classes?;Can you give a practical example of sealed classes?,"java developer,core java,sealed classes",sealed classes Interview Questions and Answers | InterviewPrep,Practice sealed classes interview questions and answers for Java Developer candidates.,True
What are the common mistakes candidates make when explaining sealed classes?,what-are-the-common-mistakes-candidates-make-when-explaining-sealed-classes,Java Developer,Core Java,1-3 Years,Medium,Technical,Interview preparation question about sealed classes.,"Explain sealed classes clearly, its purpose, how it works, and where it is used. Include a practical example relevant to the role.","A strong answer should define sealed classes, explain its practical purpose, describe an example, and mention important limitations or trade-offs where relevant.",Definition; purpose; practical usage; example; important considerations,Giving only a memorized definition; confusing related concepts; omitting a practical example.,What are the advantages and limitations of sealed classes?;Can you give a practical example of sealed classes?,"java developer,core java,sealed classes",sealed classes Interview Questions and Answers | InterviewPrep,Practice sealed classes interview questions and answers for Java Developer candidates.,True
"What is JVM memory, and why is it important in Java Developer?",what-is-jvm-memory-and-why-is-it-important-in-java-developer,Java Developer,Core Java,Fresher,Easy,Technical,Interview preparation question about JVM memory.,"Explain JVM memory clearly, its purpose, how it works, and where it is used. Include a practical example relevant to the role.","A strong answer should define JVM memory, explain its practical purpose, describe an example, and mention important limitations or trade-offs where relevant.",Definition; purpose; practical usage; example; important considerations,Giving only a memorized definition; confusing related concepts; omitting a practical example.,What are the advantages and limitations of JVM memory?;Can you give a practical example of JVM memory?,"java developer,core java,jvm memory",JVM memory Interview Questions and Answers | InterviewPrep,Practice JVM memory interview questions and answers for Java Developer candidates.,True
How does JVM memory work in Java Developer?,how-does-jvm-memory-work-in-java-developer,Java Developer,Core Java,0-1 Years,Medium,Technical,Interview preparation question about JVM memory.,"Explain JVM memory clearly, its purpose, how it works, and where it is used. Include a practical example relevant to the role.","A strong answer should define JVM memory, explain its practical purpose, describe an example, and mention important limitations or trade-offs where relevant.",Definition; purpose; practical usage; example; important considerations,Giving only a memorized definition; confusing related concepts; omitting a practical example.,What are the advantages and limitations of JVM memory?;Can you give a practical example of JVM memory?,"java developer,core java,jvm memory",JVM memory Interview Questions and Answers | InterviewPrep,Practice JVM memory interview questions and answers for Java Developer candidates.,True
What are the common mistakes candidates make when explaining JVM memory?,what-are-the-common-mistakes-candidates-make-when-explaining-jvm-memory,Java Developer,Core Java,1-3 Years,Medium,Technical,Interview preparation question about JVM memory.,"Explain JVM memory clearly, its purpose, how it works, and where it is used. Include a practical example relevant to the role.","A strong answer should define JVM memory, explain its practical purpose, describe an example, and mention important limitations or trade-offs where relevant.",Definition; purpose; practical usage; example; important considerations,Giving only a memorized definition; confusing related concepts; omitting a practical example.,What are the advantages and limitations of JVM memory?;Can you give a practical example of JVM memory?,"java developer,core java,jvm memory",JVM memory Interview Questions and Answers | InterviewPrep,Practice JVM memory interview questions and answers for Java Developer candidates.,True
"What is garbage collection, and why is it important in Java Developer?",what-is-garbage-collection-and-why-is-it-important-in-java-developer,Java Developer,Core Java,Fresher,Easy,Technical,Interview preparation question about garbage collection.,"Explain garbage collection clearly, its purpose, how it works, and where it is used. Include a practical example relevant to the role.","A strong answer should define garbage collection, explain its practical purpose, describe an example, and mention important limitations or trade-offs where relevant.",Definition; purpose; practical usage; example; important considerations,Giving only a memorized definition; confusing related concepts; omitting a practical example.,What are the advantages and limitations of garbage collection?;Can you give a practical example of garbage collection?,"java developer,core java,garbage collection",garbage collection Interview Questions and Answers | InterviewPrep,Practice garbage collection interview questions and answers for Java Developer candidates.,True
How does garbage collection work in Java Developer?,how-does-garbage-collection-work-in-java-developer,Java Developer,Core Java,0-1 Years,Medium,Technical,Interview preparation question about garbage collection.,"Explain garbage collection clearly, its purpose, how it works, and where it is used. Include a practical example relevant to the role.","A strong answer should define garbage collection, explain its practical purpose, describe an example, and mention important limitations or trade-offs where relevant.",Definition; purpose; practical usage; example; important considerations,Giving only a memorized definition; confusing related concepts; omitting a practical example.,What are the advantages and limitations of garbage collection?;Can you give a practical example of garbage collection?,"java developer,core java,garbage collection",garbage collection Interview Questions and Answers | InterviewPrep,Practice garbage collection interview questions and answers for Java Developer candidates.,True
What are the common mistakes candidates make when explaining garbage collection?,what-are-the-common-mistakes-candidates-make-when-explaining-garbage-collection,Java Developer,Core Java,1-3 Years,Medium,Technical,Interview preparation question about garbage collection.,"Explain garbage collection clearly, its purpose, how it works, and where it is used. Include a practical example relevant to the role.","A strong answer should define garbage collection, explain its practical purpose, describe an example, and mention important limitations or trade-offs where relevant.",Definition; purpose; practical usage; example; important considerations,Giving only a memorized definition; confusing related concepts; omitting a practical example.,What are the advantages and limitations of garbage collection?;Can you give a practical example of garbage collection?,"java developer,core java,garbage collection",garbage collection Interview Questions and Answers | InterviewPrep,Practice garbage collection interview questions and answers for Java Developer candidates.,True
"What is heap and stack, and why is it important in Java Developer?",what-is-heap-and-stack-and-why-is-it-important-in-java-developer,Java Developer,Core Java,Fresher,Easy,Technical,Interview preparation question about heap and stack.,"Explain heap and stack clearly, its purpose, how it works, and where it is used. Include a practical example relevant to the role.","A strong answer should define heap and stack, explain its practical purpose, describe an example, and mention important limitations or trade-offs where relevant.",Definition; purpose; practical usage; example; important considerations,Giving only a memorized definition; confusing related concepts; omitting a practical example.,What are the advantages and limitations of heap and stack?;Can you give a practical example of heap and stack?,"java developer,core java,heap and stack",heap and stack Interview Questions and Answers | InterviewPrep,Practice heap and stack interview questions and answers for Java Developer candidates.,True
How does heap and stack work in Java Developer?,how-does-heap-and-stack-work-in-java-developer,Java Developer,Core Java,0-1 Years,Medium,Technical,Interview preparation question about heap and stack.,"Explain heap and stack clearly, its purpose, how it works, and where it is used. Include a practical example relevant to the role.","A strong answer should define heap and stack, explain its practical purpose, describe an example, and mention important limitations or trade-offs where relevant.",Definition; purpose; practical usage; example; important considerations,Giving only a memorized definition; confusing related concepts; omitting a practical example.,What are the advantages and limitations of heap and stack?;Can you give a practical example of heap and stack?,"java developer,core java,heap and stack",heap and stack Interview Questions and Answers | InterviewPrep,Practice heap and stack interview questions and answers for Java Developer candidates.,True
What are the common mistakes candidates make when explaining heap and stack?,what-are-the-common-mistakes-candidates-make-when-explaining-heap-and-stack,Java Developer,Core Java,1-3 Years,Medium,Technical,Interview preparation question about heap and stack.,"Explain heap and stack clearly, its purpose, how it works, and where it is used. Include a practical example relevant to the role.","A strong answer should define heap and stack, explain its practical purpose, describe an example, and mention important limitations or trade-offs where relevant.",Definition; purpose; practical usage; example; important considerations,Giving only a memorized definition; confusing related concepts; omitting a practical example.,What are the advantages and limitations of heap and stack?;Can you give a practical example of heap and stack?,"java developer,core java,heap and stack",heap and stack Interview Questions and Answers | InterviewPrep,Practice heap and stack interview questions and answers for Java Developer candidates.,True
"What is class loading, and why is it important in Java Developer?",what-is-class-loading-and-why-is-it-important-in-java-developer,Java Developer,Core Java,Fresher,Easy,Technical,Interview preparation question about class loading.,"Explain class loading clearly, its purpose, how it works, and where it is used. Include a practical example relevant to the role.","A strong answer should define class loading, explain its practical purpose, describe an example, and mention important limitations or trade-offs where relevant.",Definition; purpose; practical usage; example; important considerations,Giving only a memorized definition; confusing related concepts; omitting a practical example.,What are the advantages and limitations of class loading?;Can you give a practical example of class loading?,"java developer,core java,class loading",class loading Interview Questions and Answers | InterviewPrep,Practice class loading interview questions and answers for Java Developer candidates.,True
How does class loading work in Java Developer?,how-does-class-loading-work-in-java-developer,Java Developer,Core Java,0-1 Years,Medium,Technical,Interview preparation question about class loading.,"Explain class loading clearly, its purpose, how it works, and where it is used. Include a practical example relevant to the role.","A strong answer should define class loading, explain its practical purpose, describe an example, and mention important limitations or trade-offs where relevant.",Definition; purpose; practical usage; example; important considerations,Giving only a memorized definition; confusing related concepts; omitting a practical example.,What are the advantages and limitations of class loading?;Can you give a practical example of class loading?,"java developer,core java,class loading",class loading Interview Questions and Answers | InterviewPrep,Practice class loading interview questions and answers for Java Developer candidates.,True
What are the common mistakes candidates make when explaining class loading?,what-are-the-common-mistakes-candidates-make-when-explaining-class-loading,Java Developer,Core Java,1-3 Years,Medium,Technical,Interview preparation question about class loading.,"Explain class loading clearly, its purpose, how it works, and where it is used. Include a practical example relevant to the role.","A strong answer should define class loading, explain its practical purpose, describe an example, and mention important limitations or trade-offs where relevant.",Definition; purpose; practical usage; example; important considerations,Giving only a memorized definition; confusing related concepts; omitting a practical example.,What are the advantages and limitations of class loading?;Can you give a practical example of class loading?,"java developer,core java,class loading",class loading Interview Questions and Answers | InterviewPrep,Practice class loading interview questions and answers for Java Developer candidates.,True
"What is JDBC, and why is it important in Java Developer?",what-is-jdbc-and-why-is-it-important-in-java-developer,Java Developer,Core Java,Fresher,Easy,Technical,Interview preparation question about JDBC.,"Explain JDBC clearly, its purpose, how it works, and where it is used. Include a practical example relevant to the role.","A strong answer should define JDBC, explain its practical purpose, describe an example, and mention important limitations or trade-offs where relevant.",Definition; purpose; practical usage; example; important considerations,Giving only a memorized definition; confusing related concepts; omitting a practical example.,What are the advantages and limitations of JDBC?;Can you give a practical example of JDBC?,"java developer,core java,jdbc",JDBC Interview Questions and Answers | InterviewPrep,Practice JDBC interview questions and answers for Java Developer candidates.,True
How does JDBC work in Java Developer?,how-does-jdbc-work-in-java-developer,Java Developer,Core Java,0-1 Years,Medium,Technical,Interview preparation question about JDBC.,"Explain JDBC clearly, its purpose, how it works, and where it is used. Include a practical example relevant to the role.","A strong answer should define JDBC, explain its practical purpose, describe an example, and mention important limitations or trade-offs where relevant.",Definition; purpose; practical usage; example; important considerations,Giving only a memorized definition; confusing related concepts; omitting a practical example.,What are the advantages and limitations of JDBC?;Can you give a practical example of JDBC?,"java developer,core java,jdbc",JDBC Interview Questions and Answers | InterviewPrep,Practice JDBC interview questions and answers for Java Developer candidates.,True
What are the common mistakes candidates make when explaining JDBC?,what-are-the-common-mistakes-candidates-make-when-explaining-jdbc,Java Developer,Core Java,1-3 Years,Medium,Technical,Interview preparation question about JDBC.,"Explain JDBC clearly, its purpose, how it works, and where it is used. Include a practical example relevant to the role.","A strong answer should define JDBC, explain its practical purpose, describe an example, and mention important limitations or trade-offs where relevant.",Definition; purpose; practical usage; example; important considerations,Giving only a memorized definition; confusing related concepts; omitting a practical example.,What are the advantages and limitations of JDBC?;Can you give a practical example of JDBC?,"java developer,core java,jdbc",JDBC Interview Questions and Answers | InterviewPrep,Practice JDBC interview questions and answers for Java Developer candidates.,True
"What is serialization, and why is it important in Java Developer?",what-is-serialization-and-why-is-it-important-in-java-developer,Java Developer,Core Java,Fresher,Easy,Technical,Interview preparation question about serialization.,"Explain serialization clearly, its purpose, how it works, and where it is used. Include a practical example relevant to the role.","A strong answer should define serialization, explain its practical purpose, describe an example, and mention important limitations or trade-offs where relevant.",Definition; purpose; practical usage; example; important considerations,Giving only a memorized definition; confusing related concepts; omitting a practical example.,What are the advantages and limitations of serialization?;Can you give a practical example of serialization?,"java developer,core java,serialization",serialization Interview Questions and Answers | InterviewPrep,Practice serialization interview questions and answers for Java Developer candidates.,True
How does serialization work in Java Developer?,how-does-serialization-work-in-java-developer,Java Developer,Core Java,0-1 Years,Medium,Technical,Interview preparation question about serialization.,"Explain serialization clearly, its purpose, how it works, and where it is used. Include a practical example relevant to the role.","A strong answer should define serialization, explain its practical purpose, describe an example, and mention important limitations or trade-offs where relevant.",Definition; purpose; practical usage; example; important considerations,Giving only a memorized definition; confusing related concepts; omitting a practical example.,What are the advantages and limitations of serialization?;Can you give a practical example of serialization?,"java developer,core java,serialization",serialization Interview Questions and Answers | InterviewPrep,Practice serialization interview questions and answers for Java Developer candidates.,True
What are the common mistakes candidates make when explaining serialization?,what-are-the-common-mistakes-candidates-make-when-explaining-serialization,Java Developer,Core Java,1-3 Years,Medium,Technical,Interview preparation question about serialization.,"Explain serialization clearly, its purpose, how it works, and where it is used. Include a practical example relevant to the role.","A strong answer should define serialization, explain its practical purpose, describe an example, and mention important limitations or trade-offs where relevant.",Definition; purpose; practical usage; example; important considerations,Giving only a memorized definition; confusing related concepts; omitting a practical example.,What are the advantages and limitations of serialization?;Can you give a practical example of serialization?,"java developer,core java,serialization",serialization Interview Questions and Answers | InterviewPrep,Practice serialization interview questions and answers for Java Developer candidates.,True
"What is reflection, and why is it important in Java Developer?",what-is-reflection-and-why-is-it-important-in-java-developer,Java Developer,Core Java,Fresher,Easy,Technical,Interview preparation question about reflection.,"Explain reflection clearly, its purpose, how it works, and where it is used. Include a practical example relevant to the role.","A strong answer should define reflection, explain its practical purpose, describe an example, and mention important limitations or trade-offs where relevant.",Definition; purpose; practical usage; example; important considerations,Giving only a memorized definition; confusing related concepts; omitting a practical example.,What are the advantages and limitations of reflection?;Can you give a practical example of reflection?,"java developer,core java,reflection",reflection Interview Questions and Answers | InterviewPrep,Practice reflection interview questions and answers for Java Developer candidates.,True
How does reflection work in Java Developer?,how-does-reflection-work-in-java-developer,Java Developer,Core Java,0-1 Years,Medium,Technical,Interview preparation question about reflection.,"Explain reflection clearly, its purpose, how it works, and where it is used. Include a practical example relevant to the role.","A strong answer should define reflection, explain its practical purpose, describe an example, and mention important limitations or trade-offs where relevant.",Definition; purpose; practical usage; example; important considerations,Giving only a memorized definition; confusing related concepts; omitting a practical example.,What are the advantages and limitations of reflection?;Can you give a practical example of reflection?,"java developer,core java,reflection",reflection Interview Questions and Answers | InterviewPrep,Practice reflection interview questions and answers for Java Developer candidates.,True
What are the common mistakes candidates make when explaining reflection?,what-are-the-common-mistakes-candidates-make-when-explaining-reflection,Java Developer,Core Java,1-3 Years,Medium,Technical,Interview preparation question about reflection.,"Explain reflection clearly, its purpose, how it works, and where it is used. Include a practical example relevant to the role.","A strong answer should define reflection, explain its practical purpose, describe an example, and mention important limitations or trade-offs where relevant.",Definition; purpose; practical usage; example; important considerations,Giving only a memorized definition; confusing related concepts; omitting a practical example.,What are the advantages and limitations of reflection?;Can you give a practical example of reflection?,"java developer,core java,reflection",reflection Interview Questions and Answers | InterviewPrep,Practice reflection interview questions and answers for Java Developer candidates.,True
"What is design patterns, and why is it important in Java Developer?",what-is-design-patterns-and-why-is-it-important-in-java-developer,Java Developer,Core Java,Fresher,Easy,Technical,Interview preparation question about design patterns.,"Explain design patterns clearly, its purpose, how it works, and where it is used. Include a practical example relevant to the role.","A strong answer should define design patterns, explain its practical purpose, describe an example, and mention important limitations or trade-offs where relevant.",Definition; purpose; practical usage; example; important considerations,Giving only a memorized definition; confusing related concepts; omitting a practical example.,What are the advantages and limitations of design patterns?;Can you give a practical example of design patterns?,"java developer,core java,design patterns",design patterns Interview Questions and Answers | InterviewPrep,Practice design patterns interview questions and answers for Java Developer candidates.,True
How does design patterns work in Java Developer?,how-does-design-patterns-work-in-java-developer,Java Developer,Core Java,0-1 Years,Medium,Technical,Interview preparation question about design patterns.,"Explain design patterns clearly, its purpose, how it works, and where it is used. Include a practical example relevant to the role.","A strong answer should define design patterns, explain its practical purpose, describe an example, and mention important limitations or trade-offs where relevant.",Definition; purpose; practical usage; example; important considerations,Giving only a memorized definition; confusing related concepts; omitting a practical example.,What are the advantages and limitations of design patterns?;Can you give a practical example of design patterns?,"java developer,core java,design patterns",design patterns Interview Questions and Answers | InterviewPrep,Practice design patterns interview questions and answers for Java Developer candidates.,True
What are the common mistakes candidates make when explaining design patterns?,what-are-the-common-mistakes-candidates-make-when-explaining-design-patterns,Java Developer,Core Java,1-3 Years,Medium,Technical,Interview preparation question about design patterns.,"Explain design patterns clearly, its purpose, how it works, and where it is used. Include a practical example relevant to the role.","A strong answer should define design patterns, explain its practical purpose, describe an example, and mention important limitations or trade-offs where relevant.",Definition; purpose; practical usage; example; important considerations,Giving only a memorized definition; confusing related concepts; omitting a practical example.,What are the advantages and limitations of design patterns?;Can you give a practical example of design patterns?,"java developer,core java,design patterns",design patterns Interview Questions and Answers | InterviewPrep,Practice design patterns interview questions and answers for Java Developer candidates.,True
"What is Python interpreter, and why is it important in Python Developer?",what-is-python-interpreter-and-why-is-it-important-in-python-developer,Python Developer,Core Python,Fresher,Easy,Technical,Interview preparation question about Python interpreter.,"Explain Python interpreter clearly, its purpose, how it works, and where it is used. Include a practical example relevant to the role.","A strong answer should define Python interpreter, explain its practical purpose, describe an example, and mention important limitations or trade-offs where relevant.",Definition; purpose; practical usage; example; important considerations,Giving only a memorized definition; confusing related concepts; omitting a practical example.,What are the advantages and limitations of Python interpreter?;Can you give a practical example of Python interpreter?,"python developer,core python,python interpreter",Python interpreter Interview Questions and Answers | InterviewPrep,Practice Python interpreter interview questions and answers for Python Developer candidates.,True
How does Python interpreter work in Python Developer?,how-does-python-interpreter-work-in-python-developer,Python Developer,Core Python,0-1 Years,Medium,Technical,Interview preparation question about Python interpreter.,"Explain Python interpreter clearly, its purpose, how it works, and where it is used. Include a practical example relevant to the role.","A strong answer should define Python interpreter, explain its practical purpose, describe an example, and mention important limitations or trade-offs where relevant.",Definition; purpose; practical usage; example; important considerations,Giving only a memorized definition; confusing related concepts; omitting a practical example.,What are the advantages and limitations of Python interpreter?;Can you give a practical example of Python interpreter?,"python developer,core python,python interpreter",Python interpreter Interview Questions and Answers | InterviewPrep,Practice Python interpreter interview questions and answers for Python Developer candidates.,True
What are the common mistakes candidates make when explaining Python interpreter?,what-are-the-common-mistakes-candidates-make-when-explaining-python-interpreter,Python Developer,Core Python,1-3 Years,Medium,Technical,Interview preparation question about Python interpreter.,"Explain Python interpreter clearly, its purpose, how it works, and where it is used. Include a practical example relevant to the role.","A strong answer should define Python interpreter, explain its practical purpose, describe an example, and mention important limitations or trade-offs where relevant.",Definition; purpose; practical usage; example; important considerations,Giving only a memorized definition; confusing related concepts; omitting a practical example.,What are the advantages and limitations of Python interpreter?;Can you give a practical example of Python interpreter?,"python developer,core python,python interpreter",Python interpreter Interview Questions and Answers | InterviewPrep,Practice Python interpreter interview questions and answers for Python Developer candidates.,True
"What is dynamic typing, and why is it important in Python Developer?",what-is-dynamic-typing-and-why-is-it-important-in-python-developer,Python Developer,Core Python,Fresher,Easy,Technical,Interview preparation question about dynamic typing.,"Explain dynamic typing clearly, its purpose, how it works, and where it is used. Include a practical example relevant to the role.","A strong answer should define dynamic typing, explain its practical purpose, describe an example, and mention important limitations or trade-offs where relevant.",Definition; purpose; practical usage; example; important considerations,Giving only a memorized definition; confusing related concepts; omitting a practical example.,What are the advantages and limitations of dynamic typing?;Can you give a practical example of dynamic typing?,"python developer,core python,dynamic typing",dynamic typing Interview Questions and Answers | InterviewPrep,Practice dynamic typing interview questions and answers for Python Developer candidates.,True
How does dynamic typing work in Python Developer?,how-does-dynamic-typing-work-in-python-developer,Python Developer,Core Python,0-1 Years,Medium,Technical,Interview preparation question about dynamic typing.,"Explain dynamic typing clearly, its purpose, how it works, and where it is used. Include a practical example relevant to the role.","A strong answer should define dynamic typing, explain its practical purpose, describe an example, and mention important limitations or trade-offs where relevant.",Definition; purpose; practical usage; example; important considerations,Giving only a memorized definition; confusing related concepts; omitting a practical example.,What are the advantages and limitations of dynamic typing?;Can you give a practical example of dynamic typing?,"python developer,core python,dynamic typing",dynamic typing Interview Questions and Answers | InterviewPrep,Practice dynamic typing interview questions and answers for Python Developer candidates.,True
What are the common mistakes candidates make when explaining dynamic typing?,what-are-the-common-mistakes-candidates-make-when-explaining-dynamic-typing,Python Developer,Core Python,1-3 Years,Medium,Technical,Interview preparation question about dynamic typing.,"Explain dynamic typing clearly, its purpose, how it works, and where it is used. Include a practical example relevant to the role.","A strong answer should define dynamic typing, explain its practical purpose, describe an example, and mention important limitations or trade-offs where relevant.",Definition; purpose; practical usage; example; important considerations,Giving only a memorized definition; confusing related concepts; omitting a practical example.,What are the advantages and limitations of dynamic typing?;Can you give a practical example of dynamic typing?,"python developer,core python,dynamic typing",dynamic typing Interview Questions and Answers | InterviewPrep,Practice dynamic typing interview questions and answers for Python Developer candidates.,True
"What is mutable and immutable objects, and why is it important in Python Developer?",what-is-mutable-and-immutable-objects-and-why-is-it-important-in-python-developer,Python Developer,Core Python,Fresher,Easy,Technical,Interview preparation question about mutable and immutable objects.,"Explain mutable and immutable objects clearly, its purpose, how it works, and where it is used. Include a practical example relevant to the role.","A strong answer should define mutable and immutable objects, explain its practical purpose, describe an example, and mention important limitations or trade-offs where relevant.",Definition; purpose; practical usage; example; important considerations,Giving only a memorized definition; confusing related concepts; omitting a practical example.,What are the advantages and limitations of mutable and immutable objects?;Can you give a practical example of mutable and immutable objects?,"python developer,core python,mutable and immutable objects",mutable and immutable objects Interview Questions and Answers | InterviewPrep,Practice mutable and immutable objects interview questions and answers for Python Developer candidates.,True
How does mutable and immutable objects work in Python Developer?,how-does-mutable-and-immutable-objects-work-in-python-developer,Python Developer,Core Python,0-1 Years,Medium,Technical,Interview preparation question about mutable and immutable objects.,"Explain mutable and immutable objects clearly, its purpose, how it works, and where it is used. Include a practical example relevant to the role.","A strong answer should define mutable and immutable objects, explain its practical purpose, describe an example, and mention important limitations or trade-offs where relevant.",Definition; purpose; practical usage; example; important considerations,Giving only a memorized definition; confusing related concepts; omitting a practical example.,What are the advantages and limitations of mutable and immutable objects?;Can you give a practical example of mutable and immutable objects?,"python developer,core python,mutable and immutable objects",mutable and immutable objects Interview Questions and Answers | InterviewPrep,Practice mutable and immutable objects interview questions and answers for Python Developer candidates.,True
What are the common mistakes candidates make when explaining mutable and immutable objects?,what-are-the-common-mistakes-candidates-make-when-explaining-mutable-and-immutable-objects,Python Developer,Core Python,1-3 Years,Medium,Technical,Interview preparation question about mutable and immutable objects.,"Explain mutable and immutable objects clearly, its purpose, how it works, and where it is used. Include a practical example relevant to the role.","A strong answer should define mutable and immutable objects, explain its practical purpose, describe an example, and mention important limitations or trade-offs where relevant.",Definition; purpose; practical usage; example; important considerations,Giving only a memorized definition; confusing related concepts; omitting a practical example.,What are the advantages and limitations of mutable and immutable objects?;Can you give a practical example of mutable and immutable objects?,"python developer,core python,mutable and immutable objects",mutable and immutable objects Interview Questions and Answers | InterviewPrep,Practice mutable and immutable objects interview questions and answers for Python Developer candidates.,True
"What is lists, and why is it important in Python Developer?",what-is-lists-and-why-is-it-important-in-python-developer,Python Developer,Core Python,Fresher,Easy,Technical,Interview preparation question about lists.,"Explain lists clearly, its purpose, how it works, and where it is used. Include a practical example relevant to the role.","A strong answer should define lists, explain its practical purpose, describe an example, and mention important limitations or trade-offs where relevant.",Definition; purpose; practical usage; example; important considerations,Giving only a memorized definition; confusing related concepts; omitting a practical example.,What are the advantages and limitations of lists?;Can you give a practical example of lists?,"python developer,core python,lists",lists Interview Questions and Answers | InterviewPrep,Practice lists interview questions and answers for Python Developer candidates.,True
How does lists work in Python Developer?,how-does-lists-work-in-python-developer,Python Developer,Core Python,0-1 Years,Medium,Technical,Interview preparation question about lists.,"Explain lists clearly, its purpose, how it works, and where it is used. Include a practical example relevant to the role.","A strong answer should define lists, explain its practical purpose, describe an example, and mention important limitations or trade-offs where relevant.",Definition; purpose; practical usage; example; important considerations,Giving only a memorized definition; confusing related concepts; omitting a practical example.,What are the advantages and limitations of lists?;Can you give a practical example of lists?,"python developer,core python,lists",lists Interview Questions and Answers | InterviewPrep,Practice lists interview questions and answers for Python Developer candidates.,True
What are the common mistakes candidates make when explaining lists?,what-are-the-common-mistakes-candidates-make-when-explaining-lists,Python Developer,Core Python,1-3 Years,Medium,Technical,Interview preparation question about lists.,"Explain lists clearly, its purpose, how it works, and where it is used. Include a practical example relevant to the role.","A strong answer should define lists, explain its practical purpose, describe an example, and mention important limitations or trade-offs where relevant.",Definition; purpose; practical usage; example; important considerations,Giving only a memorized definition; confusing related concepts; omitting a practical example.,What are the advantages and limitations of lists?;Can you give a practical example of lists?,"python developer,core python,lists",lists Interview Questions and Answers | InterviewPrep,Practice lists interview questions and answers for Python Developer candidates.,True
"What is tuples, and why is it important in Python Developer?",what-is-tuples-and-why-is-it-important-in-python-developer,Python Developer,Core Python,Fresher,Easy,Technical,Interview preparation question about tuples.,"Explain tuples clearly, its purpose, how it works, and where it is used. Include a practical example relevant to the role.","A strong answer should define tuples, explain its practical purpose, describe an example, and mention important limitations or trade-offs where relevant.",Definition; purpose; practical usage; example; important considerations,Giving only a memorized definition; confusing related concepts; omitting a practical example.,What are the advantages and limitations of tuples?;Can you give a practical example of tuples?,"python developer,core python,tuples",tuples Interview Questions and Answers | InterviewPrep,Practice tuples interview questions and answers for Python Developer candidates.,True
How does tuples work in Python Developer?,how-does-tuples-work-in-python-developer,Python Developer,Core Python,0-1 Years,Medium,Technical,Interview preparation question about tuples.,"Explain tuples clearly, its purpose, how it works, and where it is used. Include a practical example relevant to the role.","A strong answer should define tuples, explain its practical purpose, describe an example, and mention important limitations or trade-offs where relevant.",Definition; purpose; practical usage; example; important considerations,Giving only a memorized definition; confusing related concepts; omitting a practical example.,What are the advantages and limitations of tuples?;Can you give a practical example of tuples?,"python developer,core python,tuples",tuples Interview Questions and Answers | InterviewPrep,Practice tuples interview questions and answers for Python Developer candidates.,True
What are the common mistakes candidates make when explaining tuples?,what-are-the-common-mistakes-candidates-make-when-explaining-tuples,Python Developer,Core Python,1-3 Years,Medium,Technical,Interview preparation question about tuples.,"Explain tuples clearly, its purpose, how it works, and where it is used. Include a practical example relevant to the role.","A strong answer should define tuples, explain its practical purpose, describe an example, and mention important limitations or trade-offs where relevant.",Definition; purpose; practical usage; example; important considerations,Giving only a memorized definition; confusing related concepts; omitting a practical example.,What are the advantages and limitations of tuples?;Can you give a practical example of tuples?,"python developer,core python,tuples",tuples Interview Questions and Answers | InterviewPrep,Practice tuples interview questions and answers for Python Developer candidates.,True
"What is sets, and why is it important in Python Developer?",what-is-sets-and-why-is-it-important-in-python-developer,Python Developer,Core Python,Fresher,Easy,Technical,Interview preparation question about sets.,"Explain sets clearly, its purpose, how it works, and where it is used. Include a practical example relevant to the role.","A strong answer should define sets, explain its practical purpose, describe an example, and mention important limitations or trade-offs where relevant.",Definition; purpose; practical usage; example; important considerations,Giving only a memorized definition; confusing related concepts; omitting a practical example.,What are the advantages and limitations of sets?;Can you give a practical example of sets?,"python developer,core python,sets",sets Interview Questions and Answers | InterviewPrep,Practice sets interview questions and answers for Python Developer candidates.,True
How does sets work in Python Developer?,how-does-sets-work-in-python-developer,Python Developer,Core Python,0-1 Years,Medium,Technical,Interview preparation question about sets.,"Explain sets clearly, its purpose, how it works, and where it is used. Include a practical example relevant to the role.","A strong answer should define sets, explain its practical purpose, describe an example, and mention important limitations or trade-offs where relevant.",Definition; purpose; practical usage; example; important considerations,Giving only a memorized definition; confusing related concepts; omitting a practical example.,What are the advantages and limitations of sets?;Can you give a practical example of sets?,"python developer,core python,sets",sets Interview Questions and Answers | InterviewPrep,Practice sets interview questions and answers for Python Developer candidates.,True
What are the common mistakes candidates make when explaining sets?,what-are-the-common-mistakes-candidates-make-when-explaining-sets,Python Developer,Core Python,1-3 Years,Medium,Technical,Interview preparation question about sets.,"Explain sets clearly, its purpose, how it works, and where it is used. Include a practical example relevant to the role.","A strong answer should define sets, explain its practical purpose, describe an example, and mention important limitations or trade-offs where relevant.",Definition; purpose; practical usage; example; important considerations,Giving only a memorized definition; confusing related concepts; omitting a practical example.,What are the advantages and limitations of sets?;Can you give a practical example of sets?,"python developer,core python,sets",sets Interview Questions and Answers | InterviewPrep,Practice sets interview questions and answers for Python Developer candidates.,True
"What is dictionaries, and why is it important in Python Developer?",what-is-dictionaries-and-why-is-it-important-in-python-developer,Python Developer,Core Python,Fresher,Easy,Technical,Interview preparation question about dictionaries.,"Explain dictionaries clearly, its purpose, how it works, and where it is used. Include a practical example relevant to the role.","A strong answer should define dictionaries, explain its practical purpose, describe an example, and mention important limitations or trade-offs where relevant.",Definition; purpose; practical usage; example; important considerations,Giving only a memorized definition; confusing related concepts; omitting a practical example.,What are the advantages and limitations of dictionaries?;Can you give a practical example of dictionaries?,"python developer,core python,dictionaries",dictionaries Interview Questions and Answers | InterviewPrep,Practice dictionaries interview questions and answers for Python Developer candidates.,True
How does dictionaries work in Python Developer?,how-does-dictionaries-work-in-python-developer,Python Developer,Core Python,0-1 Years,Medium,Technical,Interview preparation question about dictionaries.,"Explain dictionaries clearly, its purpose, how it works, and where it is used. Include a practical example relevant to the role.","A strong answer should define dictionaries, explain its practical purpose, describe an example, and mention important limitations or trade-offs where relevant.",Definition; purpose; practical usage; example; important considerations,Giving only a memorized definition; confusing related concepts; omitting a practical example.,What are the advantages and limitations of dictionaries?;Can you give a practical example of dictionaries?,"python developer,core python,dictionaries",dictionaries Interview Questions and Answers | InterviewPrep,Practice dictionaries interview questions and answers for Python Developer candidates.,True
What are the common mistakes candidates make when explaining dictionaries?,what-are-the-common-mistakes-candidates-make-when-explaining-dictionaries,Python Developer,Core Python,1-3 Years,Medium,Technical,Interview preparation question about dictionaries.,"Explain dictionaries clearly, its purpose, how it works, and where it is used. Include a practical example relevant to the role.","A strong answer should define dictionaries, explain its practical purpose, describe an example, and mention important limitations or trade-offs where relevant.",Definition; purpose; practical usage; example; important considerations,Giving only a memorized definition; confusing related concepts; omitting a practical example.,What are the advantages and limitations of dictionaries?;Can you give a practical example of dictionaries?,"python developer,core python,dictionaries",dictionaries Interview Questions and Answers | InterviewPrep,Practice dictionaries interview questions and answers for Python Developer candidates.,True
"What is list comprehensions, and why is it important in Python Developer?",what-is-list-comprehensions-and-why-is-it-important-in-python-developer,Python Developer,Core Python,Fresher,Easy,Technical,Interview preparation question about list comprehensions.,"Explain list comprehensions clearly, its purpose, how it works, and where it is used. Include a practical example relevant to the role.","A strong answer should define list comprehensions, explain its practical purpose, describe an example, and mention important limitations or trade-offs where relevant.",Definition; purpose; practical usage; example; important considerations,Giving only a memorized definition; confusing related concepts; omitting a practical example.,What are the advantages and limitations of list comprehensions?;Can you give a practical example of list comprehensions?,"python developer,core python,list comprehensions",list comprehensions Interview Questions and Answers | InterviewPrep,Practice list comprehensions interview questions and answers for Python Developer candidates.,True
How does list comprehensions work in Python Developer?,how-does-list-comprehensions-work-in-python-developer,Python Developer,Core Python,0-1 Years,Medium,Technical,Interview preparation question about list comprehensions.,"Explain list comprehensions clearly, its purpose, how it works, and where it is used. Include a practical example relevant to the role.","A strong answer should define list comprehensions, explain its practical purpose, describe an example, and mention important limitations or trade-offs where relevant.",Definition; purpose; practical usage; example; important considerations,Giving only a memorized definition; confusing related concepts; omitting a practical example.,What are the advantages and limitations of list comprehensions?;Can you give a practical example of list comprehensions?,"python developer,core python,list comprehensions",list comprehensions Interview Questions and Answers | InterviewPrep,Practice list comprehensions interview questions and answers for Python Developer candidates.,True
What are the common mistakes candidates make when explaining list comprehensions?,what-are-the-common-mistakes-candidates-make-when-explaining-list-comprehensions,Python Developer,Core Python,1-3 Years,Medium,Technical,Interview preparation question about list comprehensions.,"Explain list comprehensions clearly, its purpose, how it works, and where it is used. Include a practical example relevant to the role.","A strong answer should define list comprehensions, explain its practical purpose, describe an example, and mention important limitations or trade-offs where relevant.",Definition; purpose; practical usage; example; important considerations,Giving only a memorized definition; confusing related concepts; omitting a practical example.,What are the advantages and limitations of list comprehensions?;Can you give a practical example of list comprehensions?,"python developer,core python,list comprehensions",list comprehensions Interview Questions and Answers | InterviewPrep,Practice list comprehensions interview questions and answers for Python Developer candidates.,True
"What is generators, and why is it important in Python Developer?",what-is-generators-and-why-is-it-important-in-python-developer,Python Developer,Core Python,Fresher,Easy,Technical,Interview preparation question about generators.,"Explain generators clearly, its purpose, how it works, and where it is used. Include a practical example relevant to the role.","A strong answer should define generators, explain its practical purpose, describe an example, and mention important limitations or trade-offs where relevant.",Definition; purpose; practical usage; example; important considerations,Giving only a memorized definition; confusing related concepts; omitting a practical example.,What are the advantages and limitations of generators?;Can you give a practical example of generators?,"python developer,core python,generators",generators Interview Questions and Answers | InterviewPrep,Practice generators interview questions and answers for Python Developer candidates.,True
How does generators work in Python Developer?,how-does-generators-work-in-python-developer,Python Developer,Core Python,0-1 Years,Medium,Technical,Interview preparation question about generators.,"Explain generators clearly, its purpose, how it works, and where it is used. Include a practical example relevant to the role.","A strong answer should define generators, explain its practical purpose, describe an example, and mention important limitations or trade-offs where relevant.",Definition; purpose; practical usage; example; important considerations,Giving only a memorized definition; confusing related concepts; omitting a practical example.,What are the advantages and limitations of generators?;Can you give a practical example of generators?,"python developer,core python,generators",generators Interview Questions and Answers | InterviewPrep,Practice generators interview questions and answers for Python Developer candidates.,True
What are the common mistakes candidates make when explaining generators?,what-are-the-common-mistakes-candidates-make-when-explaining-generators,Python Developer,Core Python,1-3 Years,Medium,Technical,Interview preparation question about generators.,"Explain generators clearly, its purpose, how it works, and where it is used. Include a practical example relevant to the role.","A strong answer should define generators, explain its practical purpose, describe an example, and mention important limitations or trade-offs where relevant.",Definition; purpose; practical usage; example; important considerations,Giving only a memorized definition; confusing related concepts; omitting a practical example.,What are the advantages and limitations of generators?;Can you give a practical example of generators?,"python developer,core python,generators",generators Interview Questions and Answers | InterviewPrep,Practice generators interview questions and answers for Python Developer candidates.,True
"What is iterators, and why is it important in Python Developer?",what-is-iterators-and-why-is-it-important-in-python-developer,Python Developer,Core Python,Fresher,Easy,Technical,Interview preparation question about iterators.,"Explain iterators clearly, its purpose, how it works, and where it is used. Include a practical example relevant to the role.","A strong answer should define iterators, explain its practical purpose, describe an example, and mention important limitations or trade-offs where relevant.",Definition; purpose; practical usage; example; important considerations,Giving only a memorized definition; confusing related concepts; omitting a practical example.,What are the advantages and limitations of iterators?;Can you give a practical example of iterators?,"python developer,core python,iterators",iterators Interview Questions and Answers | InterviewPrep,Practice iterators interview questions and answers for Python Developer candidates.,True
How does iterators work in Python Developer?,how-does-iterators-work-in-python-developer,Python Developer,Core Python,0-1 Years,Medium,Technical,Interview preparation question about iterators.,"Explain iterators clearly, its purpose, how it works, and where it is used. Include a practical example relevant to the role.","A strong answer should define iterators, explain its practical purpose, describe an example, and mention important limitations or trade-offs where relevant.",Definition; purpose; practical usage; example; important considerations,Giving only a memorized definition; confusing related concepts; omitting a practical example.,What are the advantages and limitations of iterators?;Can you give a practical example of iterators?,"python developer,core python,iterators",iterators Interview Questions and Answers | InterviewPrep,Practice iterators interview questions and answers for Python Developer candidates.,True
What are the common mistakes candidates make when explaining iterators?,what-are-the-common-mistakes-candidates-make-when-explaining-iterators,Python Developer,Core Python,1-3 Years,Medium,Technical,Interview preparation question about iterators.,"Explain iterators clearly, its purpose, how it works, and where it is used. Include a practical example relevant to the role.","A strong answer should define iterators, explain its practical purpose, describe an example, and mention important limitations or trade-offs where relevant.",Definition; purpose; practical usage; example; important considerations,Giving only a memorized definition; confusing related concepts; omitting a practical example.,What are the advantages and limitations of iterators?;Can you give a practical example of iterators?,"python developer,core python,iterators",iterators Interview Questions and Answers | InterviewPrep,Practice iterators interview questions and answers for Python Developer candidates.,True
"What is decorators, and why is it important in Python Developer?",what-is-decorators-and-why-is-it-important-in-python-developer,Python Developer,Core Python,Fresher,Easy,Technical,Interview preparation question about decorators.,"Explain decorators clearly, its purpose, how it works, and where it is used. Include a practical example relevant to the role.","A strong answer should define decorators, explain its practical purpose, describe an example, and mention important limitations or trade-offs where relevant.",Definition; purpose; practical usage; example; important considerations,Giving only a memorized definition; confusing related concepts; omitting a practical example.,What are the advantages and limitations of decorators?;Can you give a practical example of decorators?,"python developer,core python,decorators",decorators Interview Questions and Answers | InterviewPrep,Practice decorators interview questions and answers for Python Developer candidates.,True
How does decorators work in Python Developer?,how-does-decorators-work-in-python-developer,Python Developer,Core Python,0-1 Years,Medium,Technical,Interview preparation question about decorators.,"Explain decorators clearly, its purpose, how it works, and where it is used. Include a practical example relevant to the role.","A strong answer should define decorators, explain its practical purpose, describe an example, and mention important limitations or trade-offs where relevant.",Definition; purpose; practical usage; example; important considerations,Giving only a memorized definition; confusing related concepts; omitting a practical example.,What are the advantages and limitations of decorators?;Can you give a practical example of decorators?,"python developer,core python,decorators",decorators Interview Questions and Answers | InterviewPrep,Practice decorators interview questions and answers for Python Developer candidates.,True
What are the common mistakes candidates make when explaining decorators?,what-are-the-common-mistakes-candidates-make-when-explaining-decorators,Python Developer,Core Python,1-3 Years,Medium,Technical,Interview preparation question about decorators.,"Explain decorators clearly, its purpose, how it works, and where it is used. Include a practical example relevant to the role.","A strong answer should define decorators, explain its practical purpose, describe an example, and mention important limitations or trade-offs where relevant.",Definition; purpose; practical usage; example; important considerations,Giving only a memorized definition; confusing related concepts; omitting a practical example.,What are the advantages and limitations of decorators?;Can you give a practical example of decorators?,"python developer,core python,decorators",decorators Interview Questions and Answers | InterviewPrep,Practice decorators interview questions and answers for Python Developer candidates.,True
"What is context managers, and why is it important in Python Developer?",what-is-context-managers-and-why-is-it-important-in-python-developer,Python Developer,Core Python,Fresher,Easy,Technical,Interview preparation question about context managers.,"Explain context managers clearly, its purpose, how it works, and where it is used. Include a practical example relevant to the role.","A strong answer should define context managers, explain its practical purpose, describe an example, and mention important limitations or trade-offs where relevant.",Definition; purpose; practical usage; example; important considerations,Giving only a memorized definition; confusing related concepts; omitting a practical example.,What are the advantages and limitations of context managers?;Can you give a practical example of context managers?,"python developer,core python,context managers",context managers Interview Questions and Answers | InterviewPrep,Practice context managers interview questions and answers for Python Developer candidates.,True
How does context managers work in Python Developer?,how-does-context-managers-work-in-python-developer,Python Developer,Core Python,0-1 Years,Medium,Technical,Interview preparation question about context managers.,"Explain context managers clearly, its purpose, how it works, and where it is used. Include a practical example relevant to the role.","A strong answer should define context managers, explain its practical purpose, describe an example, and mention important limitations or trade-offs where relevant.",Definition; purpose; practical usage; example; important considerations,Giving only a memorized definition; confusing related concepts; omitting a practical example.,What are the advantages and limitations of context managers?;Can you give a practical example of context managers?,"python developer,core python,context managers",context managers Interview Questions and Answers | InterviewPrep,Practice context managers interview questions and answers for Python Developer candidates.,True
What are the common mistakes candidates make when explaining context managers?,what-are-the-common-mistakes-candidates-make-when-explaining-context-managers,Python Developer,Core Python,1-3 Years,Medium,Technical,Interview preparation question about context managers.,"Explain context managers clearly, its purpose, how it works, and where it is used. Include a practical example relevant to the role.","A strong answer should define context managers, explain its practical purpose, describe an example, and mention important limitations or trade-offs where relevant.",Definition; purpose; practical usage; example; important considerations,Giving only a memorized definition; confusing related concepts; omitting a practical example.,What are the advantages and limitations of context managers?;Can you give a practical example of context managers?,"python developer,core python,context managers",context managers Interview Questions and Answers | InterviewPrep,Practice context managers interview questions and answers for Python Developer candidates.,True
"What is lambda functions, and why is it important in Python Developer?",what-is-lambda-functions-and-why-is-it-important-in-python-developer,Python Developer,Core Python,Fresher,Easy,Technical,Interview preparation question about lambda functions.,"Explain lambda functions clearly, its purpose, how it works, and where it is used. Include a practical example relevant to the role.","A strong answer should define lambda functions, explain its practical purpose, describe an example, and mention important limitations or trade-offs where relevant.",Definition; purpose; practical usage; example; important considerations,Giving only a memorized definition; confusing related concepts; omitting a practical example.,What are the advantages and limitations of lambda functions?;Can you give a practical example of lambda functions?,"python developer,core python,lambda functions",lambda functions Interview Questions and Answers | InterviewPrep,Practice lambda functions interview questions and answers for Python Developer candidates.,True
How does lambda functions work in Python Developer?,how-does-lambda-functions-work-in-python-developer,Python Developer,Core Python,0-1 Years,Medium,Technical,Interview preparation question about lambda functions.,"Explain lambda functions clearly, its purpose, how it works, and where it is used. Include a practical example relevant to the role.","A strong answer should define lambda functions, explain its practical purpose, describe an example, and mention important limitations or trade-offs where relevant.",Definition; purpose; practical usage; example; important considerations,Giving only a memorized definition; confusing related concepts; omitting a practical example.,What are the advantages and limitations of lambda functions?;Can you give a practical example of lambda functions?,"python developer,core python,lambda functions",lambda functions Interview Questions and Answers | InterviewPrep,Practice lambda functions interview questions and answers for Python Developer candidates.,True
What are the common mistakes candidates make when explaining lambda functions?,what-are-the-common-mistakes-candidates-make-when-explaining-lambda-functions,Python Developer,Core Python,1-3 Years,Medium,Technical,Interview preparation question about lambda functions.,"Explain lambda functions clearly, its purpose, how it works, and where it is used. Include a practical example relevant to the role.","A strong answer should define lambda functions, explain its practical purpose, describe an example, and mention important limitations or trade-offs where relevant.",Definition; purpose; practical usage; example; important considerations,Giving only a memorized definition; confusing related concepts; omitting a practical example.,What are the advantages and limitations of lambda functions?;Can you give a practical example of lambda functions?,"python developer,core python,lambda functions",lambda functions Interview Questions and Answers | InterviewPrep,Practice lambda functions interview questions and answers for Python Developer candidates.,True
"What is args and kwargs, and why is it important in Python Developer?",what-is-args-and-kwargs-and-why-is-it-important-in-python-developer,Python Developer,Core Python,Fresher,Easy,Technical,Interview preparation question about args and kwargs.,"Explain args and kwargs clearly, its purpose, how it works, and where it is used. Include a practical example relevant to the role.","A strong answer should define args and kwargs, explain its practical purpose, describe an example, and mention important limitations or trade-offs where relevant.",Definition; purpose; practical usage; example; important considerations,Giving only a memorized definition; confusing related concepts; omitting a practical example.,What are the advantages and limitations of args and kwargs?;Can you give a practical example of args and kwargs?,"python developer,core python,args and kwargs",args and kwargs Interview Questions and Answers | InterviewPrep,Practice args and kwargs interview questions and answers for Python Developer candidates.,True
How does args and kwargs work in Python Developer?,how-does-args-and-kwargs-work-in-python-developer,Python Developer,Core Python,0-1 Years,Medium,Technical,Interview preparation question about args and kwargs.,"Explain args and kwargs clearly, its purpose, how it works, and where it is used. Include a practical example relevant to the role.","A strong answer should define args and kwargs, explain its practical purpose, describe an example, and mention important limitations or trade-offs where relevant.",Definition; purpose; practical usage; example; important considerations,Giving only a memorized definition; confusing related concepts; omitting a practical example.,What are the advantages and limitations of args and kwargs?;Can you give a practical example of args and kwargs?,"python developer,core python,args and kwargs",args and kwargs Interview Questions and Answers | InterviewPrep,Practice args and kwargs interview questions and answers for Python Developer candidates.,True
What are the common mistakes candidates make when explaining args and kwargs?,what-are-the-common-mistakes-candidates-make-when-explaining-args-and-kwargs,Python Developer,Core Python,1-3 Years,Medium,Technical,Interview preparation question about args and kwargs.,"Explain args and kwargs clearly, its purpose, how it works, and where it is used. Include a practical example relevant to the role.","A strong answer should define args and kwargs, explain its practical purpose, describe an example, and mention important limitations or trade-offs where relevant.",Definition; purpose; practical usage; example; important considerations,Giving only a memorized definition; confusing related concepts; omitting a practical example.,What are the advantages and limitations of args and kwargs?;Can you give a practical example of args and kwargs?,"python developer,core python,args and kwargs",args and kwargs Interview Questions and Answers | InterviewPrep,Practice args and kwargs interview questions and answers for Python Developer candidates.,True
"What is exception handling, and why is it important in Python Developer?",what-is-exception-handling-and-why-is-it-important-in-python-developer,Python Developer,Core Python,Fresher,Easy,Technical,Interview preparation question about exception handling.,"Explain exception handling clearly, its purpose, how it works, and where it is used. Include a practical example relevant to the role.","A strong answer should define exception handling, explain its practical purpose, describe an example, and mention important limitations or trade-offs where relevant.",Definition; purpose; practical usage; example; important considerations,Giving only a memorized definition; confusing related concepts; omitting a practical example.,What are the advantages and limitations of exception handling?;Can you give a practical example of exception handling?,"python developer,core python,exception handling",exception handling Interview Questions and Answers | InterviewPrep,Practice exception handling interview questions and answers for Python Developer candidates.,True
How does exception handling work in Python Developer?,how-does-exception-handling-work-in-python-developer,Python Developer,Core Python,0-1 Years,Medium,Technical,Interview preparation question about exception handling.,"Explain exception handling clearly, its purpose, how it works, and where it is used. Include a practical example relevant to the role.","A strong answer should define exception handling, explain its practical purpose, describe an example, and mention important limitations or trade-offs where relevant.",Definition; purpose; practical usage; example; important considerations,Giving only a memorized definition; confusing related concepts; omitting a practical example.,What are the advantages and limitations of exception handling?;Can you give a practical example of exception handling?,"python developer,core python,exception handling",exception handling Interview Questions and Answers | InterviewPrep,Practice exception handling interview questions and answers for Python Developer candidates.,True
What are the common mistakes candidates make when explaining exception handling?,what-are-the-common-mistakes-candidates-make-when-explaining-exception-handling,Python Developer,Core Python,1-3 Years,Medium,Technical,Interview preparation question about exception handling.,"Explain exception handling clearly, its purpose, how it works, and where it is used. Include a practical example relevant to the role.","A strong answer should define exception handling, explain its practical purpose, describe an example, and mention important limitations or trade-offs where relevant.",Definition; purpose; practical usage; example; important considerations,Giving only a memorized definition; confusing related concepts; omitting a practical example.,What are the advantages and limitations of exception handling?;Can you give a practical example of exception handling?,"python developer,core python,exception handling",exception handling Interview Questions and Answers | InterviewPrep,Practice exception handling interview questions and answers for Python Developer candidates.,True
"What is modules and packages, and why is it important in Python Developer?",what-is-modules-and-packages-and-why-is-it-important-in-python-developer,Python Developer,Core Python,Fresher,Easy,Technical,Interview preparation question about modules and packages.,"Explain modules and packages clearly, its purpose, how it works, and where it is used. Include a practical example relevant to the role.","A strong answer should define modules and packages, explain its practical purpose, describe an example, and mention important limitations or trade-offs where relevant.",Definition; purpose; practical usage; example; important considerations,Giving only a memorized definition; confusing related concepts; omitting a practical example.,What are the advantages and limitations of modules and packages?;Can you give a practical example of modules and packages?,"python developer,core python,modules and packages",modules and packages Interview Questions and Answers | InterviewPrep,Practice modules and packages interview questions and answers for Python Developer candidates.,True
How does modules and packages work in Python Developer?,how-does-modules-and-packages-work-in-python-developer,Python Developer,Core Python,0-1 Years,Medium,Technical,Interview preparation question about modules and packages.,"Explain modules and packages clearly, its purpose, how it works, and where it is used. Include a practical example relevant to the role.","A strong answer should define modules and packages, explain its practical purpose, describe an example, and mention important limitations or trade-offs where relevant.",Definition; purpose; practical usage; example; important considerations,Giving only a memorized definition; confusing related concepts; omitting a practical example.,What are the advantages and limitations of modules and packages?;Can you give a practical example of modules and packages?,"python developer,core python,modules and packages",modules and packages Interview Questions and Answers | InterviewPrep,Practice modules and packages interview questions and answers for Python Developer candidates.,True
What are the common mistakes candidates make when explaining modules and packages?,what-are-the-common-mistakes-candidates-make-when-explaining-modules-and-packages,Python Developer,Core Python,1-3 Years,Medium,Technical,Interview preparation question about modules and packages.,"Explain modules and packages clearly, its purpose, how it works, and where it is used. Include a practical example relevant to the role.","A strong answer should define modules and packages, explain its practical purpose, describe an example, and mention important limitations or trade-offs where relevant.",Definition; purpose; practical usage; example; important considerations,Giving only a memorized definition; confusing related concepts; omitting a practical example.,What are the advantages and limitations of modules and packages?;Can you give a practical example of modules and packages?,"python developer,core python,modules and packages",modules and packages Interview Questions and Answers | InterviewPrep,Practice modules and packages interview questions and answers for Python Developer candidates.,True
"What is virtual environments, and why is it important in Python Developer?",what-is-virtual-environments-and-why-is-it-important-in-python-developer,Python Developer,Core Python,Fresher,Easy,Technical,Interview preparation question about virtual environments.,"Explain virtual environments clearly, its purpose, how it works, and where it is used. Include a practical example relevant to the role.","A strong answer should define virtual environments, explain its practical purpose, describe an example, and mention important limitations or trade-offs where relevant.",Definition; purpose; practical usage; example; important considerations,Giving only a memorized definition; confusing related concepts; omitting a practical example.,What are the advantages and limitations of virtual environments?;Can you give a practical example of virtual environments?,"python developer,core python,virtual environments",virtual environments Interview Questions and Answers | InterviewPrep,Practice virtual environments interview questions and answers for Python Developer candidates.,True
How does virtual environments work in Python Developer?,how-does-virtual-environments-work-in-python-developer,Python Developer,Core Python,0-1 Years,Medium,Technical,Interview preparation question about virtual environments.,"Explain virtual environments clearly, its purpose, how it works, and where it is used. Include a practical example relevant to the role.","A strong answer should define virtual environments, explain its practical purpose, describe an example, and mention important limitations or trade-offs where relevant.",Definition; purpose; practical usage; example; important considerations,Giving only a memorized definition; confusing related concepts; omitting a practical example.,What are the advantages and limitations of virtual environments?;Can you give a practical example of virtual environments?,"python developer,core python,virtual environments",virtual environments Interview Questions and Answers | InterviewPrep,Practice virtual environments interview questions and answers for Python Developer candidates.,True
What are the common mistakes candidates make when explaining virtual environments?,what-are-the-common-mistakes-candidates-make-when-explaining-virtual-environments,Python Developer,Core Python,1-3 Years,Medium,Technical,Interview preparation question about virtual environments.,"Explain virtual environments clearly, its purpose, how it works, and where it is used. Include a practical example relevant to the role.","A strong answer should define virtual environments, explain its practical purpose, describe an example, and mention important limitations or trade-offs where relevant.",Definition; purpose; practical usage; example; important considerations,Giving only a memorized definition; confusing related concepts; omitting a practical example.,What are the advantages and limitations of virtual environments?;Can you give a practical example of virtual environments?,"python developer,core python,virtual environments",virtual environments Interview Questions and Answers | InterviewPrep,Practice virtual environments interview questions and answers for Python Developer candidates.,True
"What is pip, and why is it important in Python Developer?",what-is-pip-and-why-is-it-important-in-python-developer,Python Developer,Core Python,Fresher,Easy,Technical,Interview preparation question about pip.,"Explain pip clearly, its purpose, how it works, and where it is used. Include a practical example relevant to the role.","A strong answer should define pip, explain its practical purpose, describe an example, and mention important limitations or trade-offs where relevant.",Definition; purpose; practical usage; example; important considerations,Giving only a memorized definition; confusing related concepts; omitting a practical example.,What are the advantages and limitations of pip?;Can you give a practical example of pip?,"python developer,core python,pip",pip Interview Questions and Answers | InterviewPrep,Practice pip interview questions and answers for Python Developer candidates.,True
How does pip work in Python Developer?,how-does-pip-work-in-python-developer,Python Developer,Core Python,0-1 Years,Medium,Technical,Interview preparation question about pip.,"Explain pip clearly, its purpose, how it works, and where it is used. Include a practical example relevant to the role.","A strong answer should define pip, explain its practical purpose, describe an example, and mention important limitations or trade-offs where relevant.",Definition; purpose; practical usage; example; important considerations,Giving only a memorized definition; confusing related concepts; omitting a practical example.,What are the advantages and limitations of pip?;Can you give a practical example of pip?,"python developer,core python,pip",pip Interview Questions and Answers | InterviewPrep,Practice pip interview questions and answers for Python Developer candidates.,True
What are the common mistakes candidates make when explaining pip?,what-are-the-common-mistakes-candidates-make-when-explaining-pip,Python Developer,Core Python,1-3 Years,Medium,Technical,Interview preparation question about pip.,"Explain pip clearly, its purpose, how it works, and where it is used. Include a practical example relevant to the role.","A strong answer should define pip, explain its practical purpose, describe an example, and mention important limitations or trade-offs where relevant.",Definition; purpose; practical usage; example; important considerations,Giving only a memorized definition; confusing related concepts; omitting a practical example.,What are the advantages and limitations of pip?;Can you give a practical example of pip?,"python developer,core python,pip",pip Interview Questions and Answers | InterviewPrep,Practice pip interview questions and answers for Python Developer candidates.,True
"What is dataclasses, and why is it important in Python Developer?",what-is-dataclasses-and-why-is-it-important-in-python-developer,Python Developer,Core Python,Fresher,Easy,Technical,Interview preparation question about dataclasses.,"Explain dataclasses clearly, its purpose, how it works, and where it is used. Include a practical example relevant to the role.","A strong answer should define dataclasses, explain its practical purpose, describe an example, and mention important limitations or trade-offs where relevant.",Definition; purpose; practical usage; example; important considerations,Giving only a memorized definition; confusing related concepts; omitting a practical example.,What are the advantages and limitations of dataclasses?;Can you give a practical example of dataclasses?,"python developer,core python,dataclasses",dataclasses Interview Questions and Answers | InterviewPrep,Practice dataclasses interview questions and answers for Python Developer candidates.,True
How does dataclasses work in Python Developer?,how-does-dataclasses-work-in-python-developer,Python Developer,Core Python,0-1 Years,Medium,Technical,Interview preparation question about dataclasses.,"Explain dataclasses clearly, its purpose, how it works, and where it is used. Include a practical example relevant to the role.","A strong answer should define dataclasses, explain its practical purpose, describe an example, and mention important limitations or trade-offs where relevant.",Definition; purpose; practical usage; example; important considerations,Giving only a memorized definition; confusing related concepts; omitting a practical example.,What are the advantages and limitations of dataclasses?;Can you give a practical example of dataclasses?,"python developer,core python,dataclasses",dataclasses Interview Questions and Answers | InterviewPrep,Practice dataclasses interview questions and answers for Python Developer candidates.,True
What are the common mistakes candidates make when explaining dataclasses?,what-are-the-common-mistakes-candidates-make-when-explaining-dataclasses,Python Developer,Core Python,1-3 Years,Medium,Technical,Interview preparation question about dataclasses.,"Explain dataclasses clearly, its purpose, how it works, and where it is used. Include a practical example relevant to the role.","A strong answer should define dataclasses, explain its practical purpose, describe an example, and mention important limitations or trade-offs where relevant.",Definition; purpose; practical usage; example; important considerations,Giving only a memorized definition; confusing related concepts; omitting a practical example.,What are the advantages and limitations of dataclasses?;Can you give a practical example of dataclasses?,"python developer,core python,dataclasses",dataclasses Interview Questions and Answers | InterviewPrep,Practice dataclasses interview questions and answers for Python Developer candidates.,True
"What is type hints, and why is it important in Python Developer?",what-is-type-hints-and-why-is-it-important-in-python-developer,Python Developer,Core Python,Fresher,Easy,Technical,Interview preparation question about type hints.,"Explain type hints clearly, its purpose, how it works, and where it is used. Include a practical example relevant to the role.","A strong answer should define type hints, explain its practical purpose, describe an example, and mention important limitations or trade-offs where relevant.",Definition; purpose; practical usage; example; important considerations,Giving only a memorized definition; confusing related concepts; omitting a practical example.,What are the advantages and limitations of type hints?;Can you give a practical example of type hints?,"python developer,core python,type hints",type hints Interview Questions and Answers | InterviewPrep,Practice type hints interview questions and answers for Python Developer candidates.,True
How does type hints work in Python Developer?,how-does-type-hints-work-in-python-developer,Python Developer,Core Python,0-1 Years,Medium,Technical,Interview preparation question about type hints.,"Explain type hints clearly, its purpose, how it works, and where it is used. Include a practical example relevant to the role.","A strong answer should define type hints, explain its practical purpose, describe an example, and mention important limitations or trade-offs where relevant.",Definition; purpose; practical usage; example; important considerations,Giving only a memorized definition; confusing related concepts; omitting a practical example.,What are the advantages and limitations of type hints?;Can you give a practical example of type hints?,"python developer,core python,type hints",type hints Interview Questions and Answers | InterviewPrep,Practice type hints interview questions and answers for Python Developer candidates.,True
What are the common mistakes candidates make when explaining type hints?,what-are-the-common-mistakes-candidates-make-when-explaining-type-hints,Python Developer,Core Python,1-3 Years,Medium,Technical,Interview preparation question about type hints.,"Explain type hints clearly, its purpose, how it works, and where it is used. Include a practical example relevant to the role.","A strong answer should define type hints, explain its practical purpose, describe an example, and mention important limitations or trade-offs where relevant.",Definition; purpose; practical usage; example; important considerations,Giving only a memorized definition; confusing related concepts; omitting a practical example.,What are the advantages and limitations of type hints?;Can you give a practical example of type hints?,"python developer,core python,type hints",type hints Interview Questions and Answers | InterviewPrep,Practice type hints interview questions and answers for Python Developer candidates.,True
"What is duck typing, and why is it important in Python Developer?",what-is-duck-typing-and-why-is-it-important-in-python-developer,Python Developer,Core Python,Fresher,Easy,Technical,Interview preparation question about duck typing.,"Explain duck typing clearly, its purpose, how it works, and where it is used. Include a practical example relevant to the role.","A strong answer should define duck typing, explain its practical purpose, describe an example, and mention important limitations or trade-offs where relevant.",Definition; purpose; practical usage; example; important considerations,Giving only a memorized definition; confusing related concepts; omitting a practical example.,What are the advantages and limitations of duck typing?;Can you give a practical example of duck typing?,"python developer,core python,duck typing",duck typing Interview Questions and Answers | InterviewPrep,Practice duck typing interview questions and answers for Python Developer candidates.,True
How does duck typing work in Python Developer?,how-does-duck-typing-work-in-python-developer,Python Developer,Core Python,0-1 Years,Medium,Technical,Interview preparation question about duck typing.,"Explain duck typing clearly, its purpose, how it works, and where it is used. Include a practical example relevant to the role.","A strong answer should define duck typing, explain its practical purpose, describe an example, and mention important limitations or trade-offs where relevant.",Definition; purpose; practical usage; example; important considerations,Giving only a memorized definition; confusing related concepts; omitting a practical example.,What are the advantages and limitations of duck typing?;Can you give a practical example of duck typing?,"python developer,core python,duck typing",duck typing Interview Questions and Answers | InterviewPrep,Practice duck typing interview questions and answers for Python Developer candidates.,True
What are the common mistakes candidates make when explaining duck typing?,what-are-the-common-mistakes-candidates-make-when-explaining-duck-typing,Python Developer,Core Python,1-3 Years,Medium,Technical,Interview preparation question about duck typing.,"Explain duck typing clearly, its purpose, how it works, and where it is used. Include a practical example relevant to the role.","A strong answer should define duck typing, explain its practical purpose, describe an example, and mention important limitations or trade-offs where relevant.",Definition; purpose; practical usage; example; important considerations,Giving only a memorized definition; confusing related concepts; omitting a practical example.,What are the advantages and limitations of duck typing?;Can you give a practical example of duck typing?,"python developer,core python,duck typing",duck typing Interview Questions and Answers | InterviewPrep,Practice duck typing interview questions and answers for Python Developer candidates.,True
"What is shallow copy and deep copy, and why is it important in Python Developer?",what-is-shallow-copy-and-deep-copy-and-why-is-it-important-in-python-developer,Python Developer,Core Python,Fresher,Easy,Technical,Interview preparation question about shallow copy and deep copy.,"Explain shallow copy and deep copy clearly, its purpose, how it works, and where it is used. Include a practical example relevant to the role.","A strong answer should define shallow copy and deep copy, explain its practical purpose, describe an example, and mention important limitations or trade-offs where relevant.",Definition; purpose; practical usage; example; important considerations,Giving only a memorized definition; confusing related concepts; omitting a practical example.,What are the advantages and limitations of shallow copy and deep copy?;Can you give a practical example of shallow copy and deep copy?,"python developer,core python,shallow copy and deep copy",shallow copy and deep copy Interview Questions and Answers | InterviewPrep,Practice shallow copy and deep copy interview questions and answers for Python Developer candidates.,True
How does shallow copy and deep copy work in Python Developer?,how-does-shallow-copy-and-deep-copy-work-in-python-developer,Python Developer,Core Python,0-1 Years,Medium,Technical,Interview preparation question about shallow copy and deep copy.,"Explain shallow copy and deep copy clearly, its purpose, how it works, and where it is used. Include a practical example relevant to the role.","A strong answer should define shallow copy and deep copy, explain its practical purpose, describe an example, and mention important limitations or trade-offs where relevant.",Definition; purpose; practical usage; example; important considerations,Giving only a memorized definition; confusing related concepts; omitting a practical example.,What are the advantages and limitations of shallow copy and deep copy?;Can you give a practical example of shallow copy and deep copy?,"python developer,core python,shallow copy and deep copy",shallow copy and deep copy Interview Questions and Answers | InterviewPrep,Practice shallow copy and deep copy interview questions and answers for Python Developer candidates.,True
What are the common mistakes candidates make when explaining shallow copy and deep copy?,what-are-the-common-mistakes-candidates-make-when-explaining-shallow-copy-and-deep-copy,Python Developer,Core Python,1-3 Years,Medium,Technical,Interview preparation question about shallow copy and deep copy.,"Explain shallow copy and deep copy clearly, its purpose, how it works, and where it is used. Include a practical example relevant to the role.","A strong answer should define shallow copy and deep copy, explain its practical purpose, describe an example, and mention important limitations or trade-offs where relevant.",Definition; purpose; practical usage; example; important considerations,Giving only a memorized definition; confusing related concepts; omitting a practical example.,What are the advantages and limitations of shallow copy and deep copy?;Can you give a practical example of shallow copy and deep copy?,"python developer,core python,shallow copy and deep copy",shallow copy and deep copy Interview Questions and Answers | InterviewPrep,Practice shallow copy and deep copy interview questions and answers for Python Developer candidates.,True
"What is memory management, and why is it important in Python Developer?",what-is-memory-management-and-why-is-it-important-in-python-developer,Python Developer,Core Python,Fresher,Easy,Technical,Interview preparation question about memory management.,"Explain memory management clearly, its purpose, how it works, and where it is used. Include a practical example relevant to the role.","A strong answer should define memory management, explain its practical purpose, describe an example, and mention important limitations or trade-offs where relevant.",Definition; purpose; practical usage; example; important considerations,Giving only a memorized definition; confusing related concepts; omitting a practical example.,What are the advantages and limitations of memory management?;Can you give a practical example of memory management?,"python developer,core python,memory management",memory management Interview Questions and Answers | InterviewPrep,Practice memory management interview questions and answers for Python Developer candidates.,True
How does memory management work in Python Developer?,how-does-memory-management-work-in-python-developer,Python Developer,Core Python,0-1 Years,Medium,Technical,Interview preparation question about memory management.,"Explain memory management clearly, its purpose, how it works, and where it is used. Include a practical example relevant to the role.","A strong answer should define memory management, explain its practical purpose, describe an example, and mention important limitations or trade-offs where relevant.",Definition; purpose; practical usage; example; important considerations,Giving only a memorized definition; confusing related concepts; omitting a practical example.,What are the advantages and limitations of memory management?;Can you give a practical example of memory management?,"python developer,core python,memory management",memory management Interview Questions and Answers | InterviewPrep,Practice memory management interview questions and answers for Python Developer candidates.,True
What are the common mistakes candidates make when explaining memory management?,what-are-the-common-mistakes-candidates-make-when-explaining-memory-management,Python Developer,Core Python,1-3 Years,Medium,Technical,Interview preparation question about memory management.,"Explain memory management clearly, its purpose, how it works, and where it is used. Include a practical example relevant to the role.","A strong answer should define memory management, explain its practical purpose, describe an example, and mention important limitations or trade-offs where relevant.",Definition; purpose; practical usage; example; important considerations,Giving only a memorized definition; confusing related concepts; omitting a practical example.,What are the advantages and limitations of memory management?;Can you give a practical example of memory management?,"python developer,core python,memory management",memory management Interview Questions and Answers | InterviewPrep,Practice memory management interview questions and answers for Python Developer candidates.,True
"What is garbage collection, and why is it important in Python Developer?",what-is-garbage-collection-and-why-is-it-important-in-python-developer,Python Developer,Core Python,Fresher,Easy,Technical,Interview preparation question about garbage collection.,"Explain garbage collection clearly, its purpose, how it works, and where it is used. Include a practical example relevant to the role.","A strong answer should define garbage collection, explain its practical purpose, describe an example, and mention important limitations or trade-offs where relevant.",Definition; purpose; practical usage; example; important considerations,Giving only a memorized definition; confusing related concepts; omitting a practical example.,What are the advantages and limitations of garbage collection?;Can you give a practical example of garbage collection?,"python developer,core python,garbage collection",garbage collection Interview Questions and Answers | InterviewPrep,Practice garbage collection interview questions and answers for Python Developer candidates.,True
How does garbage collection work in Python Developer?,how-does-garbage-collection-work-in-python-developer,Python Developer,Core Python,0-1 Years,Medium,Technical,Interview preparation question about garbage collection.,"Explain garbage collection clearly, its purpose, how it works, and where it is used. Include a practical example relevant to the role.","A strong answer should define garbage collection, explain its practical purpose, describe an example, and mention important limitations or trade-offs where relevant.",Definition; purpose; practical usage; example; important considerations,Giving only a memorized definition; confusing related concepts; omitting a practical example.,What are the advantages and limitations of garbage collection?;Can you give a practical example of garbage collection?,"python developer,core python,garbage collection",garbage collection Interview Questions and Answers | InterviewPrep,Practice garbage collection interview questions and answers for Python Developer candidates.,True
What are the common mistakes candidates make when explaining garbage collection?,what-are-the-common-mistakes-candidates-make-when-explaining-garbage-collection,Python Developer,Core Python,1-3 Years,Medium,Technical,Interview preparation question about garbage collection.,"Explain garbage collection clearly, its purpose, how it works, and where it is used. Include a practical example relevant to the role.","A strong answer should define garbage collection, explain its practical purpose, describe an example, and mention important limitations or trade-offs where relevant.",Definition; purpose; practical usage; example; important considerations,Giving only a memorized definition; confusing related concepts; omitting a practical example.,What are the advantages and limitations of garbage collection?;Can you give a practical example of garbage collection?,"python developer,core python,garbage collection",garbage collection Interview Questions and Answers | InterviewPrep,Practice garbage collection interview questions and answers for Python Developer candidates.,True
"What is global interpreter lock, and why is it important in Python Developer?",what-is-global-interpreter-lock-and-why-is-it-important-in-python-developer,Python Developer,Core Python,Fresher,Easy,Technical,Interview preparation question about global interpreter lock.,"Explain global interpreter lock clearly, its purpose, how it works, and where it is used. Include a practical example relevant to the role.","A strong answer should define global interpreter lock, explain its practical purpose, describe an example, and mention important limitations or trade-offs where relevant.",Definition; purpose; practical usage; example; important considerations,Giving only a memorized definition; confusing related concepts; omitting a practical example.,What are the advantages and limitations of global interpreter lock?;Can you give a practical example of global interpreter lock?,"python developer,core python,global interpreter lock",global interpreter lock Interview Questions and Answers | InterviewPrep,Practice global interpreter lock interview questions and answers for Python Developer candidates.,True
How does global interpreter lock work in Python Developer?,how-does-global-interpreter-lock-work-in-python-developer,Python Developer,Core Python,0-1 Years,Medium,Technical,Interview preparation question about global interpreter lock.,"Explain global interpreter lock clearly, its purpose, how it works, and where it is used. Include a practical example relevant to the role.","A strong answer should define global interpreter lock, explain its practical purpose, describe an example, and mention important limitations or trade-offs where relevant.",Definition; purpose; practical usage; example; important considerations,Giving only a memorized definition; confusing related concepts; omitting a practical example.,What are the advantages and limitations of global interpreter lock?;Can you give a practical example of global interpreter lock?,"python developer,core python,global interpreter lock",global interpreter lock Interview Questions and Answers | InterviewPrep,Practice global interpreter lock interview questions and answers for Python Developer candidates.,True
What are the common mistakes candidates make when explaining global interpreter lock?,what-are-the-common-mistakes-candidates-make-when-explaining-global-interpreter-lock,Python Developer,Core Python,1-3 Years,Medium,Technical,Interview preparation question about global interpreter lock.,"Explain global interpreter lock clearly, its purpose, how it works, and where it is used. Include a practical example relevant to the role.","A strong answer should define global interpreter lock, explain its practical purpose, describe an example, and mention important limitations or trade-offs where relevant.",Definition; purpose; practical usage; example; important considerations,Giving only a memorized definition; confusing related concepts; omitting a practical example.,What are the advantages and limitations of global interpreter lock?;Can you give a practical example of global interpreter lock?,"python developer,core python,global interpreter lock",global interpreter lock Interview Questions and Answers | InterviewPrep,Practice global interpreter lock interview questions and answers for Python Developer candidates.,True
"What is multithreading, and why is it important in Python Developer?",what-is-multithreading-and-why-is-it-important-in-python-developer,Python Developer,Core Python,Fresher,Easy,Technical,Interview preparation question about multithreading.,"Explain multithreading clearly, its purpose, how it works, and where it is used. Include a practical example relevant to the role.","A strong answer should define multithreading, explain its practical purpose, describe an example, and mention important limitations or trade-offs where relevant.",Definition; purpose; practical usage; example; important considerations,Giving only a memorized definition; confusing related concepts; omitting a practical example.,What are the advantages and limitations of multithreading?;Can you give a practical example of multithreading?,"python developer,core python,multithreading",multithreading Interview Questions and Answers | InterviewPrep,Practice multithreading interview questions and answers for Python Developer candidates.,True
How does multithreading work in Python Developer?,how-does-multithreading-work-in-python-developer,Python Developer,Core Python,0-1 Years,Medium,Technical,Interview preparation question about multithreading.,"Explain multithreading clearly, its purpose, how it works, and where it is used. Include a practical example relevant to the role.","A strong answer should define multithreading, explain its practical purpose, describe an example, and mention important limitations or trade-offs where relevant.",Definition; purpose; practical usage; example; important considerations,Giving only a memorized definition; confusing related concepts; omitting a practical example.,What are the advantages and limitations of multithreading?;Can you give a practical example of multithreading?,"python developer,core python,multithreading",multithreading Interview Questions and Answers | InterviewPrep,Practice multithreading interview questions and answers for Python Developer candidates.,True
What are the common mistakes candidates make when explaining multithreading?,what-are-the-common-mistakes-candidates-make-when-explaining-multithreading,Python Developer,Core Python,1-3 Years,Medium,Technical,Interview preparation question about multithreading.,"Explain multithreading clearly, its purpose, how it works, and where it is used. Include a practical example relevant to the role.","A strong answer should define multithreading, explain its practical purpose, describe an example, and mention important limitations or trade-offs where relevant.",Definition; purpose; practical usage; example; important considerations,Giving only a memorized definition; confusing related concepts; omitting a practical example.,What are the advantages and limitations of multithreading?;Can you give a practical example of multithreading?,"python developer,core python,multithreading",multithreading Interview Questions and Answers | InterviewPrep,Practice multithreading interview questions and answers for Python Developer candidates.,True
"What is multiprocessing, and why is it important in Python Developer?",what-is-multiprocessing-and-why-is-it-important-in-python-developer,Python Developer,Core Python,Fresher,Easy,Technical,Interview preparation question about multiprocessing.,"Explain multiprocessing clearly, its purpose, how it works, and where it is used. Include a practical example relevant to the role.","A strong answer should define multiprocessing, explain its practical purpose, describe an example, and mention important limitations or trade-offs where relevant.",Definition; purpose; practical usage; example; important considerations,Giving only a memorized definition; confusing related concepts; omitting a practical example.,What are the advantages and limitations of multiprocessing?;Can you give a practical example of multiprocessing?,"python developer,core python,multiprocessing",multiprocessing Interview Questions and Answers | InterviewPrep,Practice multiprocessing interview questions and answers for Python Developer candidates.,True
How does multiprocessing work in Python Developer?,how-does-multiprocessing-work-in-python-developer,Python Developer,Core Python,0-1 Years,Medium,Technical,Interview preparation question about multiprocessing.,"Explain multiprocessing clearly, its purpose, how it works, and where it is used. Include a practical example relevant to the role.","A strong answer should define multiprocessing, explain its practical purpose, describe an example, and mention important limitations or trade-offs where relevant.",Definition; purpose; practical usage; example; important considerations,Giving only a memorized definition; confusing related concepts; omitting a practical example.,What are the advantages and limitations of multiprocessing?;Can you give a practical example of multiprocessing?,"python developer,core python,multiprocessing",multiprocessing Interview Questions and Answers | InterviewPrep,Practice multiprocessing interview questions and answers for Python Developer candidates.,True
What are the common mistakes candidates make when explaining multiprocessing?,what-are-the-common-mistakes-candidates-make-when-explaining-multiprocessing,Python Developer,Core Python,1-3 Years,Medium,Technical,Interview preparation question about multiprocessing.,"Explain multiprocessing clearly, its purpose, how it works, and where it is used. Include a practical example relevant to the role.","A strong answer should define multiprocessing, explain its practical purpose, describe an example, and mention important limitations or trade-offs where relevant.",Definition; purpose; practical usage; example; important considerations,Giving only a memorized definition; confusing related concepts; omitting a practical example.,What are the advantages and limitations of multiprocessing?;Can you give a practical example of multiprocessing?,"python developer,core python,multiprocessing",multiprocessing Interview Questions and Answers | InterviewPrep,Practice multiprocessing interview questions and answers for Python Developer candidates.,True
"What is asyncio, and why is it important in Python Developer?",what-is-asyncio-and-why-is-it-important-in-python-developer,Python Developer,Core Python,Fresher,Easy,Technical,Interview preparation question about asyncio.,"Explain asyncio clearly, its purpose, how it works, and where it is used. Include a practical example relevant to the role.","A strong answer should define asyncio, explain its practical purpose, describe an example, and mention important limitations or trade-offs where relevant.",Definition; purpose; practical usage; example; important considerations,Giving only a memorized definition; confusing related concepts; omitting a practical example.,What are the advantages and limitations of asyncio?;Can you give a practical example of asyncio?,"python developer,core python,asyncio",asyncio Interview Questions and Answers | InterviewPrep,Practice asyncio interview questions and answers for Python Developer candidates.,True
How does asyncio work in Python Developer?,how-does-asyncio-work-in-python-developer,Python Developer,Core Python,0-1 Years,Medium,Technical,Interview preparation question about asyncio.,"Explain asyncio clearly, its purpose, how it works, and where it is used. Include a practical example relevant to the role.","A strong answer should define asyncio, explain its practical purpose, describe an example, and mention important limitations or trade-offs where relevant.",Definition; purpose; practical usage; example; important considerations,Giving only a memorized definition; confusing related concepts; omitting a practical example.,What are the advantages and limitations of asyncio?;Can you give a practical example of asyncio?,"python developer,core python,asyncio",asyncio Interview Questions and Answers | InterviewPrep,Practice asyncio interview questions and answers for Python Developer candidates.,True
What are the common mistakes candidates make when explaining asyncio?,what-are-the-common-mistakes-candidates-make-when-explaining-asyncio,Python Developer,Core Python,1-3 Years,Medium,Technical,Interview preparation question about asyncio.,"Explain asyncio clearly, its purpose, how it works, and where it is used. Include a practical example relevant to the role.","A strong answer should define asyncio, explain its practical purpose, describe an example, and mention important limitations or trade-offs where relevant.",Definition; purpose; practical usage; example; important considerations,Giving only a memorized definition; confusing related concepts; omitting a practical example.,What are the advantages and limitations of asyncio?;Can you give a practical example of asyncio?,"python developer,core python,asyncio",asyncio Interview Questions and Answers | InterviewPrep,Practice asyncio interview questions and answers for Python Developer candidates.,True
"What is coroutines, and why is it important in Python Developer?",what-is-coroutines-and-why-is-it-important-in-python-developer,Python Developer,Core Python,Fresher,Easy,Technical,Interview preparation question about coroutines.,"Explain coroutines clearly, its purpose, how it works, and where it is used. Include a practical example relevant to the role.","A strong answer should define coroutines, explain its practical purpose, describe an example, and mention important limitations or trade-offs where relevant.",Definition; purpose; practical usage; example; important considerations,Giving only a memorized definition; confusing related concepts; omitting a practical example.,What are the advantages and limitations of coroutines?;Can you give a practical example of coroutines?,"python developer,core python,coroutines",coroutines Interview Questions and Answers | InterviewPrep,Practice coroutines interview questions and answers for Python Developer candidates.,True
How does coroutines work in Python Developer?,how-does-coroutines-work-in-python-developer,Python Developer,Core Python,0-1 Years,Medium,Technical,Interview preparation question about coroutines.,"Explain coroutines clearly, its purpose, how it works, and where it is used. Include a practical example relevant to the role.","A strong answer should define coroutines, explain its practical purpose, describe an example, and mention important limitations or trade-offs where relevant.",Definition; purpose; practical usage; example; important considerations,Giving only a memorized definition; confusing related concepts; omitting a practical example.,What are the advantages and limitations of coroutines?;Can you give a practical example of coroutines?,"python developer,core python,coroutines",coroutines Interview Questions and Answers | InterviewPrep,Practice coroutines interview questions and answers for Python Developer candidates.,True
What are the common mistakes candidates make when explaining coroutines?,what-are-the-common-mistakes-candidates-make-when-explaining-coroutines,Python Developer,Core Python,1-3 Years,Medium,Technical,Interview preparation question about coroutines.,"Explain coroutines clearly, its purpose, how it works, and where it is used. Include a practical example relevant to the role.","A strong answer should define coroutines, explain its practical purpose, describe an example, and mention important limitations or trade-offs where relevant.",Definition; purpose; practical usage; example; important considerations,Giving only a memorized definition; confusing related concepts; omitting a practical example.,What are the advantages and limitations of coroutines?;Can you give a practical example of coroutines?,"python developer,core python,coroutines",coroutines Interview Questions and Answers | InterviewPrep,Practice coroutines interview questions and answers for Python Developer candidates.,True
"What is file handling, and why is it important in Python Developer?",what-is-file-handling-and-why-is-it-important-in-python-developer,Python Developer,Core Python,Fresher,Easy,Technical,Interview preparation question about file handling.,"Explain file handling clearly, its purpose, how it works, and where it is used. Include a practical example relevant to the role.","A strong answer should define file handling, explain its practical purpose, describe an example, and mention important limitations or trade-offs where relevant.",Definition; purpose; practical usage; example; important considerations,Giving only a memorized definition; confusing related concepts; omitting a practical example.,What are the advantages and limitations of file handling?;Can you give a practical example of file handling?,"python developer,core python,file handling",file handling Interview Questions and Answers | InterviewPrep,Practice file handling interview questions and answers for Python Developer candidates.,True
How does file handling work in Python Developer?,how-does-file-handling-work-in-python-developer,Python Developer,Core Python,0-1 Years,Medium,Technical,Interview preparation question about file handling.,"Explain file handling clearly, its purpose, how it works, and where it is used. Include a practical example relevant to the role.","A strong answer should define file handling, explain its practical purpose, describe an example, and mention important limitations or trade-offs where relevant.",Definition; purpose; practical usage; example; important considerations,Giving only a memorized definition; confusing related concepts; omitting a practical example.,What are the advantages and limitations of file handling?;Can you give a practical example of file handling?,"python developer,core python,file handling",file handling Interview Questions and Answers | InterviewPrep,Practice file handling interview questions and answers for Python Developer candidates.,True
What are the common mistakes candidates make when explaining file handling?,what-are-the-common-mistakes-candidates-make-when-explaining-file-handling,Python Developer,Core Python,1-3 Years,Medium,Technical,Interview preparation question about file handling.,"Explain file handling clearly, its purpose, how it works, and where it is used. Include a practical example relevant to the role.","A strong answer should define file handling, explain its practical purpose, describe an example, and mention important limitations or trade-offs where relevant.",Definition; purpose; practical usage; example; important considerations,Giving only a memorized definition; confusing related concepts; omitting a practical example.,What are the advantages and limitations of file handling?;Can you give a practical example of file handling?,"python developer,core python,file handling",file handling Interview Questions and Answers | InterviewPrep,Practice file handling interview questions and answers for Python Developer candidates.,True
"What is JSON handling, and why is it important in Python Developer?",what-is-json-handling-and-why-is-it-important-in-python-developer,Python Developer,Core Python,Fresher,Easy,Technical,Interview preparation question about JSON handling.,"Explain JSON handling clearly, its purpose, how it works, and where it is used. Include a practical example relevant to the role.","A strong answer should define JSON handling, explain its practical purpose, describe an example, and mention important limitations or trade-offs where relevant.",Definition; purpose; practical usage; example; important considerations,Giving only a memorized definition; confusing related concepts; omitting a practical example.,What are the advantages and limitations of JSON handling?;Can you give a practical example of JSON handling?,"python developer,core python,json handling",JSON handling Interview Questions and Answers | InterviewPrep,Practice JSON handling interview questions and answers for Python Developer candidates.,True
How does JSON handling work in Python Developer?,how-does-json-handling-work-in-python-developer,Python Developer,Core Python,0-1 Years,Medium,Technical,Interview preparation question about JSON handling.,"Explain JSON handling clearly, its purpose, how it works, and where it is used. Include a practical example relevant to the role.","A strong answer should define JSON handling, explain its practical purpose, describe an example, and mention important limitations or trade-offs where relevant.",Definition; purpose; practical usage; example; important considerations,Giving only a memorized definition; confusing related concepts; omitting a practical example.,What are the advantages and limitations of JSON handling?;Can you give a practical example of JSON handling?,"python developer,core python,json handling",JSON handling Interview Questions and Answers | InterviewPrep,Practice JSON handling interview questions and answers for Python Developer candidates.,True
What are the common mistakes candidates make when explaining JSON handling?,what-are-the-common-mistakes-candidates-make-when-explaining-json-handling,Python Developer,Core Python,1-3 Years,Medium,Technical,Interview preparation question about JSON handling.,"Explain JSON handling clearly, its purpose, how it works, and where it is used. Include a practical example relevant to the role.","A strong answer should define JSON handling, explain its practical purpose, describe an example, and mention important limitations or trade-offs where relevant.",Definition; purpose; practical usage; example; important considerations,Giving only a memorized definition; confusing related concepts; omitting a practical example.,What are the advantages and limitations of JSON handling?;Can you give a practical example of JSON handling?,"python developer,core python,json handling",JSON handling Interview Questions and Answers | InterviewPrep,Practice JSON handling interview questions and answers for Python Developer candidates.,True
"What is logging, and why is it important in Python Developer?",what-is-logging-and-why-is-it-important-in-python-developer,Python Developer,Core Python,Fresher,Easy,Technical,Interview preparation question about logging.,"Explain logging clearly, its purpose, how it works, and where it is used. Include a practical example relevant to the role.","A strong answer should define logging, explain its practical purpose, describe an example, and mention important limitations or trade-offs where relevant.",Definition; purpose; practical usage; example; important considerations,Giving only a memorized definition; confusing related concepts; omitting a practical example.,What are the advantages and limitations of logging?;Can you give a practical example of logging?,"python developer,core python,logging",logging Interview Questions and Answers | InterviewPrep,Practice logging interview questions and answers for Python Developer candidates.,True
How does logging work in Python Developer?,how-does-logging-work-in-python-developer,Python Developer,Core Python,0-1 Years,Medium,Technical,Interview preparation question about logging.,"Explain logging clearly, its purpose, how it works, and where it is used. Include a practical example relevant to the role.","A strong answer should define logging, explain its practical purpose, describe an example, and mention important limitations or trade-offs where relevant.",Definition; purpose; practical usage; example; important considerations,Giving only a memorized definition; confusing related concepts; omitting a practical example.,What are the advantages and limitations of logging?;Can you give a practical example of logging?,"python developer,core python,logging",logging Interview Questions and Answers | InterviewPrep,Practice logging interview questions and answers for Python Developer candidates.,True
What are the common mistakes candidates make when explaining logging?,what-are-the-common-mistakes-candidates-make-when-explaining-logging,Python Developer,Core Python,1-3 Years,Medium,Technical,Interview preparation question about logging.,"Explain logging clearly, its purpose, how it works, and where it is used. Include a practical example relevant to the role.","A strong answer should define logging, explain its practical purpose, describe an example, and mention important limitations or trade-offs where relevant.",Definition; purpose; practical usage; example; important considerations,Giving only a memorized definition; confusing related concepts; omitting a practical example.,What are the advantages and limitations of logging?;Can you give a practical example of logging?,"python developer,core python,logging",logging Interview Questions and Answers | InterviewPrep,Practice logging interview questions and answers for Python Developer candidates.,True
"What is unit testing, and why is it important in Python Developer?",what-is-unit-testing-and-why-is-it-important-in-python-developer,Python Developer,Core Python,Fresher,Easy,Technical,Interview preparation question about unit testing.,"Explain unit testing clearly, its purpose, how it works, and where it is used. Include a practical example relevant to the role.","A strong answer should define unit testing, explain its practical purpose, describe an example, and mention important limitations or trade-offs where relevant.",Definition; purpose; practical usage; example; important considerations,Giving only a memorized definition; confusing related concepts; omitting a practical example.,What are the advantages and limitations of unit testing?;Can you give a practical example of unit testing?,"python developer,core python,unit testing",unit testing Interview Questions and Answers | InterviewPrep,Practice unit testing interview questions and answers for Python Developer candidates.,True
How does unit testing work in Python Developer?,how-does-unit-testing-work-in-python-developer,Python Developer,Core Python,0-1 Years,Medium,Technical,Interview preparation question about unit testing.,"Explain unit testing clearly, its purpose, how it works, and where it is used. Include a practical example relevant to the role.","A strong answer should define unit testing, explain its practical purpose, describe an example, and mention important limitations or trade-offs where relevant.",Definition; purpose; practical usage; example; important considerations,Giving only a memorized definition; confusing related concepts; omitting a practical example.,What are the advantages and limitations of unit testing?;Can you give a practical example of unit testing?,"python developer,core python,unit testing",unit testing Interview Questions and Answers | InterviewPrep,Practice unit testing interview questions and answers for Python Developer candidates.,True
What are the common mistakes candidates make when explaining unit testing?,what-are-the-common-mistakes-candidates-make-when-explaining-unit-testing,Python Developer,Core Python,1-3 Years,Medium,Technical,Interview preparation question about unit testing.,"Explain unit testing clearly, its purpose, how it works, and where it is used. Include a practical example relevant to the role.","A strong answer should define unit testing, explain its practical purpose, describe an example, and mention important limitations or trade-offs where relevant.",Definition; purpose; practical usage; example; important considerations,Giving only a memorized definition; confusing related concepts; omitting a practical example.,What are the advantages and limitations of unit testing?;Can you give a practical example of unit testing?,"python developer,core python,unit testing",unit testing Interview Questions and Answers | InterviewPrep,Practice unit testing interview questions and answers for Python Developer candidates.,True
"What is pytest, and why is it important in Python Developer?",what-is-pytest-and-why-is-it-important-in-python-developer,Python Developer,Core Python,Fresher,Easy,Technical,Interview preparation question about pytest.,"Explain pytest clearly, its purpose, how it works, and where it is used. Include a practical example relevant to the role.","A strong answer should define pytest, explain its practical purpose, describe an example, and mention important limitations or trade-offs where relevant.",Definition; purpose; practical usage; example; important considerations,Giving only a memorized definition; confusing related concepts; omitting a practical example.,What are the advantages and limitations of pytest?;Can you give a practical example of pytest?,"python developer,core python,pytest",pytest Interview Questions and Answers | InterviewPrep,Practice pytest interview questions and answers for Python Developer candidates.,True
How does pytest work in Python Developer?,how-does-pytest-work-in-python-developer,Python Developer,Core Python,0-1 Years,Medium,Technical,Interview preparation question about pytest.,"Explain pytest clearly, its purpose, how it works, and where it is used. Include a practical example relevant to the role.","A strong answer should define pytest, explain its practical purpose, describe an example, and mention important limitations or trade-offs where relevant.",Definition; purpose; practical usage; example; important considerations,Giving only a memorized definition; confusing related concepts; omitting a practical example.,What are the advantages and limitations of pytest?;Can you give a practical example of pytest?,"python developer,core python,pytest",pytest Interview Questions and Answers | InterviewPrep,Practice pytest interview questions and answers for Python Developer candidates.,True
What are the common mistakes candidates make when explaining pytest?,what-are-the-common-mistakes-candidates-make-when-explaining-pytest,Python Developer,Core Python,1-3 Years,Medium,Technical,Interview preparation question about pytest.,"Explain pytest clearly, its purpose, how it works, and where it is used. Include a practical example relevant to the role.","A strong answer should define pytest, explain its practical purpose, describe an example, and mention important limitations or trade-offs where relevant.",Definition; purpose; practical usage; example; important considerations,Giving only a memorized definition; confusing related concepts; omitting a practical example.,What are the advantages and limitations of pytest?;Can you give a practical example of pytest?,"python developer,core python,pytest",pytest Interview Questions and Answers | InterviewPrep,Practice pytest interview questions and answers for Python Developer candidates.,True
"What is classes, and why is it important in Python Developer?",what-is-classes-and-why-is-it-important-in-python-developer,Python Developer,Core Python,Fresher,Easy,Technical,Interview preparation question about classes.,"Explain classes clearly, its purpose, how it works, and where it is used. Include a practical example relevant to the role.","A strong answer should define classes, explain its practical purpose, describe an example, and mention important limitations or trade-offs where relevant.",Definition; purpose; practical usage; example; important considerations,Giving only a memorized definition; confusing related concepts; omitting a practical example.,What are the advantages and limitations of classes?;Can you give a practical example of classes?,"python developer,core python,classes",classes Interview Questions and Answers | InterviewPrep,Practice classes interview questions and answers for Python Developer candidates.,True
How does classes work in Python Developer?,how-does-classes-work-in-python-developer,Python Developer,Core Python,0-1 Years,Medium,Technical,Interview preparation question about classes.,"Explain classes clearly, its purpose, how it works, and where it is used. Include a practical example relevant to the role.","A strong answer should define classes, explain its practical purpose, describe an example, and mention important limitations or trade-offs where relevant.",Definition; purpose; practical usage; example; important considerations,Giving only a memorized definition; confusing related concepts; omitting a practical example.,What are the advantages and limitations of classes?;Can you give a practical example of classes?,"python developer,core python,classes",classes Interview Questions and Answers | InterviewPrep,Practice classes interview questions and answers for Python Developer candidates.,True
What are the common mistakes candidates make when explaining classes?,what-are-the-common-mistakes-candidates-make-when-explaining-classes,Python Developer,Core Python,1-3 Years,Medium,Technical,Interview preparation question about classes.,"Explain classes clearly, its purpose, how it works, and where it is used. Include a practical example relevant to the role.","A strong answer should define classes, explain its practical purpose, describe an example, and mention important limitations or trade-offs where relevant.",Definition; purpose; practical usage; example; important considerations,Giving only a memorized definition; confusing related concepts; omitting a practical example.,What are the advantages and limitations of classes?;Can you give a practical example of classes?,"python developer,core python,classes",classes Interview Questions and Answers | InterviewPrep,Practice classes interview questions and answers for Python Developer candidates.,True
"What is inheritance, and why is it important in Python Developer?",what-is-inheritance-and-why-is-it-important-in-python-developer,Python Developer,Core Python,Fresher,Easy,Technical,Interview preparation question about inheritance.,"Explain inheritance clearly, its purpose, how it works, and where it is used. Include a practical example relevant to the role.","A strong answer should define inheritance, explain its practical purpose, describe an example, and mention important limitations or trade-offs where relevant.",Definition; purpose; practical usage; example; important considerations,Giving only a memorized definition; confusing related concepts; omitting a practical example.,What are the advantages and limitations of inheritance?;Can you give a practical example of inheritance?,"python developer,core python,inheritance",inheritance Interview Questions and Answers | InterviewPrep,Practice inheritance interview questions and answers for Python Developer candidates.,True
How does inheritance work in Python Developer?,how-does-inheritance-work-in-python-developer,Python Developer,Core Python,0-1 Years,Medium,Technical,Interview preparation question about inheritance.,"Explain inheritance clearly, its purpose, how it works, and where it is used. Include a practical example relevant to the role.","A strong answer should define inheritance, explain its practical purpose, describe an example, and mention important limitations or trade-offs where relevant.",Definition; purpose; practical usage; example; important considerations,Giving only a memorized definition; confusing related concepts; omitting a practical example.,What are the advantages and limitations of inheritance?;Can you give a practical example of inheritance?,"python developer,core python,inheritance",inheritance Interview Questions and Answers | InterviewPrep,Practice inheritance interview questions and answers for Python Developer candidates.,True
What are the common mistakes candidates make when explaining inheritance?,what-are-the-common-mistakes-candidates-make-when-explaining-inheritance,Python Developer,Core Python,1-3 Years,Medium,Technical,Interview preparation question about inheritance.,"Explain inheritance clearly, its purpose, how it works, and where it is used. Include a practical example relevant to the role.","A strong answer should define inheritance, explain its practical purpose, describe an example, and mention important limitations or trade-offs where relevant.",Definition; purpose; practical usage; example; important considerations,Giving only a memorized definition; confusing related concepts; omitting a practical example.,What are the advantages and limitations of inheritance?;Can you give a practical example of inheritance?,"python developer,core python,inheritance",inheritance Interview Questions and Answers | InterviewPrep,Practice inheritance interview questions and answers for Python Developer candidates.,True
"What is multiple inheritance, and why is it important in Python Developer?",what-is-multiple-inheritance-and-why-is-it-important-in-python-developer,Python Developer,Core Python,Fresher,Easy,Technical,Interview preparation question about multiple inheritance.,"Explain multiple inheritance clearly, its purpose, how it works, and where it is used. Include a practical example relevant to the role.","A strong answer should define multiple inheritance, explain its practical purpose, describe an example, and mention important limitations or trade-offs where relevant.",Definition; purpose; practical usage; example; important considerations,Giving only a memorized definition; confusing related concepts; omitting a practical example.,What are the advantages and limitations of multiple inheritance?;Can you give a practical example of multiple inheritance?,"python developer,core python,multiple inheritance",multiple inheritance Interview Questions and Answers | InterviewPrep,Practice multiple inheritance interview questions and answers for Python Developer candidates.,True
How does multiple inheritance work in Python Developer?,how-does-multiple-inheritance-work-in-python-developer,Python Developer,Core Python,0-1 Years,Medium,Technical,Interview preparation question about multiple inheritance.,"Explain multiple inheritance clearly, its purpose, how it works, and where it is used. Include a practical example relevant to the role.","A strong answer should define multiple inheritance, explain its practical purpose, describe an example, and mention important limitations or trade-offs where relevant.",Definition; purpose; practical usage; example; important considerations,Giving only a memorized definition; confusing related concepts; omitting a practical example.,What are the advantages and limitations of multiple inheritance?;Can you give a practical example of multiple inheritance?,"python developer,core python,multiple inheritance",multiple inheritance Interview Questions and Answers | InterviewPrep,Practice multiple inheritance interview questions and answers for Python Developer candidates.,True
What are the common mistakes candidates make when explaining multiple inheritance?,what-are-the-common-mistakes-candidates-make-when-explaining-multiple-inheritance,Python Developer,Core Python,1-3 Years,Medium,Technical,Interview preparation question about multiple inheritance.,"Explain multiple inheritance clearly, its purpose, how it works, and where it is used. Include a practical example relevant to the role.","A strong answer should define multiple inheritance, explain its practical purpose, describe an example, and mention important limitations or trade-offs where relevant.",Definition; purpose; practical usage; example; important considerations,Giving only a memorized definition; confusing related concepts; omitting a practical example.,What are the advantages and limitations of multiple inheritance?;Can you give a practical example of multiple inheritance?,"python developer,core python,multiple inheritance",multiple inheritance Interview Questions and Answers | InterviewPrep,Practice multiple inheritance interview questions and answers for Python Developer candidates.,True
"What is method resolution order, and why is it important in Python Developer?",what-is-method-resolution-order-and-why-is-it-important-in-python-developer,Python Developer,Core Python,Fresher,Easy,Technical,Interview preparation question about method resolution order.,"Explain method resolution order clearly, its purpose, how it works, and where it is used. Include a practical example relevant to the role.","A strong answer should define method resolution order, explain its practical purpose, describe an example, and mention important limitations or trade-offs where relevant.",Definition; purpose; practical usage; example; important considerations,Giving only a memorized definition; confusing related concepts; omitting a practical example.,What are the advantages and limitations of method resolution order?;Can you give a practical example of method resolution order?,"python developer,core python,method resolution order",method resolution order Interview Questions and Answers | InterviewPrep,Practice method resolution order interview questions and answers for Python Developer candidates.,True
How does method resolution order work in Python Developer?,how-does-method-resolution-order-work-in-python-developer,Python Developer,Core Python,0-1 Years,Medium,Technical,Interview preparation question about method resolution order.,"Explain method resolution order clearly, its purpose, how it works, and where it is used. Include a practical example relevant to the role.","A strong answer should define method resolution order, explain its practical purpose, describe an example, and mention important limitations or trade-offs where relevant.",Definition; purpose; practical usage; example; important considerations,Giving only a memorized definition; confusing related concepts; omitting a practical example.,What are the advantages and limitations of method resolution order?;Can you give a practical example of method resolution order?,"python developer,core python,method resolution order",method resolution order Interview Questions and Answers | InterviewPrep,Practice method resolution order interview questions and answers for Python Developer candidates.,True
What are the common mistakes candidates make when explaining method resolution order?,what-are-the-common-mistakes-candidates-make-when-explaining-method-resolution-order,Python Developer,Core Python,1-3 Years,Medium,Technical,Interview preparation question about method resolution order.,"Explain method resolution order clearly, its purpose, how it works, and where it is used. Include a practical example relevant to the role.","A strong answer should define method resolution order, explain its practical purpose, describe an example, and mention important limitations or trade-offs where relevant.",Definition; purpose; practical usage; example; important considerations,Giving only a memorized definition; confusing related concepts; omitting a practical example.,What are the advantages and limitations of method resolution order?;Can you give a practical example of method resolution order?,"python developer,core python,method resolution order",method resolution order Interview Questions and Answers | InterviewPrep,Practice method resolution order interview questions and answers for Python Developer candidates.,True
"What is properties, and why is it important in Python Developer?",what-is-properties-and-why-is-it-important-in-python-developer,Python Developer,Core Python,Fresher,Easy,Technical,Interview preparation question about properties.,"Explain properties clearly, its purpose, how it works, and where it is used. Include a practical example relevant to the role.","A strong answer should define properties, explain its practical purpose, describe an example, and mention important limitations or trade-offs where relevant.",Definition; purpose; practical usage; example; important considerations,Giving only a memorized definition; confusing related concepts; omitting a practical example.,What are the advantages and limitations of properties?;Can you give a practical example of properties?,"python developer,core python,properties",properties Interview Questions and Answers | InterviewPrep,Practice properties interview questions and answers for Python Developer candidates.,True
How does properties work in Python Developer?,how-does-properties-work-in-python-developer,Python Developer,Core Python,0-1 Years,Medium,Technical,Interview preparation question about properties.,"Explain properties clearly, its purpose, how it works, and where it is used. Include a practical example relevant to the role.","A strong answer should define properties, explain its practical purpose, describe an example, and mention important limitations or trade-offs where relevant.",Definition; purpose; practical usage; example; important considerations,Giving only a memorized definition; confusing related concepts; omitting a practical example.,What are the advantages and limitations of properties?;Can you give a practical example of properties?,"python developer,core python,properties",properties Interview Questions and Answers | InterviewPrep,Practice properties interview questions and answers for Python Developer candidates.,True
What are the common mistakes candidates make when explaining properties?,what-are-the-common-mistakes-candidates-make-when-explaining-properties,Python Developer,Core Python,1-3 Years,Medium,Technical,Interview preparation question about properties.,"Explain properties clearly, its purpose, how it works, and where it is used. Include a practical example relevant to the role.","A strong answer should define properties, explain its practical purpose, describe an example, and mention important limitations or trade-offs where relevant.",Definition; purpose; practical usage; example; important considerations,Giving only a memorized definition; confusing related concepts; omitting a practical example.,What are the advantages and limitations of properties?;Can you give a practical example of properties?,"python developer,core python,properties",properties Interview Questions and Answers | InterviewPrep,Practice properties interview questions and answers for Python Developer candidates.,True
"What is magic methods, and why is it important in Python Developer?",what-is-magic-methods-and-why-is-it-important-in-python-developer,Python Developer,Core Python,Fresher,Easy,Technical,Interview preparation question about magic methods.,"Explain magic methods clearly, its purpose, how it works, and where it is used. Include a practical example relevant to the role.","A strong answer should define magic methods, explain its practical purpose, describe an example, and mention important limitations or trade-offs where relevant.",Definition; purpose; practical usage; example; important considerations,Giving only a memorized definition; confusing related concepts; omitting a practical example.,What are the advantages and limitations of magic methods?;Can you give a practical example of magic methods?,"python developer,core python,magic methods",magic methods Interview Questions and Answers | InterviewPrep,Practice magic methods interview questions and answers for Python Developer candidates.,True
How does magic methods work in Python Developer?,how-does-magic-methods-work-in-python-developer,Python Developer,Core Python,0-1 Years,Medium,Technical,Interview preparation question about magic methods.,"Explain magic methods clearly, its purpose, how it works, and where it is used. Include a practical example relevant to the role.","A strong answer should define magic methods, explain its practical purpose, describe an example, and mention important limitations or trade-offs where relevant.",Definition; purpose; practical usage; example; important considerations,Giving only a memorized definition; confusing related concepts; omitting a practical example.,What are the advantages and limitations of magic methods?;Can you give a practical example of magic methods?,"python developer,core python,magic methods",magic methods Interview Questions and Answers | InterviewPrep,Practice magic methods interview questions and answers for Python Developer candidates.,True
What are the common mistakes candidates make when explaining magic methods?,what-are-the-common-mistakes-candidates-make-when-explaining-magic-methods,Python Developer,Core Python,1-3 Years,Medium,Technical,Interview preparation question about magic methods.,"Explain magic methods clearly, its purpose, how it works, and where it is used. Include a practical example relevant to the role.","A strong answer should define magic methods, explain its practical purpose, describe an example, and mention important limitations or trade-offs where relevant.",Definition; purpose; practical usage; example; important considerations,Giving only a memorized definition; confusing related concepts; omitting a practical example.,What are the advantages and limitations of magic methods?;Can you give a practical example of magic methods?,"python developer,core python,magic methods",magic methods Interview Questions and Answers | InterviewPrep,Practice magic methods interview questions and answers for Python Developer candidates.,True
"What is REST APIs, and why is it important in Python Developer?",what-is-rest-apis-and-why-is-it-important-in-python-developer,Python Developer,Core Python,Fresher,Easy,Technical,Interview preparation question about REST APIs.,"Explain REST APIs clearly, its purpose, how it works, and where it is used. Include a practical example relevant to the role.","A strong answer should define REST APIs, explain its practical purpose, describe an example, and mention important limitations or trade-offs where relevant.",Definition; purpose; practical usage; example; important considerations,Giving only a memorized definition; confusing related concepts; omitting a practical example.,What are the advantages and limitations of REST APIs?;Can you give a practical example of REST APIs?,"python developer,core python,rest apis",REST APIs Interview Questions and Answers | InterviewPrep,Practice REST APIs interview questions and answers for Python Developer candidates.,True
How does REST APIs work in Python Developer?,how-does-rest-apis-work-in-python-developer,Python Developer,Core Python,0-1 Years,Medium,Technical,Interview preparation question about REST APIs.,"Explain REST APIs clearly, its purpose, how it works, and where it is used. Include a practical example relevant to the role.","A strong answer should define REST APIs, explain its practical purpose, describe an example, and mention important limitations or trade-offs where relevant.",Definition; purpose; practical usage; example; important considerations,Giving only a memorized definition; confusing related concepts; omitting a practical example.,What are the advantages and limitations of REST APIs?;Can you give a practical example of REST APIs?,"python developer,core python,rest apis",REST APIs Interview Questions and Answers | InterviewPrep,Practice REST APIs interview questions and answers for Python Developer candidates.,True
What are the common mistakes candidates make when explaining REST APIs?,what-are-the-common-mistakes-candidates-make-when-explaining-rest-apis,Python Developer,Core Python,1-3 Years,Medium,Technical,Interview preparation question about REST APIs.,"Explain REST APIs clearly, its purpose, how it works, and where it is used. Include a practical example relevant to the role.","A strong answer should define REST APIs, explain its practical purpose, describe an example, and mention important limitations or trade-offs where relevant.",Definition; purpose; practical usage; example; important considerations,Giving only a memorized definition; confusing related concepts; omitting a practical example.,What are the advantages and limitations of REST APIs?;Can you give a practical example of REST APIs?,"python developer,core python,rest apis",REST APIs Interview Questions and Answers | InterviewPrep,Practice REST APIs interview questions and answers for Python Developer candidates.,True
"What is requests, and why is it important in Python Developer?",what-is-requests-and-why-is-it-important-in-python-developer,Python Developer,Core Python,Fresher,Easy,Technical,Interview preparation question about requests.,"Explain requests clearly, its purpose, how it works, and where it is used. Include a practical example relevant to the role.","A strong answer should define requests, explain its practical purpose, describe an example, and mention important limitations or trade-offs where relevant.",Definition; purpose; practical usage; example; important considerations,Giving only a memorized definition; confusing related concepts; omitting a practical example.,What are the advantages and limitations of requests?;Can you give a practical example of requests?,"python developer,core python,requests",requests Interview Questions and Answers | InterviewPrep,Practice requests interview questions and answers for Python Developer candidates.,True
How does requests work in Python Developer?,how-does-requests-work-in-python-developer,Python Developer,Core Python,0-1 Years,Medium,Technical,Interview preparation question about requests.,"Explain requests clearly, its purpose, how it works, and where it is used. Include a practical example relevant to the role.","A strong answer should define requests, explain its practical purpose, describe an example, and mention important limitations or trade-offs where relevant.",Definition; purpose; practical usage; example; important considerations,Giving only a memorized definition; confusing related concepts; omitting a practical example.,What are the advantages and limitations of requests?;Can you give a practical example of requests?,"python developer,core python,requests",requests Interview Questions and Answers | InterviewPrep,Practice requests interview questions and answers for Python Developer candidates.,True
What are the common mistakes candidates make when explaining requests?,what-are-the-common-mistakes-candidates-make-when-explaining-requests,Python Developer,Core Python,1-3 Years,Medium,Technical,Interview preparation question about requests.,"Explain requests clearly, its purpose, how it works, and where it is used. Include a practical example relevant to the role.","A strong answer should define requests, explain its practical purpose, describe an example, and mention important limitations or trade-offs where relevant.",Definition; purpose; practical usage; example; important considerations,Giving only a memorized definition; confusing related concepts; omitting a practical example.,What are the advantages and limitations of requests?;Can you give a practical example of requests?,"python developer,core python,requests",requests Interview Questions and Answers | InterviewPrep,Practice requests interview questions and answers for Python Developer candidates.,True
"What is FastAPI, and why is it important in Python Developer?",what-is-fastapi-and-why-is-it-important-in-python-developer,Python Developer,Core Python,Fresher,Easy,Technical,Interview preparation question about FastAPI.,"Explain FastAPI clearly, its purpose, how it works, and where it is used. Include a practical example relevant to the role.","A strong answer should define FastAPI, explain its practical purpose, describe an example, and mention important limitations or trade-offs where relevant.",Definition; purpose; practical usage; example; important considerations,Giving only a memorized definition; confusing related concepts; omitting a practical example.,What are the advantages and limitations of FastAPI?;Can you give a practical example of FastAPI?,"python developer,core python,fastapi",FastAPI Interview Questions and Answers | InterviewPrep,Practice FastAPI interview questions and answers for Python Developer candidates.,True
How does FastAPI work in Python Developer?,how-does-fastapi-work-in-python-developer,Python Developer,Core Python,0-1 Years,Medium,Technical,Interview preparation question about FastAPI.,"Explain FastAPI clearly, its purpose, how it works, and where it is used. Include a practical example relevant to the role.","A strong answer should define FastAPI, explain its practical purpose, describe an example, and mention important limitations or trade-offs where relevant.",Definition; purpose; practical usage; example; important considerations,Giving only a memorized definition; confusing related concepts; omitting a practical example.,What are the advantages and limitations of FastAPI?;Can you give a practical example of FastAPI?,"python developer,core python,fastapi",FastAPI Interview Questions and Answers | InterviewPrep,Practice FastAPI interview questions and answers for Python Developer candidates.,True
What are the common mistakes candidates make when explaining FastAPI?,what-are-the-common-mistakes-candidates-make-when-explaining-fastapi,Python Developer,Core Python,1-3 Years,Medium,Technical,Interview preparation question about FastAPI.,"Explain FastAPI clearly, its purpose, how it works, and where it is used. Include a practical example relevant to the role.","A strong answer should define FastAPI, explain its practical purpose, describe an example, and mention important limitations or trade-offs where relevant.",Definition; purpose; practical usage; example; important considerations,Giving only a memorized definition; confusing related concepts; omitting a practical example.,What are the advantages and limitations of FastAPI?;Can you give a practical example of FastAPI?,"python developer,core python,fastapi",FastAPI Interview Questions and Answers | InterviewPrep,Practice FastAPI interview questions and answers for Python Developer candidates.,True
"What is Django, and why is it important in Python Developer?",what-is-django-and-why-is-it-important-in-python-developer,Python Developer,Core Python,Fresher,Easy,Technical,Interview preparation question about Django.,"Explain Django clearly, its purpose, how it works, and where it is used. Include a practical example relevant to the role.","A strong answer should define Django, explain its practical purpose, describe an example, and mention important limitations or trade-offs where relevant.",Definition; purpose; practical usage; example; important considerations,Giving only a memorized definition; confusing related concepts; omitting a practical example.,What are the advantages and limitations of Django?;Can you give a practical example of Django?,"python developer,core python,django",Django Interview Questions and Answers | InterviewPrep,Practice Django interview questions and answers for Python Developer candidates.,True
How does Django work in Python Developer?,how-does-django-work-in-python-developer,Python Developer,Core Python,0-1 Years,Medium,Technical,Interview preparation question about Django.,"Explain Django clearly, its purpose, how it works, and where it is used. Include a practical example relevant to the role.","A strong answer should define Django, explain its practical purpose, describe an example, and mention important limitations or trade-offs where relevant.",Definition; purpose; practical usage; example; important considerations,Giving only a memorized definition; confusing related concepts; omitting a practical example.,What are the advantages and limitations of Django?;Can you give a practical example of Django?,"python developer,core python,django",Django Interview Questions and Answers | InterviewPrep,Practice Django interview questions and answers for Python Developer candidates.,True
What are the common mistakes candidates make when explaining Django?,what-are-the-common-mistakes-candidates-make-when-explaining-django,Python Developer,Core Python,1-3 Years,Medium,Technical,Interview preparation question about Django.,"Explain Django clearly, its purpose, how it works, and where it is used. Include a practical example relevant to the role.","A strong answer should define Django, explain its practical purpose, describe an example, and mention important limitations or trade-offs where relevant.",Definition; purpose; practical usage; example; important considerations,Giving only a memorized definition; confusing related concepts; omitting a practical example.,What are the advantages and limitations of Django?;Can you give a practical example of Django?,"python developer,core python,django",Django Interview Questions and Answers | InterviewPrep,Practice Django interview questions and answers for Python Developer candidates.,True
"What is Flask, and why is it important in Python Developer?",what-is-flask-and-why-is-it-important-in-python-developer,Python Developer,Core Python,Fresher,Easy,Technical,Interview preparation question about Flask.,"Explain Flask clearly, its purpose, how it works, and where it is used. Include a practical example relevant to the role.","A strong answer should define Flask, explain its practical purpose, describe an example, and mention important limitations or trade-offs where relevant.",Definition; purpose; practical usage; example; important considerations,Giving only a memorized definition; confusing related concepts; omitting a practical example.,What are the advantages and limitations of Flask?;Can you give a practical example of Flask?,"python developer,core python,flask",Flask Interview Questions and Answers | InterviewPrep,Practice Flask interview questions and answers for Python Developer candidates.,True
How does Flask work in Python Developer?,how-does-flask-work-in-python-developer,Python Developer,Core Python,0-1 Years,Medium,Technical,Interview preparation question about Flask.,"Explain Flask clearly, its purpose, how it works, and where it is used. Include a practical example relevant to the role.","A strong answer should define Flask, explain its practical purpose, describe an example, and mention important limitations or trade-offs where relevant.",Definition; purpose; practical usage; example; important considerations,Giving only a memorized definition; confusing related concepts; omitting a practical example.,What are the advantages and limitations of Flask?;Can you give a practical example of Flask?,"python developer,core python,flask",Flask Interview Questions and Answers | InterviewPrep,Practice Flask interview questions and answers for Python Developer candidates.,True
What are the common mistakes candidates make when explaining Flask?,what-are-the-common-mistakes-candidates-make-when-explaining-flask,Python Developer,Core Python,1-3 Years,Medium,Technical,Interview preparation question about Flask.,"Explain Flask clearly, its purpose, how it works, and where it is used. Include a practical example relevant to the role.","A strong answer should define Flask, explain its practical purpose, describe an example, and mention important limitations or trade-offs where relevant.",Definition; purpose; practical usage; example; important considerations,Giving only a memorized definition; confusing related concepts; omitting a practical example.,What are the advantages and limitations of Flask?;Can you give a practical example of Flask?,"python developer,core python,flask",Flask Interview Questions and Answers | InterviewPrep,Practice Flask interview questions and answers for Python Developer candidates.,True
"What is SQLAlchemy, and why is it important in Python Developer?",what-is-sqlalchemy-and-why-is-it-important-in-python-developer,Python Developer,Core Python,Fresher,Easy,Technical,Interview preparation question about SQLAlchemy.,"Explain SQLAlchemy clearly, its purpose, how it works, and where it is used. Include a practical example relevant to the role.","A strong answer should define SQLAlchemy, explain its practical purpose, describe an example, and mention important limitations or trade-offs where relevant.",Definition; purpose; practical usage; example; important considerations,Giving only a memorized definition; confusing related concepts; omitting a practical example.,What are the advantages and limitations of SQLAlchemy?;Can you give a practical example of SQLAlchemy?,"python developer,core python,sqlalchemy",SQLAlchemy Interview Questions and Answers | InterviewPrep,Practice SQLAlchemy interview questions and answers for Python Developer candidates.,True
How does SQLAlchemy work in Python Developer?,how-does-sqlalchemy-work-in-python-developer,Python Developer,Core Python,0-1 Years,Medium,Technical,Interview preparation question about SQLAlchemy.,"Explain SQLAlchemy clearly, its purpose, how it works, and where it is used. Include a practical example relevant to the role.","A strong answer should define SQLAlchemy, explain its practical purpose, describe an example, and mention important limitations or trade-offs where relevant.",Definition; purpose; practical usage; example; important considerations,Giving only a memorized definition; confusing related concepts; omitting a practical example.,What are the advantages and limitations of SQLAlchemy?;Can you give a practical example of SQLAlchemy?,"python developer,core python,sqlalchemy",SQLAlchemy Interview Questions and Answers | InterviewPrep,Practice SQLAlchemy interview questions and answers for Python Developer candidates.,True
What are the common mistakes candidates make when explaining SQLAlchemy?,what-are-the-common-mistakes-candidates-make-when-explaining-sqlalchemy,Python Developer,Core Python,1-3 Years,Medium,Technical,Interview preparation question about SQLAlchemy.,"Explain SQLAlchemy clearly, its purpose, how it works, and where it is used. Include a practical example relevant to the role.","A strong answer should define SQLAlchemy, explain its practical purpose, describe an example, and mention important limitations or trade-offs where relevant.",Definition; purpose; practical usage; example; important considerations,Giving only a memorized definition; confusing related concepts; omitting a practical example.,What are the advantages and limitations of SQLAlchemy?;Can you give a practical example of SQLAlchemy?,"python developer,core python,sqlalchemy",SQLAlchemy Interview Questions and Answers | InterviewPrep,Practice SQLAlchemy interview questions and answers for Python Developer candidates.,True
"What is pandas, and why is it important in Python Developer?",what-is-pandas-and-why-is-it-important-in-python-developer,Python Developer,Core Python,Fresher,Easy,Technical,Interview preparation question about pandas.,"Explain pandas clearly, its purpose, how it works, and where it is used. Include a practical example relevant to the role.","A strong answer should define pandas, explain its practical purpose, describe an example, and mention important limitations or trade-offs where relevant.",Definition; purpose; practical usage; example; important considerations,Giving only a memorized definition; confusing related concepts; omitting a practical example.,What are the advantages and limitations of pandas?;Can you give a practical example of pandas?,"python developer,core python,pandas",pandas Interview Questions and Answers | InterviewPrep,Practice pandas interview questions and answers for Python Developer candidates.,True
How does pandas work in Python Developer?,how-does-pandas-work-in-python-developer,Python Developer,Core Python,0-1 Years,Medium,Technical,Interview preparation question about pandas.,"Explain pandas clearly, its purpose, how it works, and where it is used. Include a practical example relevant to the role.","A strong answer should define pandas, explain its practical purpose, describe an example, and mention important limitations or trade-offs where relevant.",Definition; purpose; practical usage; example; important considerations,Giving only a memorized definition; confusing related concepts; omitting a practical example.,What are the advantages and limitations of pandas?;Can you give a practical example of pandas?,"python developer,core python,pandas",pandas Interview Questions and Answers | InterviewPrep,Practice pandas interview questions and answers for Python Developer candidates.,True
What are the common mistakes candidates make when explaining pandas?,what-are-the-common-mistakes-candidates-make-when-explaining-pandas,Python Developer,Core Python,1-3 Years,Medium,Technical,Interview preparation question about pandas.,"Explain pandas clearly, its purpose, how it works, and where it is used. Include a practical example relevant to the role.","A strong answer should define pandas, explain its practical purpose, describe an example, and mention important limitations or trade-offs where relevant.",Definition; purpose; practical usage; example; important considerations,Giving only a memorized definition; confusing related concepts; omitting a practical example.,What are the advantages and limitations of pandas?;Can you give a practical example of pandas?,"python developer,core python,pandas",pandas Interview Questions and Answers | InterviewPrep,Practice pandas interview questions and answers for Python Developer candidates.,True
"What is NumPy, and why is it important in Python Developer?",what-is-numpy-and-why-is-it-important-in-python-developer,Python Developer,Core Python,Fresher,Easy,Technical,Interview preparation question about NumPy.,"Explain NumPy clearly, its purpose, how it works, and where it is used. Include a practical example relevant to the role.","A strong answer should define NumPy, explain its practical purpose, describe an example, and mention important limitations or trade-offs where relevant.",Definition; purpose; practical usage; example; important considerations,Giving only a memorized definition; confusing related concepts; omitting a practical example.,What are the advantages and limitations of NumPy?;Can you give a practical example of NumPy?,"python developer,core python,numpy",NumPy Interview Questions and Answers | InterviewPrep,Practice NumPy interview questions and answers for Python Developer candidates.,True
How does NumPy work in Python Developer?,how-does-numpy-work-in-python-developer,Python Developer,Core Python,0-1 Years,Medium,Technical,Interview preparation question about NumPy.,"Explain NumPy clearly, its purpose, how it works, and where it is used. Include a practical example relevant to the role.","A strong answer should define NumPy, explain its practical purpose, describe an example, and mention important limitations or trade-offs where relevant.",Definition; purpose; practical usage; example; important considerations,Giving only a memorized definition; confusing related concepts; omitting a practical example.,What are the advantages and limitations of NumPy?;Can you give a practical example of NumPy?,"python developer,core python,numpy",NumPy Interview Questions and Answers | InterviewPrep,Practice NumPy interview questions and answers for Python Developer candidates.,True
What are the common mistakes candidates make when explaining NumPy?,what-are-the-common-mistakes-candidates-make-when-explaining-numpy,Python Developer,Core Python,1-3 Years,Medium,Technical,Interview preparation question about NumPy.,"Explain NumPy clearly, its purpose, how it works, and where it is used. Include a practical example relevant to the role.","A strong answer should define NumPy, explain its practical purpose, describe an example, and mention important limitations or trade-offs where relevant.",Definition; purpose; practical usage; example; important considerations,Giving only a memorized definition; confusing related concepts; omitting a practical example.,What are the advantages and limitations of NumPy?;Can you give a practical example of NumPy?,"python developer,core python,numpy",NumPy Interview Questions and Answers | InterviewPrep,Practice NumPy interview questions and answers for Python Developer candidates.,True
"What is Activity lifecycle, and why is it important in Android Developer?",what-is-activity-lifecycle-and-why-is-it-important-in-android-developer,Android Developer,Android Development,Fresher,Easy,Technical,Interview preparation question about Activity lifecycle.,"Explain Activity lifecycle clearly, its purpose, how it works, and where it is used. Include a practical example relevant to the role.","A strong answer should define Activity lifecycle, explain its practical purpose, describe an example, and mention important limitations or trade-offs where relevant.",Definition; purpose; practical usage; example; important considerations,Giving only a memorized definition; confusing related concepts; omitting a practical example.,What are the advantages and limitations of Activity lifecycle?;Can you give a practical example of Activity lifecycle?,"android developer,android development,activity lifecycle",Activity lifecycle Interview Questions and Answers | InterviewPrep,Practice Activity lifecycle interview questions and answers for Android Developer candidates.,True
How does Activity lifecycle work in Android Developer?,how-does-activity-lifecycle-work-in-android-developer,Android Developer,Android Development,0-1 Years,Medium,Technical,Interview preparation question about Activity lifecycle.,"Explain Activity lifecycle clearly, its purpose, how it works, and where it is used. Include a practical example relevant to the role.","A strong answer should define Activity lifecycle, explain its practical purpose, describe an example, and mention important limitations or trade-offs where relevant.",Definition; purpose; practical usage; example; important considerations,Giving only a memorized definition; confusing related concepts; omitting a practical example.,What are the advantages and limitations of Activity lifecycle?;Can you give a practical example of Activity lifecycle?,"android developer,android development,activity lifecycle",Activity lifecycle Interview Questions and Answers | InterviewPrep,Practice Activity lifecycle interview questions and answers for Android Developer candidates.,True
What are the common mistakes candidates make when explaining Activity lifecycle?,what-are-the-common-mistakes-candidates-make-when-explaining-activity-lifecycle,Android Developer,Android Development,1-3 Years,Medium,Technical,Interview preparation question about Activity lifecycle.,"Explain Activity lifecycle clearly, its purpose, how it works, and where it is used. Include a practical example relevant to the role.","A strong answer should define Activity lifecycle, explain its practical purpose, describe an example, and mention important limitations or trade-offs where relevant.",Definition; purpose; practical usage; example; important considerations,Giving only a memorized definition; confusing related concepts; omitting a practical example.,What are the advantages and limitations of Activity lifecycle?;Can you give a practical example of Activity lifecycle?,"android developer,android development,activity lifecycle",Activity lifecycle Interview Questions and Answers | InterviewPrep,Practice Activity lifecycle interview questions and answers for Android Developer candidates.,True
"What is Fragment lifecycle, and why is it important in Android Developer?",what-is-fragment-lifecycle-and-why-is-it-important-in-android-developer,Android Developer,Android Development,Fresher,Easy,Technical,Interview preparation question about Fragment lifecycle.,"Explain Fragment lifecycle clearly, its purpose, how it works, and where it is used. Include a practical example relevant to the role.","A strong answer should define Fragment lifecycle, explain its practical purpose, describe an example, and mention important limitations or trade-offs where relevant.",Definition; purpose; practical usage; example; important considerations,Giving only a memorized definition; confusing related concepts; omitting a practical example.,What are the advantages and limitations of Fragment lifecycle?;Can you give a practical example of Fragment lifecycle?,"android developer,android development,fragment lifecycle",Fragment lifecycle Interview Questions and Answers | InterviewPrep,Practice Fragment lifecycle interview questions and answers for Android Developer candidates.,True
How does Fragment lifecycle work in Android Developer?,how-does-fragment-lifecycle-work-in-android-developer,Android Developer,Android Development,0-1 Years,Medium,Technical,Interview preparation question about Fragment lifecycle.,"Explain Fragment lifecycle clearly, its purpose, how it works, and where it is used. Include a practical example relevant to the role.","A strong answer should define Fragment lifecycle, explain its practical purpose, describe an example, and mention important limitations or trade-offs where relevant.",Definition; purpose; practical usage; example; important considerations,Giving only a memorized definition; confusing related concepts; omitting a practical example.,What are the advantages and limitations of Fragment lifecycle?;Can you give a practical example of Fragment lifecycle?,"android developer,android development,fragment lifecycle",Fragment lifecycle Interview Questions and Answers | InterviewPrep,Practice Fragment lifecycle interview questions and answers for Android Developer candidates.,True
What are the common mistakes candidates make when explaining Fragment lifecycle?,what-are-the-common-mistakes-candidates-make-when-explaining-fragment-lifecycle,Android Developer,Android Development,1-3 Years,Medium,Technical,Interview preparation question about Fragment lifecycle.,"Explain Fragment lifecycle clearly, its purpose, how it works, and where it is used. Include a practical example relevant to the role.","A strong answer should define Fragment lifecycle, explain its practical purpose, describe an example, and mention important limitations or trade-offs where relevant.",Definition; purpose; practical usage; example; important considerations,Giving only a memorized definition; confusing related concepts; omitting a practical example.,What are the advantages and limitations of Fragment lifecycle?;Can you give a practical example of Fragment lifecycle?,"android developer,android development,fragment lifecycle",Fragment lifecycle Interview Questions and Answers | InterviewPrep,Practice Fragment lifecycle interview questions and answers for Android Developer candidates.,True
"What is ViewModel, and why is it important in Android Developer?",what-is-viewmodel-and-why-is-it-important-in-android-developer,Android Developer,Android Development,Fresher,Easy,Technical,Interview preparation question about ViewModel.,"Explain ViewModel clearly, its purpose, how it works, and where it is used. Include a practical example relevant to the role.","A strong answer should define ViewModel, explain its practical purpose, describe an example, and mention important limitations or trade-offs where relevant.",Definition; purpose; practical usage; example; important considerations,Giving only a memorized definition; confusing related concepts; omitting a practical example.,What are the advantages and limitations of ViewModel?;Can you give a practical example of ViewModel?,"android developer,android development,viewmodel",ViewModel Interview Questions and Answers | InterviewPrep,Practice ViewModel interview questions and answers for Android Developer candidates.,True
How does ViewModel work in Android Developer?,how-does-viewmodel-work-in-android-developer,Android Developer,Android Development,0-1 Years,Medium,Technical,Interview preparation question about ViewModel.,"Explain ViewModel clearly, its purpose, how it works, and where it is used. Include a practical example relevant to the role.","A strong answer should define ViewModel, explain its practical purpose, describe an example, and mention important limitations or trade-offs where relevant.",Definition; purpose; practical usage; example; important considerations,Giving only a memorized definition; confusing related concepts; omitting a practical example.,What are the advantages and limitations of ViewModel?;Can you give a practical example of ViewModel?,"android developer,android development,viewmodel",ViewModel Interview Questions and Answers | InterviewPrep,Practice ViewModel interview questions and answers for Android Developer candidates.,True
What are the common mistakes candidates make when explaining ViewModel?,what-are-the-common-mistakes-candidates-make-when-explaining-viewmodel,Android Developer,Android Development,1-3 Years,Medium,Technical,Interview preparation question about ViewModel.,"Explain ViewModel clearly, its purpose, how it works, and where it is used. Include a practical example relevant to the role.","A strong answer should define ViewModel, explain its practical purpose, describe an example, and mention important limitations or trade-offs where relevant.",Definition; purpose; practical usage; example; important considerations,Giving only a memorized definition; confusing related concepts; omitting a practical example.,What are the advantages and limitations of ViewModel?;Can you give a practical example of ViewModel?,"android developer,android development,viewmodel",ViewModel Interview Questions and Answers | InterviewPrep,Practice ViewModel interview questions and answers for Android Developer candidates.,True
"What is LiveData, and why is it important in Android Developer?",what-is-livedata-and-why-is-it-important-in-android-developer,Android Developer,Android Development,Fresher,Easy,Technical,Interview preparation question about LiveData.,"Explain LiveData clearly, its purpose, how it works, and where it is used. Include a practical example relevant to the role.","A strong answer should define LiveData, explain its practical purpose, describe an example, and mention important limitations or trade-offs where relevant.",Definition; purpose; practical usage; example; important considerations,Giving only a memorized definition; confusing related concepts; omitting a practical example.,What are the advantages and limitations of LiveData?;Can you give a practical example of LiveData?,"android developer,android development,livedata",LiveData Interview Questions and Answers | InterviewPrep,Practice LiveData interview questions and answers for Android Developer candidates.,True
How does LiveData work in Android Developer?,how-does-livedata-work-in-android-developer,Android Developer,Android Development,0-1 Years,Medium,Technical,Interview preparation question about LiveData.,"Explain LiveData clearly, its purpose, how it works, and where it is used. Include a practical example relevant to the role.","A strong answer should define LiveData, explain its practical purpose, describe an example, and mention important limitations or trade-offs where relevant.",Definition; purpose; practical usage; example; important considerations,Giving only a memorized definition; confusing related concepts; omitting a practical example.,What are the advantages and limitations of LiveData?;Can you give a practical example of LiveData?,"android developer,android development,livedata",LiveData Interview Questions and Answers | InterviewPrep,Practice LiveData interview questions and answers for Android Developer candidates.,True
What are the common mistakes candidates make when explaining LiveData?,what-are-the-common-mistakes-candidates-make-when-explaining-livedata,Android Developer,Android Development,1-3 Years,Medium,Technical,Interview preparation question about LiveData.,"Explain LiveData clearly, its purpose, how it works, and where it is used. Include a practical example relevant to the role.","A strong answer should define LiveData, explain its practical purpose, describe an example, and mention important limitations or trade-offs where relevant.",Definition; purpose; practical usage; example; important considerations,Giving only a memorized definition; confusing related concepts; omitting a practical example.,What are the advantages and limitations of LiveData?;Can you give a practical example of LiveData?,"android developer,android development,livedata",LiveData Interview Questions and Answers | InterviewPrep,Practice LiveData interview questions and answers for Android Developer candidates.,True
"What is StateFlow, and why is it important in Android Developer?",what-is-stateflow-and-why-is-it-important-in-android-developer,Android Developer,Android Development,Fresher,Easy,Technical,Interview preparation question about StateFlow.,"Explain StateFlow clearly, its purpose, how it works, and where it is used. Include a practical example relevant to the role.","A strong answer should define StateFlow, explain its practical purpose, describe an example, and mention important limitations or trade-offs where relevant.",Definition; purpose; practical usage; example; important considerations,Giving only a memorized definition; confusing related concepts; omitting a practical example.,What are the advantages and limitations of StateFlow?;Can you give a practical example of StateFlow?,"android developer,android development,stateflow",StateFlow Interview Questions and Answers | InterviewPrep,Practice StateFlow interview questions and answers for Android Developer candidates.,True
How does StateFlow work in Android Developer?,how-does-stateflow-work-in-android-developer,Android Developer,Android Development,0-1 Years,Medium,Technical,Interview preparation question about StateFlow.,"Explain StateFlow clearly, its purpose, how it works, and where it is used. Include a practical example relevant to the role.","A strong answer should define StateFlow, explain its practical purpose, describe an example, and mention important limitations or trade-offs where relevant.",Definition; purpose; practical usage; example; important considerations,Giving only a memorized definition; confusing related concepts; omitting a practical example.,What are the advantages and limitations of StateFlow?;Can you give a practical example of StateFlow?,"android developer,android development,stateflow",StateFlow Interview Questions and Answers | InterviewPrep,Practice StateFlow interview questions and answers for Android Developer candidates.,True
What are the common mistakes candidates make when explaining StateFlow?,what-are-the-common-mistakes-candidates-make-when-explaining-stateflow,Android Developer,Android Development,1-3 Years,Medium,Technical,Interview preparation question about StateFlow.,"Explain StateFlow clearly, its purpose, how it works, and where it is used. Include a practical example relevant to the role.","A strong answer should define StateFlow, explain its practical purpose, describe an example, and mention important limitations or trade-offs where relevant.",Definition; purpose; practical usage; example; important considerations,Giving only a memorized definition; confusing related concepts; omitting a practical example.,What are the advantages and limitations of StateFlow?;Can you give a practical example of StateFlow?,"android developer,android development,stateflow",StateFlow Interview Questions and Answers | InterviewPrep,Practice StateFlow interview questions and answers for Android Developer candidates.,True
"What is Jetpack Compose, and why is it important in Android Developer?",what-is-jetpack-compose-and-why-is-it-important-in-android-developer,Android Developer,Android Development,Fresher,Easy,Technical,Interview preparation question about Jetpack Compose.,"Explain Jetpack Compose clearly, its purpose, how it works, and where it is used. Include a practical example relevant to the role.","A strong answer should define Jetpack Compose, explain its practical purpose, describe an example, and mention important limitations or trade-offs where relevant.",Definition; purpose; practical usage; example; important considerations,Giving only a memorized definition; confusing related concepts; omitting a practical example.,What are the advantages and limitations of Jetpack Compose?;Can you give a practical example of Jetpack Compose?,"android developer,android development,jetpack compose",Jetpack Compose Interview Questions and Answers | InterviewPrep,Practice Jetpack Compose interview questions and answers for Android Developer candidates.,True
How does Jetpack Compose work in Android Developer?,how-does-jetpack-compose-work-in-android-developer,Android Developer,Android Development,0-1 Years,Medium,Technical,Interview preparation question about Jetpack Compose.,"Explain Jetpack Compose clearly, its purpose, how it works, and where it is used. Include a practical example relevant to the role.","A strong answer should define Jetpack Compose, explain its practical purpose, describe an example, and mention important limitations or trade-offs where relevant.",Definition; purpose; practical usage; example; important considerations,Giving only a memorized definition; confusing related concepts; omitting a practical example.,What are the advantages and limitations of Jetpack Compose?;Can you give a practical example of Jetpack Compose?,"android developer,android development,jetpack compose",Jetpack Compose Interview Questions and Answers | InterviewPrep,Practice Jetpack Compose interview questions and answers for Android Developer candidates.,True
What are the common mistakes candidates make when explaining Jetpack Compose?,what-are-the-common-mistakes-candidates-make-when-explaining-jetpack-compose,Android Developer,Android Development,1-3 Years,Medium,Technical,Interview preparation question about Jetpack Compose.,"Explain Jetpack Compose clearly, its purpose, how it works, and where it is used. Include a practical example relevant to the role.","A strong answer should define Jetpack Compose, explain its practical purpose, describe an example, and mention important limitations or trade-offs where relevant.",Definition; purpose; practical usage; example; important considerations,Giving only a memorized definition; confusing related concepts; omitting a practical example.,What are the advantages and limitations of Jetpack Compose?;Can you give a practical example of Jetpack Compose?,"android developer,android development,jetpack compose",Jetpack Compose Interview Questions and Answers | InterviewPrep,Practice Jetpack Compose interview questions and answers for Android Developer candidates.,True
"What is recomposition, and why is it important in Android Developer?",what-is-recomposition-and-why-is-it-important-in-android-developer,Android Developer,Android Development,Fresher,Easy,Technical,Interview preparation question about recomposition.,"Explain recomposition clearly, its purpose, how it works, and where it is used. Include a practical example relevant to the role.","A strong answer should define recomposition, explain its practical purpose, describe an example, and mention important limitations or trade-offs where relevant.",Definition; purpose; practical usage; example; important considerations,Giving only a memorized definition; confusing related concepts; omitting a practical example.,What are the advantages and limitations of recomposition?;Can you give a practical example of recomposition?,"android developer,android development,recomposition",recomposition Interview Questions and Answers | InterviewPrep,Practice recomposition interview questions and answers for Android Developer candidates.,True
How does recomposition work in Android Developer?,how-does-recomposition-work-in-android-developer,Android Developer,Android Development,0-1 Years,Medium,Technical,Interview preparation question about recomposition.,"Explain recomposition clearly, its purpose, how it works, and where it is used. Include a practical example relevant to the role.","A strong answer should define recomposition, explain its practical purpose, describe an example, and mention important limitations or trade-offs where relevant.",Definition; purpose; practical usage; example; important considerations,Giving only a memorized definition; confusing related concepts; omitting a practical example.,What are the advantages and limitations of recomposition?;Can you give a practical example of recomposition?,"android developer,android development,recomposition",recomposition Interview Questions and Answers | InterviewPrep,Practice recomposition interview questions and answers for Android Developer candidates.,True
What are the common mistakes candidates make when explaining recomposition?,what-are-the-common-mistakes-candidates-make-when-explaining-recomposition,Android Developer,Android Development,1-3 Years,Medium,Technical,Interview preparation question about recomposition.,"Explain recomposition clearly, its purpose, how it works, and where it is used. Include a practical example relevant to the role.","A strong answer should define recomposition, explain its practical purpose, describe an example, and mention important limitations or trade-offs where relevant.",Definition; purpose; practical usage; example; important considerations,Giving only a memorized definition; confusing related concepts; omitting a practical example.,What are the advantages and limitations of recomposition?;Can you give a practical example of recomposition?,"android developer,android development,recomposition",recomposition Interview Questions and Answers | InterviewPrep,Practice recomposition interview questions and answers for Android Developer candidates.,True
"What is remember, and why is it important in Android Developer?",what-is-remember-and-why-is-it-important-in-android-developer,Android Developer,Android Development,Fresher,Easy,Technical,Interview preparation question about remember.,"Explain remember clearly, its purpose, how it works, and where it is used. Include a practical example relevant to the role.","A strong answer should define remember, explain its practical purpose, describe an example, and mention important limitations or trade-offs where relevant.",Definition; purpose; practical usage; example; important considerations,Giving only a memorized definition; confusing related concepts; omitting a practical example.,What are the advantages and limitations of remember?;Can you give a practical example of remember?,"android developer,android development,remember",remember Interview Questions and Answers | InterviewPrep,Practice remember interview questions and answers for Android Developer candidates.,True
How does remember work in Android Developer?,how-does-remember-work-in-android-developer,Android Developer,Android Development,0-1 Years,Medium,Technical,Interview preparation question about remember.,"Explain remember clearly, its purpose, how it works, and where it is used. Include a practical example relevant to the role.","A strong answer should define remember, explain its practical purpose, describe an example, and mention important limitations or trade-offs where relevant.",Definition; purpose; practical usage; example; important considerations,Giving only a memorized definition; confusing related concepts; omitting a practical example.,What are the advantages and limitations of remember?;Can you give a practical example of remember?,"android developer,android development,remember",remember Interview Questions and Answers | InterviewPrep,Practice remember interview questions and answers for Android Developer candidates.,True
What are the common mistakes candidates make when explaining remember?,what-are-the-common-mistakes-candidates-make-when-explaining-remember,Android Developer,Android Development,1-3 Years,Medium,Technical,Interview preparation question about remember.,"Explain remember clearly, its purpose, how it works, and where it is used. Include a practical example relevant to the role.","A strong answer should define remember, explain its practical purpose, describe an example, and mention important limitations or trade-offs where relevant.",Definition; purpose; practical usage; example; important considerations,Giving only a memorized definition; confusing related concepts; omitting a practical example.,What are the advantages and limitations of remember?;Can you give a practical example of remember?,"android developer,android development,remember",remember Interview Questions and Answers | InterviewPrep,Practice remember interview questions and answers for Android Developer candidates.,True
"What is LaunchedEffect, and why is it important in Android Developer?",what-is-launchedeffect-and-why-is-it-important-in-android-developer,Android Developer,Android Development,Fresher,Easy,Technical,Interview preparation question about LaunchedEffect.,"Explain LaunchedEffect clearly, its purpose, how it works, and where it is used. Include a practical example relevant to the role.","A strong answer should define LaunchedEffect, explain its practical purpose, describe an example, and mention important limitations or trade-offs where relevant.",Definition; purpose; practical usage; example; important considerations,Giving only a memorized definition; confusing related concepts; omitting a practical example.,What are the advantages and limitations of LaunchedEffect?;Can you give a practical example of LaunchedEffect?,"android developer,android development,launchedeffect",LaunchedEffect Interview Questions and Answers | InterviewPrep,Practice LaunchedEffect interview questions and answers for Android Developer candidates.,True
How does LaunchedEffect work in Android Developer?,how-does-launchedeffect-work-in-android-developer,Android Developer,Android Development,0-1 Years,Medium,Technical,Interview preparation question about LaunchedEffect.,"Explain LaunchedEffect clearly, its purpose, how it works, and where it is used. Include a practical example relevant to the role.","A strong answer should define LaunchedEffect, explain its practical purpose, describe an example, and mention important limitations or trade-offs where relevant.",Definition; purpose; practical usage; example; important considerations,Giving only a memorized definition; confusing related concepts; omitting a practical example.,What are the advantages and limitations of LaunchedEffect?;Can you give a practical example of LaunchedEffect?,"android developer,android development,launchedeffect",LaunchedEffect Interview Questions and Answers | InterviewPrep,Practice LaunchedEffect interview questions and answers for Android Developer candidates.,True
What are the common mistakes candidates make when explaining LaunchedEffect?,what-are-the-common-mistakes-candidates-make-when-explaining-launchedeffect,Android Developer,Android Development,1-3 Years,Medium,Technical,Interview preparation question about LaunchedEffect.,"Explain LaunchedEffect clearly, its purpose, how it works, and where it is used. Include a practical example relevant to the role.","A strong answer should define LaunchedEffect, explain its practical purpose, describe an example, and mention important limitations or trade-offs where relevant.",Definition; purpose; practical usage; example; important considerations,Giving only a memorized definition; confusing related concepts; omitting a practical example.,What are the advantages and limitations of LaunchedEffect?;Can you give a practical example of LaunchedEffect?,"android developer,android development,launchedeffect",LaunchedEffect Interview Questions and Answers | InterviewPrep,Practice LaunchedEffect interview questions and answers for Android Developer candidates.,True
"What is Navigation Compose, and why is it important in Android Developer?",what-is-navigation-compose-and-why-is-it-important-in-android-developer,Android Developer,Android Development,Fresher,Easy,Technical,Interview preparation question about Navigation Compose.,"Explain Navigation Compose clearly, its purpose, how it works, and where it is used. Include a practical example relevant to the role.","A strong answer should define Navigation Compose, explain its practical purpose, describe an example, and mention important limitations or trade-offs where relevant.",Definition; purpose; practical usage; example; important considerations,Giving only a memorized definition; confusing related concepts; omitting a practical example.,What are the advantages and limitations of Navigation Compose?;Can you give a practical example of Navigation Compose?,"android developer,android development,navigation compose",Navigation Compose Interview Questions and Answers | InterviewPrep,Practice Navigation Compose interview questions and answers for Android Developer candidates.,True
How does Navigation Compose work in Android Developer?,how-does-navigation-compose-work-in-android-developer,Android Developer,Android Development,0-1 Years,Medium,Technical,Interview preparation question about Navigation Compose.,"Explain Navigation Compose clearly, its purpose, how it works, and where it is used. Include a practical example relevant to the role.","A strong answer should define Navigation Compose, explain its practical purpose, describe an example, and mention important limitations or trade-offs where relevant.",Definition; purpose; practical usage; example; important considerations,Giving only a memorized definition; confusing related concepts; omitting a practical example.,What are the advantages and limitations of Navigation Compose?;Can you give a practical example of Navigation Compose?,"android developer,android development,navigation compose",Navigation Compose Interview Questions and Answers | InterviewPrep,Practice Navigation Compose interview questions and answers for Android Developer candidates.,True
What are the common mistakes candidates make when explaining Navigation Compose?,what-are-the-common-mistakes-candidates-make-when-explaining-navigation-compose,Android Developer,Android Development,1-3 Years,Medium,Technical,Interview preparation question about Navigation Compose.,"Explain Navigation Compose clearly, its purpose, how it works, and where it is used. Include a practical example relevant to the role.","A strong answer should define Navigation Compose, explain its practical purpose, describe an example, and mention important limitations or trade-offs where relevant.",Definition; purpose; practical usage; example; important considerations,Giving only a memorized definition; confusing related concepts; omitting a practical example.,What are the advantages and limitations of Navigation Compose?;Can you give a practical example of Navigation Compose?,"android developer,android development,navigation compose",Navigation Compose Interview Questions and Answers | InterviewPrep,Practice Navigation Compose interview questions and answers for Android Developer candidates.,True
"What is Room, and why is it important in Android Developer?",what-is-room-and-why-is-it-important-in-android-developer,Android Developer,Android Development,Fresher,Easy,Technical,Interview preparation question about Room.,"Explain Room clearly, its purpose, how it works, and where it is used. Include a practical example relevant to the role.","A strong answer should define Room, explain its practical purpose, describe an example, and mention important limitations or trade-offs where relevant.",Definition; purpose; practical usage; example; important considerations,Giving only a memorized definition; confusing related concepts; omitting a practical example.,What are the advantages and limitations of Room?;Can you give a practical example of Room?,"android developer,android development,room",Room Interview Questions and Answers | InterviewPrep,Practice Room interview questions and answers for Android Developer candidates.,True
How does Room work in Android Developer?,how-does-room-work-in-android-developer,Android Developer,Android Development,0-1 Years,Medium,Technical,Interview preparation question about Room.,"Explain Room clearly, its purpose, how it works, and where it is used. Include a practical example relevant to the role.","A strong answer should define Room, explain its practical purpose, describe an example, and mention important limitations or trade-offs where relevant.",Definition; purpose; practical usage; example; important considerations,Giving only a memorized definition; confusing related concepts; omitting a practical example.,What are the advantages and limitations of Room?;Can you give a practical example of Room?,"android developer,android development,room",Room Interview Questions and Answers | InterviewPrep,Practice Room interview questions and answers for Android Developer candidates.,True
What are the common mistakes candidates make when explaining Room?,what-are-the-common-mistakes-candidates-make-when-explaining-room,Android Developer,Android Development,1-3 Years,Medium,Technical,Interview preparation question about Room.,"Explain Room clearly, its purpose, how it works, and where it is used. Include a practical example relevant to the role.","A strong answer should define Room, explain its practical purpose, describe an example, and mention important limitations or trade-offs where relevant.",Definition; purpose; practical usage; example; important considerations,Giving only a memorized definition; confusing related concepts; omitting a practical example.,What are the advantages and limitations of Room?;Can you give a practical example of Room?,"android developer,android development,room",Room Interview Questions and Answers | InterviewPrep,Practice Room interview questions and answers for Android Developer candidates.,True
"What is Retrofit, and why is it important in Android Developer?",what-is-retrofit-and-why-is-it-important-in-android-developer,Android Developer,Android Development,Fresher,Easy,Technical,Interview preparation question about Retrofit.,"Explain Retrofit clearly, its purpose, how it works, and where it is used. Include a practical example relevant to the role.","A strong answer should define Retrofit, explain its practical purpose, describe an example, and mention important limitations or trade-offs where relevant.",Definition; purpose; practical usage; example; important considerations,Giving only a memorized definition; confusing related concepts; omitting a practical example.,What are the advantages and limitations of Retrofit?;Can you give a practical example of Retrofit?,"android developer,android development,retrofit",Retrofit Interview Questions and Answers | InterviewPrep,Practice Retrofit interview questions and answers for Android Developer candidates.,True
How does Retrofit work in Android Developer?,how-does-retrofit-work-in-android-developer,Android Developer,Android Development,0-1 Years,Medium,Technical,Interview preparation question about Retrofit.,"Explain Retrofit clearly, its purpose, how it works, and where it is used. Include a practical example relevant to the role.","A strong answer should define Retrofit, explain its practical purpose, describe an example, and mention important limitations or trade-offs where relevant.",Definition; purpose; practical usage; example; important considerations,Giving only a memorized definition; confusing related concepts; omitting a practical example.,What are the advantages and limitations of Retrofit?;Can you give a practical example of Retrofit?,"android developer,android development,retrofit",Retrofit Interview Questions and Answers | InterviewPrep,Practice Retrofit interview questions and answers for Android Developer candidates.,True
What are the common mistakes candidates make when explaining Retrofit?,what-are-the-common-mistakes-candidates-make-when-explaining-retrofit,Android Developer,Android Development,1-3 Years,Medium,Technical,Interview preparation question about Retrofit.,"Explain Retrofit clearly, its purpose, how it works, and where it is used. Include a practical example relevant to the role.","A strong answer should define Retrofit, explain its practical purpose, describe an example, and mention important limitations or trade-offs where relevant.",Definition; purpose; practical usage; example; important considerations,Giving only a memorized definition; confusing related concepts; omitting a practical example.,What are the advantages and limitations of Retrofit?;Can you give a practical example of Retrofit?,"android developer,android development,retrofit",Retrofit Interview Questions and Answers | InterviewPrep,Practice Retrofit interview questions and answers for Android Developer candidates.,True
"What is OkHttp, and why is it important in Android Developer?",what-is-okhttp-and-why-is-it-important-in-android-developer,Android Developer,Android Development,Fresher,Easy,Technical,Interview preparation question about OkHttp.,"Explain OkHttp clearly, its purpose, how it works, and where it is used. Include a practical example relevant to the role.","A strong answer should define OkHttp, explain its practical purpose, describe an example, and mention important limitations or trade-offs where relevant.",Definition; purpose; practical usage; example; important considerations,Giving only a memorized definition; confusing related concepts; omitting a practical example.,What are the advantages and limitations of OkHttp?;Can you give a practical example of OkHttp?,"android developer,android development,okhttp",OkHttp Interview Questions and Answers | InterviewPrep,Practice OkHttp interview questions and answers for Android Developer candidates.,True
How does OkHttp work in Android Developer?,how-does-okhttp-work-in-android-developer,Android Developer,Android Development,0-1 Years,Medium,Technical,Interview preparation question about OkHttp.,"Explain OkHttp clearly, its purpose, how it works, and where it is used. Include a practical example relevant to the role.","A strong answer should define OkHttp, explain its practical purpose, describe an example, and mention important limitations or trade-offs where relevant.",Definition; purpose; practical usage; example; important considerations,Giving only a memorized definition; confusing related concepts; omitting a practical example.,What are the advantages and limitations of OkHttp?;Can you give a practical example of OkHttp?,"android developer,android development,okhttp",OkHttp Interview Questions and Answers | InterviewPrep,Practice OkHttp interview questions and answers for Android Developer candidates.,True
What are the common mistakes candidates make when explaining OkHttp?,what-are-the-common-mistakes-candidates-make-when-explaining-okhttp,Android Developer,Android Development,1-3 Years,Medium,Technical,Interview preparation question about OkHttp.,"Explain OkHttp clearly, its purpose, how it works, and where it is used. Include a practical example relevant to the role.","A strong answer should define OkHttp, explain its practical purpose, describe an example, and mention important limitations or trade-offs where relevant.",Definition; purpose; practical usage; example; important considerations,Giving only a memorized definition; confusing related concepts; omitting a practical example.,What are the advantages and limitations of OkHttp?;Can you give a practical example of OkHttp?,"android developer,android development,okhttp",OkHttp Interview Questions and Answers | InterviewPrep,Practice OkHttp interview questions and answers for Android Developer candidates.,True
"What is Coroutines, and why is it important in Android Developer?",what-is-coroutines-and-why-is-it-important-in-android-developer,Android Developer,Android Development,Fresher,Easy,Technical,Interview preparation question about Coroutines.,"Explain Coroutines clearly, its purpose, how it works, and where it is used. Include a practical example relevant to the role.","A strong answer should define Coroutines, explain its practical purpose, describe an example, and mention important limitations or trade-offs where relevant.",Definition; purpose; practical usage; example; important considerations,Giving only a memorized definition; confusing related concepts; omitting a practical example.,What are the advantages and limitations of Coroutines?;Can you give a practical example of Coroutines?,"android developer,android development,coroutines",Coroutines Interview Questions and Answers | InterviewPrep,Practice Coroutines interview questions and answers for Android Developer candidates.,True
How does Coroutines work in Android Developer?,how-does-coroutines-work-in-android-developer,Android Developer,Android Development,0-1 Years,Medium,Technical,Interview preparation question about Coroutines.,"Explain Coroutines clearly, its purpose, how it works, and where it is used. Include a practical example relevant to the role.","A strong answer should define Coroutines, explain its practical purpose, describe an example, and mention important limitations or trade-offs where relevant.",Definition; purpose; practical usage; example; important considerations,Giving only a memorized definition; confusing related concepts; omitting a practical example.,What are the advantages and limitations of Coroutines?;Can you give a practical example of Coroutines?,"android developer,android development,coroutines",Coroutines Interview Questions and Answers | InterviewPrep,Practice Coroutines interview questions and answers for Android Developer candidates.,True
What are the common mistakes candidates make when explaining Coroutines?,what-are-the-common-mistakes-candidates-make-when-explaining-coroutines,Android Developer,Android Development,1-3 Years,Medium,Technical,Interview preparation question about Coroutines.,"Explain Coroutines clearly, its purpose, how it works, and where it is used. Include a practical example relevant to the role.","A strong answer should define Coroutines, explain its practical purpose, describe an example, and mention important limitations or trade-offs where relevant.",Definition; purpose; practical usage; example; important considerations,Giving only a memorized definition; confusing related concepts; omitting a practical example.,What are the advantages and limitations of Coroutines?;Can you give a practical example of Coroutines?,"android developer,android development,coroutines",Coroutines Interview Questions and Answers | InterviewPrep,Practice Coroutines interview questions and answers for Android Developer candidates.,True
"What is WorkManager, and why is it important in Android Developer?",what-is-workmanager-and-why-is-it-important-in-android-developer,Android Developer,Android Development,Fresher,Easy,Technical,Interview preparation question about WorkManager.,"Explain WorkManager clearly, its purpose, how it works, and where it is used. Include a practical example relevant to the role.","A strong answer should define WorkManager, explain its practical purpose, describe an example, and mention important limitations or trade-offs where relevant.",Definition; purpose; practical usage; example; important considerations,Giving only a memorized definition; confusing related concepts; omitting a practical example.,What are the advantages and limitations of WorkManager?;Can you give a practical example of WorkManager?,"android developer,android development,workmanager",WorkManager Interview Questions and Answers | InterviewPrep,Practice WorkManager interview questions and answers for Android Developer candidates.,True
How does WorkManager work in Android Developer?,how-does-workmanager-work-in-android-developer,Android Developer,Android Development,0-1 Years,Medium,Technical,Interview preparation question about WorkManager.,"Explain WorkManager clearly, its purpose, how it works, and where it is used. Include a practical example relevant to the role.","A strong answer should define WorkManager, explain its practical purpose, describe an example, and mention important limitations or trade-offs where relevant.",Definition; purpose; practical usage; example; important considerations,Giving only a memorized definition; confusing related concepts; omitting a practical example.,What are the advantages and limitations of WorkManager?;Can you give a practical example of WorkManager?,"android developer,android development,workmanager",WorkManager Interview Questions and Answers | InterviewPrep,Practice WorkManager interview questions and answers for Android Developer candidates.,True
What are the common mistakes candidates make when explaining WorkManager?,what-are-the-common-mistakes-candidates-make-when-explaining-workmanager,Android Developer,Android Development,1-3 Years,Medium,Technical,Interview preparation question about WorkManager.,"Explain WorkManager clearly, its purpose, how it works, and where it is used. Include a practical example relevant to the role.","A strong answer should define WorkManager, explain its practical purpose, describe an example, and mention important limitations or trade-offs where relevant.",Definition; purpose; practical usage; example; important considerations,Giving only a memorized definition; confusing related concepts; omitting a practical example.,What are the advantages and limitations of WorkManager?;Can you give a practical example of WorkManager?,"android developer,android development,workmanager",WorkManager Interview Questions and Answers | InterviewPrep,Practice WorkManager interview questions and answers for Android Developer candidates.,True
"What is services, and why is it important in Android Developer?",what-is-services-and-why-is-it-important-in-android-developer,Android Developer,Android Development,Fresher,Easy,Technical,Interview preparation question about services.,"Explain services clearly, its purpose, how it works, and where it is used. Include a practical example relevant to the role.","A strong answer should define services, explain its practical purpose, describe an example, and mention important limitations or trade-offs where relevant.",Definition; purpose; practical usage; example; important considerations,Giving only a memorized definition; confusing related concepts; omitting a practical example.,What are the advantages and limitations of services?;Can you give a practical example of services?,"android developer,android development,services",services Interview Questions and Answers | InterviewPrep,Practice services interview questions and answers for Android Developer candidates.,True
How does services work in Android Developer?,how-does-services-work-in-android-developer,Android Developer,Android Development,0-1 Years,Medium,Technical,Interview preparation question about services.,"Explain services clearly, its purpose, how it works, and where it is used. Include a practical example relevant to the role.","A strong answer should define services, explain its practical purpose, describe an example, and mention important limitations or trade-offs where relevant.",Definition; purpose; practical usage; example; important considerations,Giving only a memorized definition; confusing related concepts; omitting a practical example.,What are the advantages and limitations of services?;Can you give a practical example of services?,"android developer,android development,services",services Interview Questions and Answers | InterviewPrep,Practice services interview questions and answers for Android Developer candidates.,True
What are the common mistakes candidates make when explaining services?,what-are-the-common-mistakes-candidates-make-when-explaining-services,Android Developer,Android Development,1-3 Years,Medium,Technical,Interview preparation question about services.,"Explain services clearly, its purpose, how it works, and where it is used. Include a practical example relevant to the role.","A strong answer should define services, explain its practical purpose, describe an example, and mention important limitations or trade-offs where relevant.",Definition; purpose; practical usage; example; important considerations,Giving only a memorized definition; confusing related concepts; omitting a practical example.,What are the advantages and limitations of services?;Can you give a practical example of services?,"android developer,android development,services",services Interview Questions and Answers | InterviewPrep,Practice services interview questions and answers for Android Developer candidates.,True
"What is broadcast receivers, and why is it important in Android Developer?",what-is-broadcast-receivers-and-why-is-it-important-in-android-developer,Android Developer,Android Development,Fresher,Easy,Technical,Interview preparation question about broadcast receivers.,"Explain broadcast receivers clearly, its purpose, how it works, and where it is used. Include a practical example relevant to the role.","A strong answer should define broadcast receivers, explain its practical purpose, describe an example, and mention important limitations or trade-offs where relevant.",Definition; purpose; practical usage; example; important considerations,Giving only a memorized definition; confusing related concepts; omitting a practical example.,What are the advantages and limitations of broadcast receivers?;Can you give a practical example of broadcast receivers?,"android developer,android development,broadcast receivers",broadcast receivers Interview Questions and Answers | InterviewPrep,Practice broadcast receivers interview questions and answers for Android Developer candidates.,True
How does broadcast receivers work in Android Developer?,how-does-broadcast-receivers-work-in-android-developer,Android Developer,Android Development,0-1 Years,Medium,Technical,Interview preparation question about broadcast receivers.,"Explain broadcast receivers clearly, its purpose, how it works, and where it is used. Include a practical example relevant to the role.","A strong answer should define broadcast receivers, explain its practical purpose, describe an example, and mention important limitations or trade-offs where relevant.",Definition; purpose; practical usage; example; important considerations,Giving only a memorized definition; confusing related concepts; omitting a practical example.,What are the advantages and limitations of broadcast receivers?;Can you give a practical example of broadcast receivers?,"android developer,android development,broadcast receivers",broadcast receivers Interview Questions and Answers | InterviewPrep,Practice broadcast receivers interview questions and answers for Android Developer candidates.,True
What are the common mistakes candidates make when explaining broadcast receivers?,what-are-the-common-mistakes-candidates-make-when-explaining-broadcast-receivers,Android Developer,Android Development,1-3 Years,Medium,Technical,Interview preparation question about broadcast receivers.,"Explain broadcast receivers clearly, its purpose, how it works, and where it is used. Include a practical example relevant to the role.","A strong answer should define broadcast receivers, explain its practical purpose, describe an example, and mention important limitations or trade-offs where relevant.",Definition; purpose; practical usage; example; important considerations,Giving only a memorized definition; confusing related concepts; omitting a practical example.,What are the advantages and limitations of broadcast receivers?;Can you give a practical example of broadcast receivers?,"android developer,android development,broadcast receivers",broadcast receivers Interview Questions and Answers | InterviewPrep,Practice broadcast receivers interview questions and answers for Android Developer candidates.,True
"What is content providers, and why is it important in Android Developer?",what-is-content-providers-and-why-is-it-important-in-android-developer,Android Developer,Android Development,Fresher,Easy,Technical,Interview preparation question about content providers.,"Explain content providers clearly, its purpose, how it works, and where it is used. Include a practical example relevant to the role.","A strong answer should define content providers, explain its practical purpose, describe an example, and mention important limitations or trade-offs where relevant.",Definition; purpose; practical usage; example; important considerations,Giving only a memorized definition; confusing related concepts; omitting a practical example.,What are the advantages and limitations of content providers?;Can you give a practical example of content providers?,"android developer,android development,content providers",content providers Interview Questions and Answers | InterviewPrep,Practice content providers interview questions and answers for Android Developer candidates.,True
How does content providers work in Android Developer?,how-does-content-providers-work-in-android-developer,Android Developer,Android Development,0-1 Years,Medium,Technical,Interview preparation question about content providers.,"Explain content providers clearly, its purpose, how it works, and where it is used. Include a practical example relevant to the role.","A strong answer should define content providers, explain its practical purpose, describe an example, and mention important limitations or trade-offs where relevant.",Definition; purpose; practical usage; example; important considerations,Giving only a memorized definition; confusing related concepts; omitting a practical example.,What are the advantages and limitations of content providers?;Can you give a practical example of content providers?,"android developer,android development,content providers",content providers Interview Questions and Answers | InterviewPrep,Practice content providers interview questions and answers for Android Developer candidates.,True
What are the common mistakes candidates make when explaining content providers?,what-are-the-common-mistakes-candidates-make-when-explaining-content-providers,Android Developer,Android Development,1-3 Years,Medium,Technical,Interview preparation question about content providers.,"Explain content providers clearly, its purpose, how it works, and where it is used. Include a practical example relevant to the role.","A strong answer should define content providers, explain its practical purpose, describe an example, and mention important limitations or trade-offs where relevant.",Definition; purpose; practical usage; example; important considerations,Giving only a memorized definition; confusing related concepts; omitting a practical example.,What are the advantages and limitations of content providers?;Can you give a practical example of content providers?,"android developer,android development,content providers",content providers Interview Questions and Answers | InterviewPrep,Practice content providers interview questions and answers for Android Developer candidates.,True
"What is Intents, and why is it important in Android Developer?",what-is-intents-and-why-is-it-important-in-android-developer,Android Developer,Android Development,Fresher,Easy,Technical,Interview preparation question about Intents.,"Explain Intents clearly, its purpose, how it works, and where it is used. Include a practical example relevant to the role.","A strong answer should define Intents, explain its practical purpose, describe an example, and mention important limitations or trade-offs where relevant.",Definition; purpose; practical usage; example; important considerations,Giving only a memorized definition; confusing related concepts; omitting a practical example.,What are the advantages and limitations of Intents?;Can you give a practical example of Intents?,"android developer,android development,intents",Intents Interview Questions and Answers | InterviewPrep,Practice Intents interview questions and answers for Android Developer candidates.,True
How does Intents work in Android Developer?,how-does-intents-work-in-android-developer,Android Developer,Android Development,0-1 Years,Medium,Technical,Interview preparation question about Intents.,"Explain Intents clearly, its purpose, how it works, and where it is used. Include a practical example relevant to the role.","A strong answer should define Intents, explain its practical purpose, describe an example, and mention important limitations or trade-offs where relevant.",Definition; purpose; practical usage; example; important considerations,Giving only a memorized definition; confusing related concepts; omitting a practical example.,What are the advantages and limitations of Intents?;Can you give a practical example of Intents?,"android developer,android development,intents",Intents Interview Questions and Answers | InterviewPrep,Practice Intents interview questions and answers for Android Developer candidates.,True
What are the common mistakes candidates make when explaining Intents?,what-are-the-common-mistakes-candidates-make-when-explaining-intents,Android Developer,Android Development,1-3 Years,Medium,Technical,Interview preparation question about Intents.,"Explain Intents clearly, its purpose, how it works, and where it is used. Include a practical example relevant to the role.","A strong answer should define Intents, explain its practical purpose, describe an example, and mention important limitations or trade-offs where relevant.",Definition; purpose; practical usage; example; important considerations,Giving only a memorized definition; confusing related concepts; omitting a practical example.,What are the advantages and limitations of Intents?;Can you give a practical example of Intents?,"android developer,android development,intents",Intents Interview Questions and Answers | InterviewPrep,Practice Intents interview questions and answers for Android Developer candidates.,True
"What is permissions, and why is it important in Android Developer?",what-is-permissions-and-why-is-it-important-in-android-developer,Android Developer,Android Development,Fresher,Easy,Technical,Interview preparation question about permissions.,"Explain permissions clearly, its purpose, how it works, and where it is used. Include a practical example relevant to the role.","A strong answer should define permissions, explain its practical purpose, describe an example, and mention important limitations or trade-offs where relevant.",Definition; purpose; practical usage; example; important considerations,Giving only a memorized definition; confusing related concepts; omitting a practical example.,What are the advantages and limitations of permissions?;Can you give a practical example of permissions?,"android developer,android development,permissions",permissions Interview Questions and Answers | InterviewPrep,Practice permissions interview questions and answers for Android Developer candidates.,True
How does permissions work in Android Developer?,how-does-permissions-work-in-android-developer,Android Developer,Android Development,0-1 Years,Medium,Technical,Interview preparation question about permissions.,"Explain permissions clearly, its purpose, how it works, and where it is used. Include a practical example relevant to the role.","A strong answer should define permissions, explain its practical purpose, describe an example, and mention important limitations or trade-offs where relevant.",Definition; purpose; practical usage; example; important considerations,Giving only a memorized definition; confusing related concepts; omitting a practical example.,What are the advantages and limitations of permissions?;Can you give a practical example of permissions?,"android developer,android development,permissions",permissions Interview Questions and Answers | InterviewPrep,Practice permissions interview questions and answers for Android Developer candidates.,True
What are the common mistakes candidates make when explaining permissions?,what-are-the-common-mistakes-candidates-make-when-explaining-permissions,Android Developer,Android Development,1-3 Years,Medium,Technical,Interview preparation question about permissions.,"Explain permissions clearly, its purpose, how it works, and where it is used. Include a practical example relevant to the role.","A strong answer should define permissions, explain its practical purpose, describe an example, and mention important limitations or trade-offs where relevant.",Definition; purpose; practical usage; example; important considerations,Giving only a memorized definition; confusing related concepts; omitting a practical example.,What are the advantages and limitations of permissions?;Can you give a practical example of permissions?,"android developer,android development,permissions",permissions Interview Questions and Answers | InterviewPrep,Practice permissions interview questions and answers for Android Developer candidates.,True
"What is notifications, and why is it important in Android Developer?",what-is-notifications-and-why-is-it-important-in-android-developer,Android Developer,Android Development,Fresher,Easy,Technical,Interview preparation question about notifications.,"Explain notifications clearly, its purpose, how it works, and where it is used. Include a practical example relevant to the role.","A strong answer should define notifications, explain its practical purpose, describe an example, and mention important limitations or trade-offs where relevant.",Definition; purpose; practical usage; example; important considerations,Giving only a memorized definition; confusing related concepts; omitting a practical example.,What are the advantages and limitations of notifications?;Can you give a practical example of notifications?,"android developer,android development,notifications",notifications Interview Questions and Answers | InterviewPrep,Practice notifications interview questions and answers for Android Developer candidates.,True
How does notifications work in Android Developer?,how-does-notifications-work-in-android-developer,Android Developer,Android Development,0-1 Years,Medium,Technical,Interview preparation question about notifications.,"Explain notifications clearly, its purpose, how it works, and where it is used. Include a practical example relevant to the role.","A strong answer should define notifications, explain its practical purpose, describe an example, and mention important limitations or trade-offs where relevant.",Definition; purpose; practical usage; example; important considerations,Giving only a memorized definition; confusing related concepts; omitting a practical example.,What are the advantages and limitations of notifications?;Can you give a practical example of notifications?,"android developer,android development,notifications",notifications Interview Questions and Answers | InterviewPrep,Practice notifications interview questions and answers for Android Developer candidates.,True
What are the common mistakes candidates make when explaining notifications?,what-are-the-common-mistakes-candidates-make-when-explaining-notifications,Android Developer,Android Development,1-3 Years,Medium,Technical,Interview preparation question about notifications.,"Explain notifications clearly, its purpose, how it works, and where it is used. Include a practical example relevant to the role.","A strong answer should define notifications, explain its practical purpose, describe an example, and mention important limitations or trade-offs where relevant.",Definition; purpose; practical usage; example; important considerations,Giving only a memorized definition; confusing related concepts; omitting a practical example.,What are the advantages and limitations of notifications?;Can you give a practical example of notifications?,"android developer,android development,notifications",notifications Interview Questions and Answers | InterviewPrep,Practice notifications interview questions and answers for Android Developer candidates.,True
"What is deep links, and why is it important in Android Developer?",what-is-deep-links-and-why-is-it-important-in-android-developer,Android Developer,Android Development,Fresher,Easy,Technical,Interview preparation question about deep links.,"Explain deep links clearly, its purpose, how it works, and where it is used. Include a practical example relevant to the role.","A strong answer should define deep links, explain its practical purpose, describe an example, and mention important limitations or trade-offs where relevant.",Definition; purpose; practical usage; example; important considerations,Giving only a memorized definition; confusing related concepts; omitting a practical example.,What are the advantages and limitations of deep links?;Can you give a practical example of deep links?,"android developer,android development,deep links",deep links Interview Questions and Answers | InterviewPrep,Practice deep links interview questions and answers for Android Developer candidates.,True
How does deep links work in Android Developer?,how-does-deep-links-work-in-android-developer,Android Developer,Android Development,0-1 Years,Medium,Technical,Interview preparation question about deep links.,"Explain deep links clearly, its purpose, how it works, and where it is used. Include a practical example relevant to the role.","A strong answer should define deep links, explain its practical purpose, describe an example, and mention important limitations or trade-offs where relevant.",Definition; purpose; practical usage; example; important considerations,Giving only a memorized definition; confusing related concepts; omitting a practical example.,What are the advantages and limitations of deep links?;Can you give a practical example of deep links?,"android developer,android development,deep links",deep links Interview Questions and Answers | InterviewPrep,Practice deep links interview questions and answers for Android Developer candidates.,True
What are the common mistakes candidates make when explaining deep links?,what-are-the-common-mistakes-candidates-make-when-explaining-deep-links,Android Developer,Android Development,1-3 Years,Medium,Technical,Interview preparation question about deep links.,"Explain deep links clearly, its purpose, how it works, and where it is used. Include a practical example relevant to the role.","A strong answer should define deep links, explain its practical purpose, describe an example, and mention important limitations or trade-offs where relevant.",Definition; purpose; practical usage; example; important considerations,Giving only a memorized definition; confusing related concepts; omitting a practical example.,What are the advantages and limitations of deep links?;Can you give a practical example of deep links?,"android developer,android development,deep links",deep links Interview Questions and Answers | InterviewPrep,Practice deep links interview questions and answers for Android Developer candidates.,True
"What is dependency injection, and why is it important in Android Developer?",what-is-dependency-injection-and-why-is-it-important-in-android-developer,Android Developer,Android Development,Fresher,Easy,Technical,Interview preparation question about dependency injection.,"Explain dependency injection clearly, its purpose, how it works, and where it is used. Include a practical example relevant to the role.","A strong answer should define dependency injection, explain its practical purpose, describe an example, and mention important limitations or trade-offs where relevant.",Definition; purpose; practical usage; example; important considerations,Giving only a memorized definition; confusing related concepts; omitting a practical example.,What are the advantages and limitations of dependency injection?;Can you give a practical example of dependency injection?,"android developer,android development,dependency injection",dependency injection Interview Questions and Answers | InterviewPrep,Practice dependency injection interview questions and answers for Android Developer candidates.,True
How does dependency injection work in Android Developer?,how-does-dependency-injection-work-in-android-developer,Android Developer,Android Development,0-1 Years,Medium,Technical,Interview preparation question about dependency injection.,"Explain dependency injection clearly, its purpose, how it works, and where it is used. Include a practical example relevant to the role.","A strong answer should define dependency injection, explain its practical purpose, describe an example, and mention important limitations or trade-offs where relevant.",Definition; purpose; practical usage; example; important considerations,Giving only a memorized definition; confusing related concepts; omitting a practical example.,What are the advantages and limitations of dependency injection?;Can you give a practical example of dependency injection?,"android developer,android development,dependency injection",dependency injection Interview Questions and Answers | InterviewPrep,Practice dependency injection interview questions and answers for Android Developer candidates.,True
What are the common mistakes candidates make when explaining dependency injection?,what-are-the-common-mistakes-candidates-make-when-explaining-dependency-injection,Android Developer,Android Development,1-3 Years,Medium,Technical,Interview preparation question about dependency injection.,"Explain dependency injection clearly, its purpose, how it works, and where it is used. Include a practical example relevant to the role.","A strong answer should define dependency injection, explain its practical purpose, describe an example, and mention important limitations or trade-offs where relevant.",Definition; purpose; practical usage; example; important considerations,Giving only a memorized definition; confusing related concepts; omitting a practical example.,What are the advantages and limitations of dependency injection?;Can you give a practical example of dependency injection?,"android developer,android development,dependency injection",dependency injection Interview Questions and Answers | InterviewPrep,Practice dependency injection interview questions and answers for Android Developer candidates.,True
"What is Hilt, and why is it important in Android Developer?",what-is-hilt-and-why-is-it-important-in-android-developer,Android Developer,Android Development,Fresher,Easy,Technical,Interview preparation question about Hilt.,"Explain Hilt clearly, its purpose, how it works, and where it is used. Include a practical example relevant to the role.","A strong answer should define Hilt, explain its practical purpose, describe an example, and mention important limitations or trade-offs where relevant.",Definition; purpose; practical usage; example; important considerations,Giving only a memorized definition; confusing related concepts; omitting a practical example.,What are the advantages and limitations of Hilt?;Can you give a practical example of Hilt?,"android developer,android development,hilt",Hilt Interview Questions and Answers | InterviewPrep,Practice Hilt interview questions and answers for Android Developer candidates.,True
How does Hilt work in Android Developer?,how-does-hilt-work-in-android-developer,Android Developer,Android Development,0-1 Years,Medium,Technical,Interview preparation question about Hilt.,"Explain Hilt clearly, its purpose, how it works, and where it is used. Include a practical example relevant to the role.","A strong answer should define Hilt, explain its practical purpose, describe an example, and mention important limitations or trade-offs where relevant.",Definition; purpose; practical usage; example; important considerations,Giving only a memorized definition; confusing related concepts; omitting a practical example.,What are the advantages and limitations of Hilt?;Can you give a practical example of Hilt?,"android developer,android development,hilt",Hilt Interview Questions and Answers | InterviewPrep,Practice Hilt interview questions and answers for Android Developer candidates.,True
What are the common mistakes candidates make when explaining Hilt?,what-are-the-common-mistakes-candidates-make-when-explaining-hilt,Android Developer,Android Development,1-3 Years,Medium,Technical,Interview preparation question about Hilt.,"Explain Hilt clearly, its purpose, how it works, and where it is used. Include a practical example relevant to the role.","A strong answer should define Hilt, explain its practical purpose, describe an example, and mention important limitations or trade-offs where relevant.",Definition; purpose; practical usage; example; important considerations,Giving only a memorized definition; confusing related concepts; omitting a practical example.,What are the advantages and limitations of Hilt?;Can you give a practical example of Hilt?,"android developer,android development,hilt",Hilt Interview Questions and Answers | InterviewPrep,Practice Hilt interview questions and answers for Android Developer candidates.,True
"What is MVVM, and why is it important in Android Developer?",what-is-mvvm-and-why-is-it-important-in-android-developer,Android Developer,Android Development,Fresher,Easy,Technical,Interview preparation question about MVVM.,"Explain MVVM clearly, its purpose, how it works, and where it is used. Include a practical example relevant to the role.","A strong answer should define MVVM, explain its practical purpose, describe an example, and mention important limitations or trade-offs where relevant.",Definition; purpose; practical usage; example; important considerations,Giving only a memorized definition; confusing related concepts; omitting a practical example.,What are the advantages and limitations of MVVM?;Can you give a practical example of MVVM?,"android developer,android development,mvvm",MVVM Interview Questions and Answers | InterviewPrep,Practice MVVM interview questions and answers for Android Developer candidates.,True
How does MVVM work in Android Developer?,how-does-mvvm-work-in-android-developer,Android Developer,Android Development,0-1 Years,Medium,Technical,Interview preparation question about MVVM.,"Explain MVVM clearly, its purpose, how it works, and where it is used. Include a practical example relevant to the role.","A strong answer should define MVVM, explain its practical purpose, describe an example, and mention important limitations or trade-offs where relevant.",Definition; purpose; practical usage; example; important considerations,Giving only a memorized definition; confusing related concepts; omitting a practical example.,What are the advantages and limitations of MVVM?;Can you give a practical example of MVVM?,"android developer,android development,mvvm",MVVM Interview Questions and Answers | InterviewPrep,Practice MVVM interview questions and answers for Android Developer candidates.,True
What are the common mistakes candidates make when explaining MVVM?,what-are-the-common-mistakes-candidates-make-when-explaining-mvvm,Android Developer,Android Development,1-3 Years,Medium,Technical,Interview preparation question about MVVM.,"Explain MVVM clearly, its purpose, how it works, and where it is used. Include a practical example relevant to the role.","A strong answer should define MVVM, explain its practical purpose, describe an example, and mention important limitations or trade-offs where relevant.",Definition; purpose; practical usage; example; important considerations,Giving only a memorized definition; confusing related concepts; omitting a practical example.,What are the advantages and limitations of MVVM?;Can you give a practical example of MVVM?,"android developer,android development,mvvm",MVVM Interview Questions and Answers | InterviewPrep,Practice MVVM interview questions and answers for Android Developer candidates.,True
"What is Clean Architecture, and why is it important in Android Developer?",what-is-clean-architecture-and-why-is-it-important-in-android-developer,Android Developer,Android Development,Fresher,Easy,Technical,Interview preparation question about Clean Architecture.,"Explain Clean Architecture clearly, its purpose, how it works, and where it is used. Include a practical example relevant to the role.","A strong answer should define Clean Architecture, explain its practical purpose, describe an example, and mention important limitations or trade-offs where relevant.",Definition; purpose; practical usage; example; important considerations,Giving only a memorized definition; confusing related concepts; omitting a practical example.,What are the advantages and limitations of Clean Architecture?;Can you give a practical example of Clean Architecture?,"android developer,android development,clean architecture",Clean Architecture Interview Questions and Answers | InterviewPrep,Practice Clean Architecture interview questions and answers for Android Developer candidates.,True
How does Clean Architecture work in Android Developer?,how-does-clean-architecture-work-in-android-developer,Android Developer,Android Development,0-1 Years,Medium,Technical,Interview preparation question about Clean Architecture.,"Explain Clean Architecture clearly, its purpose, how it works, and where it is used. Include a practical example relevant to the role.","A strong answer should define Clean Architecture, explain its practical purpose, describe an example, and mention important limitations or trade-offs where relevant.",Definition; purpose; practical usage; example; important considerations,Giving only a memorized definition; confusing related concepts; omitting a practical example.,What are the advantages and limitations of Clean Architecture?;Can you give a practical example of Clean Architecture?,"android developer,android development,clean architecture",Clean Architecture Interview Questions and Answers | InterviewPrep,Practice Clean Architecture interview questions and answers for Android Developer candidates.,True
What are the common mistakes candidates make when explaining Clean Architecture?,what-are-the-common-mistakes-candidates-make-when-explaining-clean-architecture,Android Developer,Android Development,1-3 Years,Medium,Technical,Interview preparation question about Clean Architecture.,"Explain Clean Architecture clearly, its purpose, how it works, and where it is used. Include a practical example relevant to the role.","A strong answer should define Clean Architecture, explain its practical purpose, describe an example, and mention important limitations or trade-offs where relevant.",Definition; purpose; practical usage; example; important considerations,Giving only a memorized definition; confusing related concepts; omitting a practical example.,What are the advantages and limitations of Clean Architecture?;Can you give a practical example of Clean Architecture?,"android developer,android development,clean architecture",Clean Architecture Interview Questions and Answers | InterviewPrep,Practice Clean Architecture interview questions and answers for Android Developer candidates.,True
"What is configuration changes, and why is it important in Android Developer?",what-is-configuration-changes-and-why-is-it-important-in-android-developer,Android Developer,Android Development,Fresher,Easy,Technical,Interview preparation question about configuration changes.,"Explain configuration changes clearly, its purpose, how it works, and where it is used. Include a practical example relevant to the role.","A strong answer should define configuration changes, explain its practical purpose, describe an example, and mention important limitations or trade-offs where relevant.",Definition; purpose; practical usage; example; important considerations,Giving only a memorized definition; confusing related concepts; omitting a practical example.,What are the advantages and limitations of configuration changes?;Can you give a practical example of configuration changes?,"android developer,android development,configuration changes",configuration changes Interview Questions and Answers | InterviewPrep,Practice configuration changes interview questions and answers for Android Developer candidates.,True
How does configuration changes work in Android Developer?,how-does-configuration-changes-work-in-android-developer,Android Developer,Android Development,0-1 Years,Medium,Technical,Interview preparation question about configuration changes.,"Explain configuration changes clearly, its purpose, how it works, and where it is used. Include a practical example relevant to the role.","A strong answer should define configuration changes, explain its practical purpose, describe an example, and mention important limitations or trade-offs where relevant.",Definition; purpose; practical usage; example; important considerations,Giving only a memorized definition; confusing related concepts; omitting a practical example.,What are the advantages and limitations of configuration changes?;Can you give a practical example of configuration changes?,"android developer,android development,configuration changes",configuration changes Interview Questions and Answers | InterviewPrep,Practice configuration changes interview questions and answers for Android Developer candidates.,True
What are the common mistakes candidates make when explaining configuration changes?,what-are-the-common-mistakes-candidates-make-when-explaining-configuration-changes,Android Developer,Android Development,1-3 Years,Medium,Technical,Interview preparation question about configuration changes.,"Explain configuration changes clearly, its purpose, how it works, and where it is used. Include a practical example relevant to the role.","A strong answer should define configuration changes, explain its practical purpose, describe an example, and mention important limitations or trade-offs where relevant.",Definition; purpose; practical usage; example; important considerations,Giving only a memorized definition; confusing related concepts; omitting a practical example.,What are the advantages and limitations of configuration changes?;Can you give a practical example of configuration changes?,"android developer,android development,configuration changes",configuration changes Interview Questions and Answers | InterviewPrep,Practice configuration changes interview questions and answers for Android Developer candidates.,True
"What is process death, and why is it important in Android Developer?",what-is-process-death-and-why-is-it-important-in-android-developer,Android Developer,Android Development,Fresher,Easy,Technical,Interview preparation question about process death.,"Explain process death clearly, its purpose, how it works, and where it is used. Include a practical example relevant to the role.","A strong answer should define process death, explain its practical purpose, describe an example, and mention important limitations or trade-offs where relevant.",Definition; purpose; practical usage; example; important considerations,Giving only a memorized definition; confusing related concepts; omitting a practical example.,What are the advantages and limitations of process death?;Can you give a practical example of process death?,"android developer,android development,process death",process death Interview Questions and Answers | InterviewPrep,Practice process death interview questions and answers for Android Developer candidates.,True
How does process death work in Android Developer?,how-does-process-death-work-in-android-developer,Android Developer,Android Development,0-1 Years,Medium,Technical,Interview preparation question about process death.,"Explain process death clearly, its purpose, how it works, and where it is used. Include a practical example relevant to the role.","A strong answer should define process death, explain its practical purpose, describe an example, and mention important limitations or trade-offs where relevant.",Definition; purpose; practical usage; example; important considerations,Giving only a memorized definition; confusing related concepts; omitting a practical example.,What are the advantages and limitations of process death?;Can you give a practical example of process death?,"android developer,android development,process death",process death Interview Questions and Answers | InterviewPrep,Practice process death interview questions and answers for Android Developer candidates.,True
What are the common mistakes candidates make when explaining process death?,what-are-the-common-mistakes-candidates-make-when-explaining-process-death,Android Developer,Android Development,1-3 Years,Medium,Technical,Interview preparation question about process death.,"Explain process death clearly, its purpose, how it works, and where it is used. Include a practical example relevant to the role.","A strong answer should define process death, explain its practical purpose, describe an example, and mention important limitations or trade-offs where relevant.",Definition; purpose; practical usage; example; important considerations,Giving only a memorized definition; confusing related concepts; omitting a practical example.,What are the advantages and limitations of process death?;Can you give a practical example of process death?,"android developer,android development,process death",process death Interview Questions and Answers | InterviewPrep,Practice process death interview questions and answers for Android Developer candidates.,True
"What is saved state, and why is it important in Android Developer?",what-is-saved-state-and-why-is-it-important-in-android-developer,Android Developer,Android Development,Fresher,Easy,Technical,Interview preparation question about saved state.,"Explain saved state clearly, its purpose, how it works, and where it is used. Include a practical example relevant to the role.","A strong answer should define saved state, explain its practical purpose, describe an example, and mention important limitations or trade-offs where relevant.",Definition; purpose; practical usage; example; important considerations,Giving only a memorized definition; confusing related concepts; omitting a practical example.,What are the advantages and limitations of saved state?;Can you give a practical example of saved state?,"android developer,android development,saved state",saved state Interview Questions and Answers | InterviewPrep,Practice saved state interview questions and answers for Android Developer candidates.,True
How does saved state work in Android Developer?,how-does-saved-state-work-in-android-developer,Android Developer,Android Development,0-1 Years,Medium,Technical,Interview preparation question about saved state.,"Explain saved state clearly, its purpose, how it works, and where it is used. Include a practical example relevant to the role.","A strong answer should define saved state, explain its practical purpose, describe an example, and mention important limitations or trade-offs where relevant.",Definition; purpose; practical usage; example; important considerations,Giving only a memorized definition; confusing related concepts; omitting a practical example.,What are the advantages and limitations of saved state?;Can you give a practical example of saved state?,"android developer,android development,saved state",saved state Interview Questions and Answers | InterviewPrep,Practice saved state interview questions and answers for Android Developer candidates.,True
What are the common mistakes candidates make when explaining saved state?,what-are-the-common-mistakes-candidates-make-when-explaining-saved-state,Android Developer,Android Development,1-3 Years,Medium,Technical,Interview preparation question about saved state.,"Explain saved state clearly, its purpose, how it works, and where it is used. Include a practical example relevant to the role.","A strong answer should define saved state, explain its practical purpose, describe an example, and mention important limitations or trade-offs where relevant.",Definition; purpose; practical usage; example; important considerations,Giving only a memorized definition; confusing related concepts; omitting a practical example.,What are the advantages and limitations of saved state?;Can you give a practical example of saved state?,"android developer,android development,saved state",saved state Interview Questions and Answers | InterviewPrep,Practice saved state interview questions and answers for Android Developer candidates.,True
"What is RecyclerView, and why is it important in Android Developer?",what-is-recyclerview-and-why-is-it-important-in-android-developer,Android Developer,Android Development,Fresher,Easy,Technical,Interview preparation question about RecyclerView.,"Explain RecyclerView clearly, its purpose, how it works, and where it is used. Include a practical example relevant to the role.","A strong answer should define RecyclerView, explain its practical purpose, describe an example, and mention important limitations or trade-offs where relevant.",Definition; purpose; practical usage; example; important considerations,Giving only a memorized definition; confusing related concepts; omitting a practical example.,What are the advantages and limitations of RecyclerView?;Can you give a practical example of RecyclerView?,"android developer,android development,recyclerview",RecyclerView Interview Questions and Answers | InterviewPrep,Practice RecyclerView interview questions and answers for Android Developer candidates.,True
How does RecyclerView work in Android Developer?,how-does-recyclerview-work-in-android-developer,Android Developer,Android Development,0-1 Years,Medium,Technical,Interview preparation question about RecyclerView.,"Explain RecyclerView clearly, its purpose, how it works, and where it is used. Include a practical example relevant to the role.","A strong answer should define RecyclerView, explain its practical purpose, describe an example, and mention important limitations or trade-offs where relevant.",Definition; purpose; practical usage; example; important considerations,Giving only a memorized definition; confusing related concepts; omitting a practical example.,What are the advantages and limitations of RecyclerView?;Can you give a practical example of RecyclerView?,"android developer,android development,recyclerview",RecyclerView Interview Questions and Answers | InterviewPrep,Practice RecyclerView interview questions and answers for Android Developer candidates.,True
What are the common mistakes candidates make when explaining RecyclerView?,what-are-the-common-mistakes-candidates-make-when-explaining-recyclerview,Android Developer,Android Development,1-3 Years,Medium,Technical,Interview preparation question about RecyclerView.,"Explain RecyclerView clearly, its purpose, how it works, and where it is used. Include a practical example relevant to the role.","A strong answer should define RecyclerView, explain its practical purpose, describe an example, and mention important limitations or trade-offs where relevant.",Definition; purpose; practical usage; example; important considerations,Giving only a memorized definition; confusing related concepts; omitting a practical example.,What are the advantages and limitations of RecyclerView?;Can you give a practical example of RecyclerView?,"android developer,android development,recyclerview",RecyclerView Interview Questions and Answers | InterviewPrep,Practice RecyclerView interview questions and answers for Android Developer candidates.,True
"What is Paging, and why is it important in Android Developer?",what-is-paging-and-why-is-it-important-in-android-developer,Android Developer,Android Development,Fresher,Easy,Technical,Interview preparation question about Paging.,"Explain Paging clearly, its purpose, how it works, and where it is used. Include a practical example relevant to the role.","A strong answer should define Paging, explain its practical purpose, describe an example, and mention important limitations or trade-offs where relevant.",Definition; purpose; practical usage; example; important considerations,Giving only a memorized definition; confusing related concepts; omitting a practical example.,What are the advantages and limitations of Paging?;Can you give a practical example of Paging?,"android developer,android development,paging",Paging Interview Questions and Answers | InterviewPrep,Practice Paging interview questions and answers for Android Developer candidates.,True
How does Paging work in Android Developer?,how-does-paging-work-in-android-developer,Android Developer,Android Development,0-1 Years,Medium,Technical,Interview preparation question about Paging.,"Explain Paging clearly, its purpose, how it works, and where it is used. Include a practical example relevant to the role.","A strong answer should define Paging, explain its practical purpose, describe an example, and mention important limitations or trade-offs where relevant.",Definition; purpose; practical usage; example; important considerations,Giving only a memorized definition; confusing related concepts; omitting a practical example.,What are the advantages and limitations of Paging?;Can you give a practical example of Paging?,"android developer,android development,paging",Paging Interview Questions and Answers | InterviewPrep,Practice Paging interview questions and answers for Android Developer candidates.,True
What are the common mistakes candidates make when explaining Paging?,what-are-the-common-mistakes-candidates-make-when-explaining-paging,Android Developer,Android Development,1-3 Years,Medium,Technical,Interview preparation question about Paging.,"Explain Paging clearly, its purpose, how it works, and where it is used. Include a practical example relevant to the role.","A strong answer should define Paging, explain its practical purpose, describe an example, and mention important limitations or trade-offs where relevant.",Definition; purpose; practical usage; example; important considerations,Giving only a memorized definition; confusing related concepts; omitting a practical example.,What are the advantages and limitations of Paging?;Can you give a practical example of Paging?,"android developer,android development,paging",Paging Interview Questions and Answers | InterviewPrep,Practice Paging interview questions and answers for Android Developer candidates.,True
"What is DataStore, and why is it important in Android Developer?",what-is-datastore-and-why-is-it-important-in-android-developer,Android Developer,Android Development,Fresher,Easy,Technical,Interview preparation question about DataStore.,"Explain DataStore clearly, its purpose, how it works, and where it is used. Include a practical example relevant to the role.","A strong answer should define DataStore, explain its practical purpose, describe an example, and mention important limitations or trade-offs where relevant.",Definition; purpose; practical usage; example; important considerations,Giving only a memorized definition; confusing related concepts; omitting a practical example.,What are the advantages and limitations of DataStore?;Can you give a practical example of DataStore?,"android developer,android development,datastore",DataStore Interview Questions and Answers | InterviewPrep,Practice DataStore interview questions and answers for Android Developer candidates.,True
How does DataStore work in Android Developer?,how-does-datastore-work-in-android-developer,Android Developer,Android Development,0-1 Years,Medium,Technical,Interview preparation question about DataStore.,"Explain DataStore clearly, its purpose, how it works, and where it is used. Include a practical example relevant to the role.","A strong answer should define DataStore, explain its practical purpose, describe an example, and mention important limitations or trade-offs where relevant.",Definition; purpose; practical usage; example; important considerations,Giving only a memorized definition; confusing related concepts; omitting a practical example.,What are the advantages and limitations of DataStore?;Can you give a practical example of DataStore?,"android developer,android development,datastore",DataStore Interview Questions and Answers | InterviewPrep,Practice DataStore interview questions and answers for Android Developer candidates.,True
What are the common mistakes candidates make when explaining DataStore?,what-are-the-common-mistakes-candidates-make-when-explaining-datastore,Android Developer,Android Development,1-3 Years,Medium,Technical,Interview preparation question about DataStore.,"Explain DataStore clearly, its purpose, how it works, and where it is used. Include a practical example relevant to the role.","A strong answer should define DataStore, explain its practical purpose, describe an example, and mention important limitations or trade-offs where relevant.",Definition; purpose; practical usage; example; important considerations,Giving only a memorized definition; confusing related concepts; omitting a practical example.,What are the advantages and limitations of DataStore?;Can you give a practical example of DataStore?,"android developer,android development,datastore",DataStore Interview Questions and Answers | InterviewPrep,Practice DataStore interview questions and answers for Android Developer candidates.,True
"What is offline-first architecture, and why is it important in Android Developer?",what-is-offline-first-architecture-and-why-is-it-important-in-android-developer,Android Developer,Android Development,Fresher,Easy,Technical,Interview preparation question about offline-first architecture.,"Explain offline-first architecture clearly, its purpose, how it works, and where it is used. Include a practical example relevant to the role.","A strong answer should define offline-first architecture, explain its practical purpose, describe an example, and mention important limitations or trade-offs where relevant.",Definition; purpose; practical usage; example; important considerations,Giving only a memorized definition; confusing related concepts; omitting a practical example.,What are the advantages and limitations of offline-first architecture?;Can you give a practical example of offline-first architecture?,"android developer,android development,offline-first architecture",offline-first architecture Interview Questions and Answers | InterviewPrep,Practice offline-first architecture interview questions and answers for Android Developer candidates.,True
How does offline-first architecture work in Android Developer?,how-does-offline-first-architecture-work-in-android-developer,Android Developer,Android Development,0-1 Years,Medium,Technical,Interview preparation question about offline-first architecture.,"Explain offline-first architecture clearly, its purpose, how it works, and where it is used. Include a practical example relevant to the role.","A strong answer should define offline-first architecture, explain its practical purpose, describe an example, and mention important limitations or trade-offs where relevant.",Definition; purpose; practical usage; example; important considerations,Giving only a memorized definition; confusing related concepts; omitting a practical example.,What are the advantages and limitations of offline-first architecture?;Can you give a practical example of offline-first architecture?,"android developer,android development,offline-first architecture",offline-first architecture Interview Questions and Answers | InterviewPrep,Practice offline-first architecture interview questions and answers for Android Developer candidates.,True
What are the common mistakes candidates make when explaining offline-first architecture?,what-are-the-common-mistakes-candidates-make-when-explaining-offline-first-architecture,Android Developer,Android Development,1-3 Years,Medium,Technical,Interview preparation question about offline-first architecture.,"Explain offline-first architecture clearly, its purpose, how it works, and where it is used. Include a practical example relevant to the role.","A strong answer should define offline-first architecture, explain its practical purpose, describe an example, and mention important limitations or trade-offs where relevant.",Definition; purpose; practical usage; example; important considerations,Giving only a memorized definition; confusing related concepts; omitting a practical example.,What are the advantages and limitations of offline-first architecture?;Can you give a practical example of offline-first architecture?,"android developer,android development,offline-first architecture",offline-first architecture Interview Questions and Answers | InterviewPrep,Practice offline-first architecture interview questions and answers for Android Developer candidates.,True
"What is network error handling, and why is it important in Android Developer?",what-is-network-error-handling-and-why-is-it-important-in-android-developer,Android Developer,Android Development,Fresher,Easy,Technical,Interview preparation question about network error handling.,"Explain network error handling clearly, its purpose, how it works, and where it is used. Include a practical example relevant to the role.","A strong answer should define network error handling, explain its practical purpose, describe an example, and mention important limitations or trade-offs where relevant.",Definition; purpose; practical usage; example; important considerations,Giving only a memorized definition; confusing related concepts; omitting a practical example.,What are the advantages and limitations of network error handling?;Can you give a practical example of network error handling?,"android developer,android development,network error handling",network error handling Interview Questions and Answers | InterviewPrep,Practice network error handling interview questions and answers for Android Developer candidates.,True
How does network error handling work in Android Developer?,how-does-network-error-handling-work-in-android-developer,Android Developer,Android Development,0-1 Years,Medium,Technical,Interview preparation question about network error handling.,"Explain network error handling clearly, its purpose, how it works, and where it is used. Include a practical example relevant to the role.","A strong answer should define network error handling, explain its practical purpose, describe an example, and mention important limitations or trade-offs where relevant.",Definition; purpose; practical usage; example; important considerations,Giving only a memorized definition; confusing related concepts; omitting a practical example.,What are the advantages and limitations of network error handling?;Can you give a practical example of network error handling?,"android developer,android development,network error handling",network error handling Interview Questions and Answers | InterviewPrep,Practice network error handling interview questions and answers for Android Developer candidates.,True
What are the common mistakes candidates make when explaining network error handling?,what-are-the-common-mistakes-candidates-make-when-explaining-network-error-handling,Android Developer,Android Development,1-3 Years,Medium,Technical,Interview preparation question about network error handling.,"Explain network error handling clearly, its purpose, how it works, and where it is used. Include a practical example relevant to the role.","A strong answer should define network error handling, explain its practical purpose, describe an example, and mention important limitations or trade-offs where relevant.",Definition; purpose; practical usage; example; important considerations,Giving only a memorized definition; confusing related concepts; omitting a practical example.,What are the advantages and limitations of network error handling?;Can you give a practical example of network error handling?,"android developer,android development,network error handling",network error handling Interview Questions and Answers | InterviewPrep,Practice network error handling interview questions and answers for Android Developer candidates.,True
"What is app performance, and why is it important in Android Developer?",what-is-app-performance-and-why-is-it-important-in-android-developer,Android Developer,Android Development,Fresher,Easy,Technical,Interview preparation question about app performance.,"Explain app performance clearly, its purpose, how it works, and where it is used. Include a practical example relevant to the role.","A strong answer should define app performance, explain its practical purpose, describe an example, and mention important limitations or trade-offs where relevant.",Definition; purpose; practical usage; example; important considerations,Giving only a memorized definition; confusing related concepts; omitting a practical example.,What are the advantages and limitations of app performance?;Can you give a practical example of app performance?,"android developer,android development,app performance",app performance Interview Questions and Answers | InterviewPrep,Practice app performance interview questions and answers for Android Developer candidates.,True
How does app performance work in Android Developer?,how-does-app-performance-work-in-android-developer,Android Developer,Android Development,0-1 Years,Medium,Technical,Interview preparation question about app performance.,"Explain app performance clearly, its purpose, how it works, and where it is used. Include a practical example relevant to the role.","A strong answer should define app performance, explain its practical purpose, describe an example, and mention important limitations or trade-offs where relevant.",Definition; purpose; practical usage; example; important considerations,Giving only a memorized definition; confusing related concepts; omitting a practical example.,What are the advantages and limitations of app performance?;Can you give a practical example of app performance?,"android developer,android development,app performance",app performance Interview Questions and Answers | InterviewPrep,Practice app performance interview questions and answers for Android Developer candidates.,True
What are the common mistakes candidates make when explaining app performance?,what-are-the-common-mistakes-candidates-make-when-explaining-app-performance,Android Developer,Android Development,1-3 Years,Medium,Technical,Interview preparation question about app performance.,"Explain app performance clearly, its purpose, how it works, and where it is used. Include a practical example relevant to the role.","A strong answer should define app performance, explain its practical purpose, describe an example, and mention important limitations or trade-offs where relevant.",Definition; purpose; practical usage; example; important considerations,Giving only a memorized definition; confusing related concepts; omitting a practical example.,What are the advantages and limitations of app performance?;Can you give a practical example of app performance?,"android developer,android development,app performance",app performance Interview Questions and Answers | InterviewPrep,Practice app performance interview questions and answers for Android Developer candidates.,True
"What is memory leaks, and why is it important in Android Developer?",what-is-memory-leaks-and-why-is-it-important-in-android-developer,Android Developer,Android Development,Fresher,Easy,Technical,Interview preparation question about memory leaks.,"Explain memory leaks clearly, its purpose, how it works, and where it is used. Include a practical example relevant to the role.","A strong answer should define memory leaks, explain its practical purpose, describe an example, and mention important limitations or trade-offs where relevant.",Definition; purpose; practical usage; example; important considerations,Giving only a memorized definition; confusing related concepts; omitting a practical example.,What are the advantages and limitations of memory leaks?;Can you give a practical example of memory leaks?,"android developer,android development,memory leaks",memory leaks Interview Questions and Answers | InterviewPrep,Practice memory leaks interview questions and answers for Android Developer candidates.,True
How does memory leaks work in Android Developer?,how-does-memory-leaks-work-in-android-developer,Android Developer,Android Development,0-1 Years,Medium,Technical,Interview preparation question about memory leaks.,"Explain memory leaks clearly, its purpose, how it works, and where it is used. Include a practical example relevant to the role.","A strong answer should define memory leaks, explain its practical purpose, describe an example, and mention important limitations or trade-offs where relevant.",Definition; purpose; practical usage; example; important considerations,Giving only a memorized definition; confusing related concepts; omitting a practical example.,What are the advantages and limitations of memory leaks?;Can you give a practical example of memory leaks?,"android developer,android development,memory leaks",memory leaks Interview Questions and Answers | InterviewPrep,Practice memory leaks interview questions and answers for Android Developer candidates.,True
What are the common mistakes candidates make when explaining memory leaks?,what-are-the-common-mistakes-candidates-make-when-explaining-memory-leaks,Android Developer,Android Development,1-3 Years,Medium,Technical,Interview preparation question about memory leaks.,"Explain memory leaks clearly, its purpose, how it works, and where it is used. Include a practical example relevant to the role.","A strong answer should define memory leaks, explain its practical purpose, describe an example, and mention important limitations or trade-offs where relevant.",Definition; purpose; practical usage; example; important considerations,Giving only a memorized definition; confusing related concepts; omitting a practical example.,What are the advantages and limitations of memory leaks?;Can you give a practical example of memory leaks?,"android developer,android development,memory leaks",memory leaks Interview Questions and Answers | InterviewPrep,Practice memory leaks interview questions and answers for Android Developer candidates.,True
"What is ProGuard, and why is it important in Android Developer?",what-is-proguard-and-why-is-it-important-in-android-developer,Android Developer,Android Development,Fresher,Easy,Technical,Interview preparation question about ProGuard.,"Explain ProGuard clearly, its purpose, how it works, and where it is used. Include a practical example relevant to the role.","A strong answer should define ProGuard, explain its practical purpose, describe an example, and mention important limitations or trade-offs where relevant.",Definition; purpose; practical usage; example; important considerations,Giving only a memorized definition; confusing related concepts; omitting a practical example.,What are the advantages and limitations of ProGuard?;Can you give a practical example of ProGuard?,"android developer,android development,proguard",ProGuard Interview Questions and Answers | InterviewPrep,Practice ProGuard interview questions and answers for Android Developer candidates.,True
How does ProGuard work in Android Developer?,how-does-proguard-work-in-android-developer,Android Developer,Android Development,0-1 Years,Medium,Technical,Interview preparation question about ProGuard.,"Explain ProGuard clearly, its purpose, how it works, and where it is used. Include a practical example relevant to the role.","A strong answer should define ProGuard, explain its practical purpose, describe an example, and mention important limitations or trade-offs where relevant.",Definition; purpose; practical usage; example; important considerations,Giving only a memorized definition; confusing related concepts; omitting a practical example.,What are the advantages and limitations of ProGuard?;Can you give a practical example of ProGuard?,"android developer,android development,proguard",ProGuard Interview Questions and Answers | InterviewPrep,Practice ProGuard interview questions and answers for Android Developer candidates.,True
What are the common mistakes candidates make when explaining ProGuard?,what-are-the-common-mistakes-candidates-make-when-explaining-proguard,Android Developer,Android Development,1-3 Years,Medium,Technical,Interview preparation question about ProGuard.,"Explain ProGuard clearly, its purpose, how it works, and where it is used. Include a practical example relevant to the role.","A strong answer should define ProGuard, explain its practical purpose, describe an example, and mention important limitations or trade-offs where relevant.",Definition; purpose; practical usage; example; important considerations,Giving only a memorized definition; confusing related concepts; omitting a practical example.,What are the advantages and limitations of ProGuard?;Can you give a practical example of ProGuard?,"android developer,android development,proguard",ProGuard Interview Questions and Answers | InterviewPrep,Practice ProGuard interview questions and answers for Android Developer candidates.,True
"What is R8, and why is it important in Android Developer?",what-is-r8-and-why-is-it-important-in-android-developer,Android Developer,Android Development,Fresher,Easy,Technical,Interview preparation question about R8.,"Explain R8 clearly, its purpose, how it works, and where it is used. Include a practical example relevant to the role.","A strong answer should define R8, explain its practical purpose, describe an example, and mention important limitations or trade-offs where relevant.",Definition; purpose; practical usage; example; important considerations,Giving only a memorized definition; confusing related concepts; omitting a practical example.,What are the advantages and limitations of R8?;Can you give a practical example of R8?,"android developer,android development,r8",R8 Interview Questions and Answers | InterviewPrep,Practice R8 interview questions and answers for Android Developer candidates.,True
How does R8 work in Android Developer?,how-does-r8-work-in-android-developer,Android Developer,Android Development,0-1 Years,Medium,Technical,Interview preparation question about R8.,"Explain R8 clearly, its purpose, how it works, and where it is used. Include a practical example relevant to the role.","A strong answer should define R8, explain its practical purpose, describe an example, and mention important limitations or trade-offs where relevant.",Definition; purpose; practical usage; example; important considerations,Giving only a memorized definition; confusing related concepts; omitting a practical example.,What are the advantages and limitations of R8?;Can you give a practical example of R8?,"android developer,android development,r8",R8 Interview Questions and Answers | InterviewPrep,Practice R8 interview questions and answers for Android Developer candidates.,True
What are the common mistakes candidates make when explaining R8?,what-are-the-common-mistakes-candidates-make-when-explaining-r8,Android Developer,Android Development,1-3 Years,Medium,Technical,Interview preparation question about R8.,"Explain R8 clearly, its purpose, how it works, and where it is used. Include a practical example relevant to the role.","A strong answer should define R8, explain its practical purpose, describe an example, and mention important limitations or trade-offs where relevant.",Definition; purpose; practical usage; example; important considerations,Giving only a memorized definition; confusing related concepts; omitting a practical example.,What are the advantages and limitations of R8?;Can you give a practical example of R8?,"android developer,android development,r8",R8 Interview Questions and Answers | InterviewPrep,Practice R8 interview questions and answers for Android Developer candidates.,True
"What is build variants, and why is it important in Android Developer?",what-is-build-variants-and-why-is-it-important-in-android-developer,Android Developer,Android Development,Fresher,Easy,Technical,Interview preparation question about build variants.,"Explain build variants clearly, its purpose, how it works, and where it is used. Include a practical example relevant to the role.","A strong answer should define build variants, explain its practical purpose, describe an example, and mention important limitations or trade-offs where relevant.",Definition; purpose; practical usage; example; important considerations,Giving only a memorized definition; confusing related concepts; omitting a practical example.,What are the advantages and limitations of build variants?;Can you give a practical example of build variants?,"android developer,android development,build variants",build variants Interview Questions and Answers | InterviewPrep,Practice build variants interview questions and answers for Android Developer candidates.,True
How does build variants work in Android Developer?,how-does-build-variants-work-in-android-developer,Android Developer,Android Development,0-1 Years,Medium,Technical,Interview preparation question about build variants.,"Explain build variants clearly, its purpose, how it works, and where it is used. Include a practical example relevant to the role.","A strong answer should define build variants, explain its practical purpose, describe an example, and mention important limitations or trade-offs where relevant.",Definition; purpose; practical usage; example; important considerations,Giving only a memorized definition; confusing related concepts; omitting a practical example.,What are the advantages and limitations of build variants?;Can you give a practical example of build variants?,"android developer,android development,build variants",build variants Interview Questions and Answers | InterviewPrep,Practice build variants interview questions and answers for Android Developer candidates.,True
What are the common mistakes candidates make when explaining build variants?,what-are-the-common-mistakes-candidates-make-when-explaining-build-variants,Android Developer,Android Development,1-3 Years,Medium,Technical,Interview preparation question about build variants.,"Explain build variants clearly, its purpose, how it works, and where it is used. Include a practical example relevant to the role.","A strong answer should define build variants, explain its practical purpose, describe an example, and mention important limitations or trade-offs where relevant.",Definition; purpose; practical usage; example; important considerations,Giving only a memorized definition; confusing related concepts; omitting a practical example.,What are the advantages and limitations of build variants?;Can you give a practical example of build variants?,"android developer,android development,build variants",build variants Interview Questions and Answers | InterviewPrep,Practice build variants interview questions and answers for Android Developer candidates.,True
"What is Gradle, and why is it important in Android Developer?",what-is-gradle-and-why-is-it-important-in-android-developer,Android Developer,Android Development,Fresher,Easy,Technical,Interview preparation question about Gradle.,"Explain Gradle clearly, its purpose, how it works, and where it is used. Include a practical example relevant to the role.","A strong answer should define Gradle, explain its practical purpose, describe an example, and mention important limitations or trade-offs where relevant.",Definition; purpose; practical usage; example; important considerations,Giving only a memorized definition; confusing related concepts; omitting a practical example.,What are the advantages and limitations of Gradle?;Can you give a practical example of Gradle?,"android developer,android development,gradle",Gradle Interview Questions and Answers | InterviewPrep,Practice Gradle interview questions and answers for Android Developer candidates.,True
How does Gradle work in Android Developer?,how-does-gradle-work-in-android-developer,Android Developer,Android Development,0-1 Years,Medium,Technical,Interview preparation question about Gradle.,"Explain Gradle clearly, its purpose, how it works, and where it is used. Include a practical example relevant to the role.","A strong answer should define Gradle, explain its practical purpose, describe an example, and mention important limitations or trade-offs where relevant.",Definition; purpose; practical usage; example; important considerations,Giving only a memorized definition; confusing related concepts; omitting a practical example.,What are the advantages and limitations of Gradle?;Can you give a practical example of Gradle?,"android developer,android development,gradle",Gradle Interview Questions and Answers | InterviewPrep,Practice Gradle interview questions and answers for Android Developer candidates.,True
What are the common mistakes candidates make when explaining Gradle?,what-are-the-common-mistakes-candidates-make-when-explaining-gradle,Android Developer,Android Development,1-3 Years,Medium,Technical,Interview preparation question about Gradle.,"Explain Gradle clearly, its purpose, how it works, and where it is used. Include a practical example relevant to the role.","A strong answer should define Gradle, explain its practical purpose, describe an example, and mention important limitations or trade-offs where relevant.",Definition; purpose; practical usage; example; important considerations,Giving only a memorized definition; confusing related concepts; omitting a practical example.,What are the advantages and limitations of Gradle?;Can you give a practical example of Gradle?,"android developer,android development,gradle",Gradle Interview Questions and Answers | InterviewPrep,Practice Gradle interview questions and answers for Android Developer candidates.,True
"What is Android testing, and why is it important in Android Developer?",what-is-android-testing-and-why-is-it-important-in-android-developer,Android Developer,Android Development,Fresher,Easy,Technical,Interview preparation question about Android testing.,"Explain Android testing clearly, its purpose, how it works, and where it is used. Include a practical example relevant to the role.","A strong answer should define Android testing, explain its practical purpose, describe an example, and mention important limitations or trade-offs where relevant.",Definition; purpose; practical usage; example; important considerations,Giving only a memorized definition; confusing related concepts; omitting a practical example.,What are the advantages and limitations of Android testing?;Can you give a practical example of Android testing?,"android developer,android development,android testing",Android testing Interview Questions and Answers | InterviewPrep,Practice Android testing interview questions and answers for Android Developer candidates.,True
How does Android testing work in Android Developer?,how-does-android-testing-work-in-android-developer,Android Developer,Android Development,0-1 Years,Medium,Technical,Interview preparation question about Android testing.,"Explain Android testing clearly, its purpose, how it works, and where it is used. Include a practical example relevant to the role.","A strong answer should define Android testing, explain its practical purpose, describe an example, and mention important limitations or trade-offs where relevant.",Definition; purpose; practical usage; example; important considerations,Giving only a memorized definition; confusing related concepts; omitting a practical example.,What are the advantages and limitations of Android testing?;Can you give a practical example of Android testing?,"android developer,android development,android testing",Android testing Interview Questions and Answers | InterviewPrep,Practice Android testing interview questions and answers for Android Developer candidates.,True
What are the common mistakes candidates make when explaining Android testing?,what-are-the-common-mistakes-candidates-make-when-explaining-android-testing,Android Developer,Android Development,1-3 Years,Medium,Technical,Interview preparation question about Android testing.,"Explain Android testing clearly, its purpose, how it works, and where it is used. Include a practical example relevant to the role.","A strong answer should define Android testing, explain its practical purpose, describe an example, and mention important limitations or trade-offs where relevant.",Definition; purpose; practical usage; example; important considerations,Giving only a memorized definition; confusing related concepts; omitting a practical example.,What are the advantages and limitations of Android testing?;Can you give a practical example of Android testing?,"android developer,android development,android testing",Android testing Interview Questions and Answers | InterviewPrep,Practice Android testing interview questions and answers for Android Developer candidates.,True
"What is UI testing, and why is it important in Android Developer?",what-is-ui-testing-and-why-is-it-important-in-android-developer,Android Developer,Android Development,Fresher,Easy,Technical,Interview preparation question about UI testing.,"Explain UI testing clearly, its purpose, how it works, and where it is used. Include a practical example relevant to the role.","A strong answer should define UI testing, explain its practical purpose, describe an example, and mention important limitations or trade-offs where relevant.",Definition; purpose; practical usage; example; important considerations,Giving only a memorized definition; confusing related concepts; omitting a practical example.,What are the advantages and limitations of UI testing?;Can you give a practical example of UI testing?,"android developer,android development,ui testing",UI testing Interview Questions and Answers | InterviewPrep,Practice UI testing interview questions and answers for Android Developer candidates.,True
How does UI testing work in Android Developer?,how-does-ui-testing-work-in-android-developer,Android Developer,Android Development,0-1 Years,Medium,Technical,Interview preparation question about UI testing.,"Explain UI testing clearly, its purpose, how it works, and where it is used. Include a practical example relevant to the role.","A strong answer should define UI testing, explain its practical purpose, describe an example, and mention important limitations or trade-offs where relevant.",Definition; purpose; practical usage; example; important considerations,Giving only a memorized definition; confusing related concepts; omitting a practical example.,What are the advantages and limitations of UI testing?;Can you give a practical example of UI testing?,"android developer,android development,ui testing",UI testing Interview Questions and Answers | InterviewPrep,Practice UI testing interview questions and answers for Android Developer candidates.,True
What are the common mistakes candidates make when explaining UI testing?,what-are-the-common-mistakes-candidates-make-when-explaining-ui-testing,Android Developer,Android Development,1-3 Years,Medium,Technical,Interview preparation question about UI testing.,"Explain UI testing clearly, its purpose, how it works, and where it is used. Include a practical example relevant to the role.","A strong answer should define UI testing, explain its practical purpose, describe an example, and mention important limitations or trade-offs where relevant.",Definition; purpose; practical usage; example; important considerations,Giving only a memorized definition; confusing related concepts; omitting a practical example.,What are the advantages and limitations of UI testing?;Can you give a practical example of UI testing?,"android developer,android development,ui testing",UI testing Interview Questions and Answers | InterviewPrep,Practice UI testing interview questions and answers for Android Developer candidates.,True
"What is val and var, and why is it important in Kotlin Developer?",what-is-val-and-var-and-why-is-it-important-in-kotlin-developer,Kotlin Developer,Kotlin,Fresher,Easy,Technical,Interview preparation question about val and var.,"Explain val and var clearly, its purpose, how it works, and where it is used. Include a practical example relevant to the role.","A strong answer should define val and var, explain its practical purpose, describe an example, and mention important limitations or trade-offs where relevant.",Definition; purpose; practical usage; example; important considerations,Giving only a memorized definition; confusing related concepts; omitting a practical example.,What are the advantages and limitations of val and var?;Can you give a practical example of val and var?,"kotlin developer,kotlin,val and var",val and var Interview Questions and Answers | InterviewPrep,Practice val and var interview questions and answers for Kotlin Developer candidates.,True
How does val and var work in Kotlin Developer?,how-does-val-and-var-work-in-kotlin-developer,Kotlin Developer,Kotlin,0-1 Years,Medium,Technical,Interview preparation question about val and var.,"Explain val and var clearly, its purpose, how it works, and where it is used. Include a practical example relevant to the role.","A strong answer should define val and var, explain its practical purpose, describe an example, and mention important limitations or trade-offs where relevant.",Definition; purpose; practical usage; example; important considerations,Giving only a memorized definition; confusing related concepts; omitting a practical example.,What are the advantages and limitations of val and var?;Can you give a practical example of val and var?,"kotlin developer,kotlin,val and var",val and var Interview Questions and Answers | InterviewPrep,Practice val and var interview questions and answers for Kotlin Developer candidates.,True
What are the common mistakes candidates make when explaining val and var?,what-are-the-common-mistakes-candidates-make-when-explaining-val-and-var,Kotlin Developer,Kotlin,1-3 Years,Medium,Technical,Interview preparation question about val and var.,"Explain val and var clearly, its purpose, how it works, and where it is used. Include a practical example relevant to the role.","A strong answer should define val and var, explain its practical purpose, describe an example, and mention important limitations or trade-offs where relevant.",Definition; purpose; practical usage; example; important considerations,Giving only a memorized definition; confusing related concepts; omitting a practical example.,What are the advantages and limitations of val and var?;Can you give a practical example of val and var?,"kotlin developer,kotlin,val and var",val and var Interview Questions and Answers | InterviewPrep,Practice val and var interview questions and answers for Kotlin Developer candidates.,True
"What is null safety, and why is it important in Kotlin Developer?",what-is-null-safety-and-why-is-it-important-in-kotlin-developer,Kotlin Developer,Kotlin,Fresher,Easy,Technical,Interview preparation question about null safety.,"Explain null safety clearly, its purpose, how it works, and where it is used. Include a practical example relevant to the role.","A strong answer should define null safety, explain its practical purpose, describe an example, and mention important limitations or trade-offs where relevant.",Definition; purpose; practical usage; example; important considerations,Giving only a memorized definition; confusing related concepts; omitting a practical example.,What are the advantages and limitations of null safety?;Can you give a practical example of null safety?,"kotlin developer,kotlin,null safety",null safety Interview Questions and Answers | InterviewPrep,Practice null safety interview questions and answers for Kotlin Developer candidates.,True
How does null safety work in Kotlin Developer?,how-does-null-safety-work-in-kotlin-developer,Kotlin Developer,Kotlin,0-1 Years,Medium,Technical,Interview preparation question about null safety.,"Explain null safety clearly, its purpose, how it works, and where it is used. Include a practical example relevant to the role.","A strong answer should define null safety, explain its practical purpose, describe an example, and mention important limitations or trade-offs where relevant.",Definition; purpose; practical usage; example; important considerations,Giving only a memorized definition; confusing related concepts; omitting a practical example.,What are the advantages and limitations of null safety?;Can you give a practical example of null safety?,"kotlin developer,kotlin,null safety",null safety Interview Questions and Answers | InterviewPrep,Practice null safety interview questions and answers for Kotlin Developer candidates.,True
What are the common mistakes candidates make when explaining null safety?,what-are-the-common-mistakes-candidates-make-when-explaining-null-safety,Kotlin Developer,Kotlin,1-3 Years,Medium,Technical,Interview preparation question about null safety.,"Explain null safety clearly, its purpose, how it works, and where it is used. Include a practical example relevant to the role.","A strong answer should define null safety, explain its practical purpose, describe an example, and mention important limitations or trade-offs where relevant.",Definition; purpose; practical usage; example; important considerations,Giving only a memorized definition; confusing related concepts; omitting a practical example.,What are the advantages and limitations of null safety?;Can you give a practical example of null safety?,"kotlin developer,kotlin,null safety",null safety Interview Questions and Answers | InterviewPrep,Practice null safety interview questions and answers for Kotlin Developer candidates.,True
"What is safe calls, and why is it important in Kotlin Developer?",what-is-safe-calls-and-why-is-it-important-in-kotlin-developer,Kotlin Developer,Kotlin,Fresher,Easy,Technical,Interview preparation question about safe calls.,"Explain safe calls clearly, its purpose, how it works, and where it is used. Include a practical example relevant to the role.","A strong answer should define safe calls, explain its practical purpose, describe an example, and mention important limitations or trade-offs where relevant.",Definition; purpose; practical usage; example; important considerations,Giving only a memorized definition; confusing related concepts; omitting a practical example.,What are the advantages and limitations of safe calls?;Can you give a practical example of safe calls?,"kotlin developer,kotlin,safe calls",safe calls Interview Questions and Answers | InterviewPrep,Practice safe calls interview questions and answers for Kotlin Developer candidates.,True
How does safe calls work in Kotlin Developer?,how-does-safe-calls-work-in-kotlin-developer,Kotlin Developer,Kotlin,0-1 Years,Medium,Technical,Interview preparation question about safe calls.,"Explain safe calls clearly, its purpose, how it works, and where it is used. Include a practical example relevant to the role.","A strong answer should define safe calls, explain its practical purpose, describe an example, and mention important limitations or trade-offs where relevant.",Definition; purpose; practical usage; example; important considerations,Giving only a memorized definition; confusing related concepts; omitting a practical example.,What are the advantages and limitations of safe calls?;Can you give a practical example of safe calls?,"kotlin developer,kotlin,safe calls",safe calls Interview Questions and Answers | InterviewPrep,Practice safe calls interview questions and answers for Kotlin Developer candidates.,True
What are the common mistakes candidates make when explaining safe calls?,what-are-the-common-mistakes-candidates-make-when-explaining-safe-calls,Kotlin Developer,Kotlin,1-3 Years,Medium,Technical,Interview preparation question about safe calls.,"Explain safe calls clearly, its purpose, how it works, and where it is used. Include a practical example relevant to the role.","A strong answer should define safe calls, explain its practical purpose, describe an example, and mention important limitations or trade-offs where relevant.",Definition; purpose; practical usage; example; important considerations,Giving only a memorized definition; confusing related concepts; omitting a practical example.,What are the advantages and limitations of safe calls?;Can you give a practical example of safe calls?,"kotlin developer,kotlin,safe calls",safe calls Interview Questions and Answers | InterviewPrep,Practice safe calls interview questions and answers for Kotlin Developer candidates.,True
"What is Elvis operator, and why is it important in Kotlin Developer?",what-is-elvis-operator-and-why-is-it-important-in-kotlin-developer,Kotlin Developer,Kotlin,Fresher,Easy,Technical,Interview preparation question about Elvis operator.,"Explain Elvis operator clearly, its purpose, how it works, and where it is used. Include a practical example relevant to the role.","A strong answer should define Elvis operator, explain its practical purpose, describe an example, and mention important limitations or trade-offs where relevant.",Definition; purpose; practical usage; example; important considerations,Giving only a memorized definition; confusing related concepts; omitting a practical example.,What are the advantages and limitations of Elvis operator?;Can you give a practical example of Elvis operator?,"kotlin developer,kotlin,elvis operator",Elvis operator Interview Questions and Answers | InterviewPrep,Practice Elvis operator interview questions and answers for Kotlin Developer candidates.,True
How does Elvis operator work in Kotlin Developer?,how-does-elvis-operator-work-in-kotlin-developer,Kotlin Developer,Kotlin,0-1 Years,Medium,Technical,Interview preparation question about Elvis operator.,"Explain Elvis operator clearly, its purpose, how it works, and where it is used. Include a practical example relevant to the role.","A strong answer should define Elvis operator, explain its practical purpose, describe an example, and mention important limitations or trade-offs where relevant.",Definition; purpose; practical usage; example; important considerations,Giving only a memorized definition; confusing related concepts; omitting a practical example.,What are the advantages and limitations of Elvis operator?;Can you give a practical example of Elvis operator?,"kotlin developer,kotlin,elvis operator",Elvis operator Interview Questions and Answers | InterviewPrep,Practice Elvis operator interview questions and answers for Kotlin Developer candidates.,True
What are the common mistakes candidates make when explaining Elvis operator?,what-are-the-common-mistakes-candidates-make-when-explaining-elvis-operator,Kotlin Developer,Kotlin,1-3 Years,Medium,Technical,Interview preparation question about Elvis operator.,"Explain Elvis operator clearly, its purpose, how it works, and where it is used. Include a practical example relevant to the role.","A strong answer should define Elvis operator, explain its practical purpose, describe an example, and mention important limitations or trade-offs where relevant.",Definition; purpose; practical usage; example; important considerations,Giving only a memorized definition; confusing related concepts; omitting a practical example.,What are the advantages and limitations of Elvis operator?;Can you give a practical example of Elvis operator?,"kotlin developer,kotlin,elvis operator",Elvis operator Interview Questions and Answers | InterviewPrep,Practice Elvis operator interview questions and answers for Kotlin Developer candidates.,True
"What is data classes, and why is it important in Kotlin Developer?",what-is-data-classes-and-why-is-it-important-in-kotlin-developer,Kotlin Developer,Kotlin,Fresher,Easy,Technical,Interview preparation question about data classes.,"Explain data classes clearly, its purpose, how it works, and where it is used. Include a practical example relevant to the role.","A strong answer should define data classes, explain its practical purpose, describe an example, and mention important limitations or trade-offs where relevant.",Definition; purpose; practical usage; example; important considerations,Giving only a memorized definition; confusing related concepts; omitting a practical example.,What are the advantages and limitations of data classes?;Can you give a practical example of data classes?,"kotlin developer,kotlin,data classes",data classes Interview Questions and Answers | InterviewPrep,Practice data classes interview questions and answers for Kotlin Developer candidates.,True
How does data classes work in Kotlin Developer?,how-does-data-classes-work-in-kotlin-developer,Kotlin Developer,Kotlin,0-1 Years,Medium,Technical,Interview preparation question about data classes.,"Explain data classes clearly, its purpose, how it works, and where it is used. Include a practical example relevant to the role.","A strong answer should define data classes, explain its practical purpose, describe an example, and mention important limitations or trade-offs where relevant.",Definition; purpose; practical usage; example; important considerations,Giving only a memorized definition; confusing related concepts; omitting a practical example.,What are the advantages and limitations of data classes?;Can you give a practical example of data classes?,"kotlin developer,kotlin,data classes",data classes Interview Questions and Answers | InterviewPrep,Practice data classes interview questions and answers for Kotlin Developer candidates.,True
What are the common mistakes candidates make when explaining data classes?,what-are-the-common-mistakes-candidates-make-when-explaining-data-classes,Kotlin Developer,Kotlin,1-3 Years,Medium,Technical,Interview preparation question about data classes.,"Explain data classes clearly, its purpose, how it works, and where it is used. Include a practical example relevant to the role.","A strong answer should define data classes, explain its practical purpose, describe an example, and mention important limitations or trade-offs where relevant.",Definition; purpose; practical usage; example; important considerations,Giving only a memorized definition; confusing related concepts; omitting a practical example.,What are the advantages and limitations of data classes?;Can you give a practical example of data classes?,"kotlin developer,kotlin,data classes",data classes Interview Questions and Answers | InterviewPrep,Practice data classes interview questions and answers for Kotlin Developer candidates.,True
"What is sealed classes, and why is it important in Kotlin Developer?",what-is-sealed-classes-and-why-is-it-important-in-kotlin-developer,Kotlin Developer,Kotlin,Fresher,Easy,Technical,Interview preparation question about sealed classes.,"Explain sealed classes clearly, its purpose, how it works, and where it is used. Include a practical example relevant to the role.","A strong answer should define sealed classes, explain its practical purpose, describe an example, and mention important limitations or trade-offs where relevant.",Definition; purpose; practical usage; example; important considerations,Giving only a memorized definition; confusing related concepts; omitting a practical example.,What are the advantages and limitations of sealed classes?;Can you give a practical example of sealed classes?,"kotlin developer,kotlin,sealed classes",sealed classes Interview Questions and Answers | InterviewPrep,Practice sealed classes interview questions and answers for Kotlin Developer candidates.,True
How does sealed classes work in Kotlin Developer?,how-does-sealed-classes-work-in-kotlin-developer,Kotlin Developer,Kotlin,0-1 Years,Medium,Technical,Interview preparation question about sealed classes.,"Explain sealed classes clearly, its purpose, how it works, and where it is used. Include a practical example relevant to the role.","A strong answer should define sealed classes, explain its practical purpose, describe an example, and mention important limitations or trade-offs where relevant.",Definition; purpose; practical usage; example; important considerations,Giving only a memorized definition; confusing related concepts; omitting a practical example.,What are the advantages and limitations of sealed classes?;Can you give a practical example of sealed classes?,"kotlin developer,kotlin,sealed classes",sealed classes Interview Questions and Answers | InterviewPrep,Practice sealed classes interview questions and answers for Kotlin Developer candidates.,True
What are the common mistakes candidates make when explaining sealed classes?,what-are-the-common-mistakes-candidates-make-when-explaining-sealed-classes,Kotlin Developer,Kotlin,1-3 Years,Medium,Technical,Interview preparation question about sealed classes.,"Explain sealed classes clearly, its purpose, how it works, and where it is used. Include a practical example relevant to the role.","A strong answer should define sealed classes, explain its practical purpose, describe an example, and mention important limitations or trade-offs where relevant.",Definition; purpose; practical usage; example; important considerations,Giving only a memorized definition; confusing related concepts; omitting a practical example.,What are the advantages and limitations of sealed classes?;Can you give a practical example of sealed classes?,"kotlin developer,kotlin,sealed classes",sealed classes Interview Questions and Answers | InterviewPrep,Practice sealed classes interview questions and answers for Kotlin Developer candidates.,True
"What is object declarations, and why is it important in Kotlin Developer?",what-is-object-declarations-and-why-is-it-important-in-kotlin-developer,Kotlin Developer,Kotlin,Fresher,Easy,Technical,Interview preparation question about object declarations.,"Explain object declarations clearly, its purpose, how it works, and where it is used. Include a practical example relevant to the role.","A strong answer should define object declarations, explain its practical purpose, describe an example, and mention important limitations or trade-offs where relevant.",Definition; purpose; practical usage; example; important considerations,Giving only a memorized definition; confusing related concepts; omitting a practical example.,What are the advantages and limitations of object declarations?;Can you give a practical example of object declarations?,"kotlin developer,kotlin,object declarations",object declarations Interview Questions and Answers | InterviewPrep,Practice object declarations interview questions and answers for Kotlin Developer candidates.,True
How does object declarations work in Kotlin Developer?,how-does-object-declarations-work-in-kotlin-developer,Kotlin Developer,Kotlin,0-1 Years,Medium,Technical,Interview preparation question about object declarations.,"Explain object declarations clearly, its purpose, how it works, and where it is used. Include a practical example relevant to the role.","A strong answer should define object declarations, explain its practical purpose, describe an example, and mention important limitations or trade-offs where relevant.",Definition; purpose; practical usage; example; important considerations,Giving only a memorized definition; confusing related concepts; omitting a practical example.,What are the advantages and limitations of object declarations?;Can you give a practical example of object declarations?,"kotlin developer,kotlin,object declarations",object declarations Interview Questions and Answers | InterviewPrep,Practice object declarations interview questions and answers for Kotlin Developer candidates.,True
What are the common mistakes candidates make when explaining object declarations?,what-are-the-common-mistakes-candidates-make-when-explaining-object-declarations,Kotlin Developer,Kotlin,1-3 Years,Medium,Technical,Interview preparation question about object declarations.,"Explain object declarations clearly, its purpose, how it works, and where it is used. Include a practical example relevant to the role.","A strong answer should define object declarations, explain its practical purpose, describe an example, and mention important limitations or trade-offs where relevant.",Definition; purpose; practical usage; example; important considerations,Giving only a memorized definition; confusing related concepts; omitting a practical example.,What are the advantages and limitations of object declarations?;Can you give a practical example of object declarations?,"kotlin developer,kotlin,object declarations",object declarations Interview Questions and Answers | InterviewPrep,Practice object declarations interview questions and answers for Kotlin Developer candidates.,True
"What is companion objects, and why is it important in Kotlin Developer?",what-is-companion-objects-and-why-is-it-important-in-kotlin-developer,Kotlin Developer,Kotlin,Fresher,Easy,Technical,Interview preparation question about companion objects.,"Explain companion objects clearly, its purpose, how it works, and where it is used. Include a practical example relevant to the role.","A strong answer should define companion objects, explain its practical purpose, describe an example, and mention important limitations or trade-offs where relevant.",Definition; purpose; practical usage; example; important considerations,Giving only a memorized definition; confusing related concepts; omitting a practical example.,What are the advantages and limitations of companion objects?;Can you give a practical example of companion objects?,"kotlin developer,kotlin,companion objects",companion objects Interview Questions and Answers | InterviewPrep,Practice companion objects interview questions and answers for Kotlin Developer candidates.,True
How does companion objects work in Kotlin Developer?,how-does-companion-objects-work-in-kotlin-developer,Kotlin Developer,Kotlin,0-1 Years,Medium,Technical,Interview preparation question about companion objects.,"Explain companion objects clearly, its purpose, how it works, and where it is used. Include a practical example relevant to the role.","A strong answer should define companion objects, explain its practical purpose, describe an example, and mention important limitations or trade-offs where relevant.",Definition; purpose; practical usage; example; important considerations,Giving only a memorized definition; confusing related concepts; omitting a practical example.,What are the advantages and limitations of companion objects?;Can you give a practical example of companion objects?,"kotlin developer,kotlin,companion objects",companion objects Interview Questions and Answers | InterviewPrep,Practice companion objects interview questions and answers for Kotlin Developer candidates.,True
What are the common mistakes candidates make when explaining companion objects?,what-are-the-common-mistakes-candidates-make-when-explaining-companion-objects,Kotlin Developer,Kotlin,1-3 Years,Medium,Technical,Interview preparation question about companion objects.,"Explain companion objects clearly, its purpose, how it works, and where it is used. Include a practical example relevant to the role.","A strong answer should define companion objects, explain its practical purpose, describe an example, and mention important limitations or trade-offs where relevant.",Definition; purpose; practical usage; example; important considerations,Giving only a memorized definition; confusing related concepts; omitting a practical example.,What are the advantages and limitations of companion objects?;Can you give a practical example of companion objects?,"kotlin developer,kotlin,companion objects",companion objects Interview Questions and Answers | InterviewPrep,Practice companion objects interview questions and answers for Kotlin Developer candidates.,True
"What is extension functions, and why is it important in Kotlin Developer?",what-is-extension-functions-and-why-is-it-important-in-kotlin-developer,Kotlin Developer,Kotlin,Fresher,Easy,Technical,Interview preparation question about extension functions.,"Explain extension functions clearly, its purpose, how it works, and where it is used. Include a practical example relevant to the role.","A strong answer should define extension functions, explain its practical purpose, describe an example, and mention important limitations or trade-offs where relevant.",Definition; purpose; practical usage; example; important considerations,Giving only a memorized definition; confusing related concepts; omitting a practical example.,What are the advantages and limitations of extension functions?;Can you give a practical example of extension functions?,"kotlin developer,kotlin,extension functions",extension functions Interview Questions and Answers | InterviewPrep,Practice extension functions interview questions and answers for Kotlin Developer candidates.,True
How does extension functions work in Kotlin Developer?,how-does-extension-functions-work-in-kotlin-developer,Kotlin Developer,Kotlin,0-1 Years,Medium,Technical,Interview preparation question about extension functions.,"Explain extension functions clearly, its purpose, how it works, and where it is used. Include a practical example relevant to the role.","A strong answer should define extension functions, explain its practical purpose, describe an example, and mention important limitations or trade-offs where relevant.",Definition; purpose; practical usage; example; important considerations,Giving only a memorized definition; confusing related concepts; omitting a practical example.,What are the advantages and limitations of extension functions?;Can you give a practical example of extension functions?,"kotlin developer,kotlin,extension functions",extension functions Interview Questions and Answers | InterviewPrep,Practice extension functions interview questions and answers for Kotlin Developer candidates.,True
What are the common mistakes candidates make when explaining extension functions?,what-are-the-common-mistakes-candidates-make-when-explaining-extension-functions,Kotlin Developer,Kotlin,1-3 Years,Medium,Technical,Interview preparation question about extension functions.,"Explain extension functions clearly, its purpose, how it works, and where it is used. Include a practical example relevant to the role.","A strong answer should define extension functions, explain its practical purpose, describe an example, and mention important limitations or trade-offs where relevant.",Definition; purpose; practical usage; example; important considerations,Giving only a memorized definition; confusing related concepts; omitting a practical example.,What are the advantages and limitations of extension functions?;Can you give a practical example of extension functions?,"kotlin developer,kotlin,extension functions",extension functions Interview Questions and Answers | InterviewPrep,Practice extension functions interview questions and answers for Kotlin Developer candidates.,True
"What is higher-order functions, and why is it important in Kotlin Developer?",what-is-higher-order-functions-and-why-is-it-important-in-kotlin-developer,Kotlin Developer,Kotlin,Fresher,Easy,Technical,Interview preparation question about higher-order functions.,"Explain higher-order functions clearly, its purpose, how it works, and where it is used. Include a practical example relevant to the role.","A strong answer should define higher-order functions, explain its practical purpose, describe an example, and mention important limitations or trade-offs where relevant.",Definition; purpose; practical usage; example; important considerations,Giving only a memorized definition; confusing related concepts; omitting a practical example.,What are the advantages and limitations of higher-order functions?;Can you give a practical example of higher-order functions?,"kotlin developer,kotlin,higher-order functions",higher-order functions Interview Questions and Answers | InterviewPrep,Practice higher-order functions interview questions and answers for Kotlin Developer candidates.,True
How does higher-order functions work in Kotlin Developer?,how-does-higher-order-functions-work-in-kotlin-developer,Kotlin Developer,Kotlin,0-1 Years,Medium,Technical,Interview preparation question about higher-order functions.,"Explain higher-order functions clearly, its purpose, how it works, and where it is used. Include a practical example relevant to the role.","A strong answer should define higher-order functions, explain its practical purpose, describe an example, and mention important limitations or trade-offs where relevant.",Definition; purpose; practical usage; example; important considerations,Giving only a memorized definition; confusing related concepts; omitting a practical example.,What are the advantages and limitations of higher-order functions?;Can you give a practical example of higher-order functions?,"kotlin developer,kotlin,higher-order functions",higher-order functions Interview Questions and Answers | InterviewPrep,Practice higher-order functions interview questions and answers for Kotlin Developer candidates.,True
What are the common mistakes candidates make when explaining higher-order functions?,what-are-the-common-mistakes-candidates-make-when-explaining-higher-order-functions,Kotlin Developer,Kotlin,1-3 Years,Medium,Technical,Interview preparation question about higher-order functions.,"Explain higher-order functions clearly, its purpose, how it works, and where it is used. Include a practical example relevant to the role.","A strong answer should define higher-order functions, explain its practical purpose, describe an example, and mention important limitations or trade-offs where relevant.",Definition; purpose; practical usage; example; important considerations,Giving only a memorized definition; confusing related concepts; omitting a practical example.,What are the advantages and limitations of higher-order functions?;Can you give a practical example of higher-order functions?,"kotlin developer,kotlin,higher-order functions",higher-order functions Interview Questions and Answers | InterviewPrep,Practice higher-order functions interview questions and answers for Kotlin Developer candidates.,True
"What is lambda expressions, and why is it important in Kotlin Developer?",what-is-lambda-expressions-and-why-is-it-important-in-kotlin-developer,Kotlin Developer,Kotlin,Fresher,Easy,Technical,Interview preparation question about lambda expressions.,"Explain lambda expressions clearly, its purpose, how it works, and where it is used. Include a practical example relevant to the role.","A strong answer should define lambda expressions, explain its practical purpose, describe an example, and mention important limitations or trade-offs where relevant.",Definition; purpose; practical usage; example; important considerations,Giving only a memorized definition; confusing related concepts; omitting a practical example.,What are the advantages and limitations of lambda expressions?;Can you give a practical example of lambda expressions?,"kotlin developer,kotlin,lambda expressions",lambda expressions Interview Questions and Answers | InterviewPrep,Practice lambda expressions interview questions and answers for Kotlin Developer candidates.,True
How does lambda expressions work in Kotlin Developer?,how-does-lambda-expressions-work-in-kotlin-developer,Kotlin Developer,Kotlin,0-1 Years,Medium,Technical,Interview preparation question about lambda expressions.,"Explain lambda expressions clearly, its purpose, how it works, and where it is used. Include a practical example relevant to the role.","A strong answer should define lambda expressions, explain its practical purpose, describe an example, and mention important limitations or trade-offs where relevant.",Definition; purpose; practical usage; example; important considerations,Giving only a memorized definition; confusing related concepts; omitting a practical example.,What are the advantages and limitations of lambda expressions?;Can you give a practical example of lambda expressions?,"kotlin developer,kotlin,lambda expressions",lambda expressions Interview Questions and Answers | InterviewPrep,Practice lambda expressions interview questions and answers for Kotlin Developer candidates.,True
What are the common mistakes candidates make when explaining lambda expressions?,what-are-the-common-mistakes-candidates-make-when-explaining-lambda-expressions,Kotlin Developer,Kotlin,1-3 Years,Medium,Technical,Interview preparation question about lambda expressions.,"Explain lambda expressions clearly, its purpose, how it works, and where it is used. Include a practical example relevant to the role.","A strong answer should define lambda expressions, explain its practical purpose, describe an example, and mention important limitations or trade-offs where relevant.",Definition; purpose; practical usage; example; important considerations,Giving only a memorized definition; confusing related concepts; omitting a practical example.,What are the advantages and limitations of lambda expressions?;Can you give a practical example of lambda expressions?,"kotlin developer,kotlin,lambda expressions",lambda expressions Interview Questions and Answers | InterviewPrep,Practice lambda expressions interview questions and answers for Kotlin Developer candidates.,True
"What is scope functions, and why is it important in Kotlin Developer?",what-is-scope-functions-and-why-is-it-important-in-kotlin-developer,Kotlin Developer,Kotlin,Fresher,Easy,Technical,Interview preparation question about scope functions.,"Explain scope functions clearly, its purpose, how it works, and where it is used. Include a practical example relevant to the role.","A strong answer should define scope functions, explain its practical purpose, describe an example, and mention important limitations or trade-offs where relevant.",Definition; purpose; practical usage; example; important considerations,Giving only a memorized definition; confusing related concepts; omitting a practical example.,What are the advantages and limitations of scope functions?;Can you give a practical example of scope functions?,"kotlin developer,kotlin,scope functions",scope functions Interview Questions and Answers | InterviewPrep,Practice scope functions interview questions and answers for Kotlin Developer candidates.,True
How does scope functions work in Kotlin Developer?,how-does-scope-functions-work-in-kotlin-developer,Kotlin Developer,Kotlin,0-1 Years,Medium,Technical,Interview preparation question about scope functions.,"Explain scope functions clearly, its purpose, how it works, and where it is used. Include a practical example relevant to the role.","A strong answer should define scope functions, explain its practical purpose, describe an example, and mention important limitations or trade-offs where relevant.",Definition; purpose; practical usage; example; important considerations,Giving only a memorized definition; confusing related concepts; omitting a practical example.,What are the advantages and limitations of scope functions?;Can you give a practical example of scope functions?,"kotlin developer,kotlin,scope functions",scope functions Interview Questions and Answers | InterviewPrep,Practice scope functions interview questions and answers for Kotlin Developer candidates.,True
What are the common mistakes candidates make when explaining scope functions?,what-are-the-common-mistakes-candidates-make-when-explaining-scope-functions,Kotlin Developer,Kotlin,1-3 Years,Medium,Technical,Interview preparation question about scope functions.,"Explain scope functions clearly, its purpose, how it works, and where it is used. Include a practical example relevant to the role.","A strong answer should define scope functions, explain its practical purpose, describe an example, and mention important limitations or trade-offs where relevant.",Definition; purpose; practical usage; example; important considerations,Giving only a memorized definition; confusing related concepts; omitting a practical example.,What are the advantages and limitations of scope functions?;Can you give a practical example of scope functions?,"kotlin developer,kotlin,scope functions",scope functions Interview Questions and Answers | InterviewPrep,Practice scope functions interview questions and answers for Kotlin Developer candidates.,True
"What is let, and why is it important in Kotlin Developer?",what-is-let-and-why-is-it-important-in-kotlin-developer,Kotlin Developer,Kotlin,Fresher,Easy,Technical,Interview preparation question about let.,"Explain let clearly, its purpose, how it works, and where it is used. Include a practical example relevant to the role.","A strong answer should define let, explain its practical purpose, describe an example, and mention important limitations or trade-offs where relevant.",Definition; purpose; practical usage; example; important considerations,Giving only a memorized definition; confusing related concepts; omitting a practical example.,What are the advantages and limitations of let?;Can you give a practical example of let?,"kotlin developer,kotlin,let",let Interview Questions and Answers | InterviewPrep,Practice let interview questions and answers for Kotlin Developer candidates.,True
How does let work in Kotlin Developer?,how-does-let-work-in-kotlin-developer,Kotlin Developer,Kotlin,0-1 Years,Medium,Technical,Interview preparation question about let.,"Explain let clearly, its purpose, how it works, and where it is used. Include a practical example relevant to the role.","A strong answer should define let, explain its practical purpose, describe an example, and mention important limitations or trade-offs where relevant.",Definition; purpose; practical usage; example; important considerations,Giving only a memorized definition; confusing related concepts; omitting a practical example.,What are the advantages and limitations of let?;Can you give a practical example of let?,"kotlin developer,kotlin,let",let Interview Questions and Answers | InterviewPrep,Practice let interview questions and answers for Kotlin Developer candidates.,True
What are the common mistakes candidates make when explaining let?,what-are-the-common-mistakes-candidates-make-when-explaining-let,Kotlin Developer,Kotlin,1-3 Years,Medium,Technical,Interview preparation question about let.,"Explain let clearly, its purpose, how it works, and where it is used. Include a practical example relevant to the role.","A strong answer should define let, explain its practical purpose, describe an example, and mention important limitations or trade-offs where relevant.",Definition; purpose; practical usage; example; important considerations,Giving only a memorized definition; confusing related concepts; omitting a practical example.,What are the advantages and limitations of let?;Can you give a practical example of let?,"kotlin developer,kotlin,let",let Interview Questions and Answers | InterviewPrep,Practice let interview questions and answers for Kotlin Developer candidates.,True
"What is run, and why is it important in Kotlin Developer?",what-is-run-and-why-is-it-important-in-kotlin-developer,Kotlin Developer,Kotlin,Fresher,Easy,Technical,Interview preparation question about run.,"Explain run clearly, its purpose, how it works, and where it is used. Include a practical example relevant to the role.","A strong answer should define run, explain its practical purpose, describe an example, and mention important limitations or trade-offs where relevant.",Definition; purpose; practical usage; example; important considerations,Giving only a memorized definition; confusing related concepts; omitting a practical example.,What are the advantages and limitations of run?;Can you give a practical example of run?,"kotlin developer,kotlin,run",run Interview Questions and Answers | InterviewPrep,Practice run interview questions and answers for Kotlin Developer candidates.,True
How does run work in Kotlin Developer?,how-does-run-work-in-kotlin-developer,Kotlin Developer,Kotlin,0-1 Years,Medium,Technical,Interview preparation question about run.,"Explain run clearly, its purpose, how it works, and where it is used. Include a practical example relevant to the role.","A strong answer should define run, explain its practical purpose, describe an example, and mention important limitations or trade-offs where relevant.",Definition; purpose; practical usage; example; important considerations,Giving only a memorized definition; confusing related concepts; omitting a practical example.,What are the advantages and limitations of run?;Can you give a practical example of run?,"kotlin developer,kotlin,run",run Interview Questions and Answers | InterviewPrep,Practice run interview questions and answers for Kotlin Developer candidates.,True
What are the common mistakes candidates make when explaining run?,what-are-the-common-mistakes-candidates-make-when-explaining-run,Kotlin Developer,Kotlin,1-3 Years,Medium,Technical,Interview preparation question about run.,"Explain run clearly, its purpose, how it works, and where it is used. Include a practical example relevant to the role.","A strong answer should define run, explain its practical purpose, describe an example, and mention important limitations or trade-offs where relevant.",Definition; purpose; practical usage; example; important considerations,Giving only a memorized definition; confusing related concepts; omitting a practical example.,What are the advantages and limitations of run?;Can you give a practical example of run?,"kotlin developer,kotlin,run",run Interview Questions and Answers | InterviewPrep,Practice run interview questions and answers for Kotlin Developer candidates.,True
"What is apply, and why is it important in Kotlin Developer?",what-is-apply-and-why-is-it-important-in-kotlin-developer,Kotlin Developer,Kotlin,Fresher,Easy,Technical,Interview preparation question about apply.,"Explain apply clearly, its purpose, how it works, and where it is used. Include a practical example relevant to the role.","A strong answer should define apply, explain its practical purpose, describe an example, and mention important limitations or trade-offs where relevant.",Definition; purpose; practical usage; example; important considerations,Giving only a memorized definition; confusing related concepts; omitting a practical example.,What are the advantages and limitations of apply?;Can you give a practical example of apply?,"kotlin developer,kotlin,apply",apply Interview Questions and Answers | InterviewPrep,Practice apply interview questions and answers for Kotlin Developer candidates.,True
How does apply work in Kotlin Developer?,how-does-apply-work-in-kotlin-developer,Kotlin Developer,Kotlin,0-1 Years,Medium,Technical,Interview preparation question about apply.,"Explain apply clearly, its purpose, how it works, and where it is used. Include a practical example relevant to the role.","A strong answer should define apply, explain its practical purpose, describe an example, and mention important limitations or trade-offs where relevant.",Definition; purpose; practical usage; example; important considerations,Giving only a memorized definition; confusing related concepts; omitting a practical example.,What are the advantages and limitations of apply?;Can you give a practical example of apply?,"kotlin developer,kotlin,apply",apply Interview Questions and Answers | InterviewPrep,Practice apply interview questions and answers for Kotlin Developer candidates.,True
What are the common mistakes candidates make when explaining apply?,what-are-the-common-mistakes-candidates-make-when-explaining-apply,Kotlin Developer,Kotlin,1-3 Years,Medium,Technical,Interview preparation question about apply.,"Explain apply clearly, its purpose, how it works, and where it is used. Include a practical example relevant to the role.","A strong answer should define apply, explain its practical purpose, describe an example, and mention important limitations or trade-offs where relevant.",Definition; purpose; practical usage; example; important considerations,Giving only a memorized definition; confusing related concepts; omitting a practical example.,What are the advantages and limitations of apply?;Can you give a practical example of apply?,"kotlin developer,kotlin,apply",apply Interview Questions and Answers | InterviewPrep,Practice apply interview questions and answers for Kotlin Developer candidates.,True
"What is also, and why is it important in Kotlin Developer?",what-is-also-and-why-is-it-important-in-kotlin-developer,Kotlin Developer,Kotlin,Fresher,Easy,Technical,Interview preparation question about also.,"Explain also clearly, its purpose, how it works, and where it is used. Include a practical example relevant to the role.","A strong answer should define also, explain its practical purpose, describe an example, and mention important limitations or trade-offs where relevant.",Definition; purpose; practical usage; example; important considerations,Giving only a memorized definition; confusing related concepts; omitting a practical example.,What are the advantages and limitations of also?;Can you give a practical example of also?,"kotlin developer,kotlin,also",also Interview Questions and Answers | InterviewPrep,Practice also interview questions and answers for Kotlin Developer candidates.,True
How does also work in Kotlin Developer?,how-does-also-work-in-kotlin-developer,Kotlin Developer,Kotlin,0-1 Years,Medium,Technical,Interview preparation question about also.,"Explain also clearly, its purpose, how it works, and where it is used. Include a practical example relevant to the role.","A strong answer should define also, explain its practical purpose, describe an example, and mention important limitations or trade-offs where relevant.",Definition; purpose; practical usage; example; important considerations,Giving only a memorized definition; confusing related concepts; omitting a practical example.,What are the advantages and limitations of also?;Can you give a practical example of also?,"kotlin developer,kotlin,also",also Interview Questions and Answers | InterviewPrep,Practice also interview questions and answers for Kotlin Developer candidates.,True
What are the common mistakes candidates make when explaining also?,what-are-the-common-mistakes-candidates-make-when-explaining-also,Kotlin Developer,Kotlin,1-3 Years,Medium,Technical,Interview preparation question about also.,"Explain also clearly, its purpose, how it works, and where it is used. Include a practical example relevant to the role.","A strong answer should define also, explain its practical purpose, describe an example, and mention important limitations or trade-offs where relevant.",Definition; purpose; practical usage; example; important considerations,Giving only a memorized definition; confusing related concepts; omitting a practical example.,What are the advantages and limitations of also?;Can you give a practical example of also?,"kotlin developer,kotlin,also",also Interview Questions and Answers | InterviewPrep,Practice also interview questions and answers for Kotlin Developer candidates.,True
"What is with, and why is it important in Kotlin Developer?",what-is-with-and-why-is-it-important-in-kotlin-developer,Kotlin Developer,Kotlin,Fresher,Easy,Technical,Interview preparation question about with.,"Explain with clearly, its purpose, how it works, and where it is used. Include a practical example relevant to the role.","A strong answer should define with, explain its practical purpose, describe an example, and mention important limitations or trade-offs where relevant.",Definition; purpose; practical usage; example; important considerations,Giving only a memorized definition; confusing related concepts; omitting a practical example.,What are the advantages and limitations of with?;Can you give a practical example of with?,"kotlin developer,kotlin,with",with Interview Questions and Answers | InterviewPrep,Practice with interview questions and answers for Kotlin Developer candidates.,True
How does with work in Kotlin Developer?,how-does-with-work-in-kotlin-developer,Kotlin Developer,Kotlin,0-1 Years,Medium,Technical,Interview preparation question about with.,"Explain with clearly, its purpose, how it works, and where it is used. Include a practical example relevant to the role.","A strong answer should define with, explain its practical purpose, describe an example, and mention important limitations or trade-offs where relevant.",Definition; purpose; practical usage; example; important considerations,Giving only a memorized definition; confusing related concepts; omitting a practical example.,What are the advantages and limitations of with?;Can you give a practical example of with?,"kotlin developer,kotlin,with",with Interview Questions and Answers | InterviewPrep,Practice with interview questions and answers for Kotlin Developer candidates.,True
What are the common mistakes candidates make when explaining with?,what-are-the-common-mistakes-candidates-make-when-explaining-with,Kotlin Developer,Kotlin,1-3 Years,Medium,Technical,Interview preparation question about with.,"Explain with clearly, its purpose, how it works, and where it is used. Include a practical example relevant to the role.","A strong answer should define with, explain its practical purpose, describe an example, and mention important limitations or trade-offs where relevant.",Definition; purpose; practical usage; example; important considerations,Giving only a memorized definition; confusing related concepts; omitting a practical example.,What are the advantages and limitations of with?;Can you give a practical example of with?,"kotlin developer,kotlin,with",with Interview Questions and Answers | InterviewPrep,Practice with interview questions and answers for Kotlin Developer candidates.,True
"What is coroutines, and why is it important in Kotlin Developer?",what-is-coroutines-and-why-is-it-important-in-kotlin-developer,Kotlin Developer,Kotlin,Fresher,Easy,Technical,Interview preparation question about coroutines.,"Explain coroutines clearly, its purpose, how it works, and where it is used. Include a practical example relevant to the role.","A strong answer should define coroutines, explain its practical purpose, describe an example, and mention important limitations or trade-offs where relevant.",Definition; purpose; practical usage; example; important considerations,Giving only a memorized definition; confusing related concepts; omitting a practical example.,What are the advantages and limitations of coroutines?;Can you give a practical example of coroutines?,"kotlin developer,kotlin,coroutines",coroutines Interview Questions and Answers | InterviewPrep,Practice coroutines interview questions and answers for Kotlin Developer candidates.,True
How does coroutines work in Kotlin Developer?,how-does-coroutines-work-in-kotlin-developer,Kotlin Developer,Kotlin,0-1 Years,Medium,Technical,Interview preparation question about coroutines.,"Explain coroutines clearly, its purpose, how it works, and where it is used. Include a practical example relevant to the role.","A strong answer should define coroutines, explain its practical purpose, describe an example, and mention important limitations or trade-offs where relevant.",Definition; purpose; practical usage; example; important considerations,Giving only a memorized definition; confusing related concepts; omitting a practical example.,What are the advantages and limitations of coroutines?;Can you give a practical example of coroutines?,"kotlin developer,kotlin,coroutines",coroutines Interview Questions and Answers | InterviewPrep,Practice coroutines interview questions and answers for Kotlin Developer candidates.,True
What are the common mistakes candidates make when explaining coroutines?,what-are-the-common-mistakes-candidates-make-when-explaining-coroutines,Kotlin Developer,Kotlin,1-3 Years,Medium,Technical,Interview preparation question about coroutines.,"Explain coroutines clearly, its purpose, how it works, and where it is used. Include a practical example relevant to the role.","A strong answer should define coroutines, explain its practical purpose, describe an example, and mention important limitations or trade-offs where relevant.",Definition; purpose; practical usage; example; important considerations,Giving only a memorized definition; confusing related concepts; omitting a practical example.,What are the advantages and limitations of coroutines?;Can you give a practical example of coroutines?,"kotlin developer,kotlin,coroutines",coroutines Interview Questions and Answers | InterviewPrep,Practice coroutines interview questions and answers for Kotlin Developer candidates.,True
"What is suspend functions, and why is it important in Kotlin Developer?",what-is-suspend-functions-and-why-is-it-important-in-kotlin-developer,Kotlin Developer,Kotlin,Fresher,Easy,Technical,Interview preparation question about suspend functions.,"Explain suspend functions clearly, its purpose, how it works, and where it is used. Include a practical example relevant to the role.","A strong answer should define suspend functions, explain its practical purpose, describe an example, and mention important limitations or trade-offs where relevant.",Definition; purpose; practical usage; example; important considerations,Giving only a memorized definition; confusing related concepts; omitting a practical example.,What are the advantages and limitations of suspend functions?;Can you give a practical example of suspend functions?,"kotlin developer,kotlin,suspend functions",suspend functions Interview Questions and Answers | InterviewPrep,Practice suspend functions interview questions and answers for Kotlin Developer candidates.,True
How does suspend functions work in Kotlin Developer?,how-does-suspend-functions-work-in-kotlin-developer,Kotlin Developer,Kotlin,0-1 Years,Medium,Technical,Interview preparation question about suspend functions.,"Explain suspend functions clearly, its purpose, how it works, and where it is used. Include a practical example relevant to the role.","A strong answer should define suspend functions, explain its practical purpose, describe an example, and mention important limitations or trade-offs where relevant.",Definition; purpose; practical usage; example; important considerations,Giving only a memorized definition; confusing related concepts; omitting a practical example.,What are the advantages and limitations of suspend functions?;Can you give a practical example of suspend functions?,"kotlin developer,kotlin,suspend functions",suspend functions Interview Questions and Answers | InterviewPrep,Practice suspend functions interview questions and answers for Kotlin Developer candidates.,True
What are the common mistakes candidates make when explaining suspend functions?,what-are-the-common-mistakes-candidates-make-when-explaining-suspend-functions,Kotlin Developer,Kotlin,1-3 Years,Medium,Technical,Interview preparation question about suspend functions.,"Explain suspend functions clearly, its purpose, how it works, and where it is used. Include a practical example relevant to the role.","A strong answer should define suspend functions, explain its practical purpose, describe an example, and mention important limitations or trade-offs where relevant.",Definition; purpose; practical usage; example; important considerations,Giving only a memorized definition; confusing related concepts; omitting a practical example.,What are the advantages and limitations of suspend functions?;Can you give a practical example of suspend functions?,"kotlin developer,kotlin,suspend functions",suspend functions Interview Questions and Answers | InterviewPrep,Practice suspend functions interview questions and answers for Kotlin Developer candidates.,True
"What is structured concurrency, and why is it important in Kotlin Developer?",what-is-structured-concurrency-and-why-is-it-important-in-kotlin-developer,Kotlin Developer,Kotlin,Fresher,Easy,Technical,Interview preparation question about structured concurrency.,"Explain structured concurrency clearly, its purpose, how it works, and where it is used. Include a practical example relevant to the role.","A strong answer should define structured concurrency, explain its practical purpose, describe an example, and mention important limitations or trade-offs where relevant.",Definition; purpose; practical usage; example; important considerations,Giving only a memorized definition; confusing related concepts; omitting a practical example.,What are the advantages and limitations of structured concurrency?;Can you give a practical example of structured concurrency?,"kotlin developer,kotlin,structured concurrency",structured concurrency Interview Questions and Answers | InterviewPrep,Practice structured concurrency interview questions and answers for Kotlin Developer candidates.,True
How does structured concurrency work in Kotlin Developer?,how-does-structured-concurrency-work-in-kotlin-developer,Kotlin Developer,Kotlin,0-1 Years,Medium,Technical,Interview preparation question about structured concurrency.,"Explain structured concurrency clearly, its purpose, how it works, and where it is used. Include a practical example relevant to the role.","A strong answer should define structured concurrency, explain its practical purpose, describe an example, and mention important limitations or trade-offs where relevant.",Definition; purpose; practical usage; example; important considerations,Giving only a memorized definition; confusing related concepts; omitting a practical example.,What are the advantages and limitations of structured concurrency?;Can you give a practical example of structured concurrency?,"kotlin developer,kotlin,structured concurrency",structured concurrency Interview Questions and Answers | InterviewPrep,Practice structured concurrency interview questions and answers for Kotlin Developer candidates.,True
What are the common mistakes candidates make when explaining structured concurrency?,what-are-the-common-mistakes-candidates-make-when-explaining-structured-concurrency,Kotlin Developer,Kotlin,1-3 Years,Medium,Technical,Interview preparation question about structured concurrency.,"Explain structured concurrency clearly, its purpose, how it works, and where it is used. Include a practical example relevant to the role.","A strong answer should define structured concurrency, explain its practical purpose, describe an example, and mention important limitations or trade-offs where relevant.",Definition; purpose; practical usage; example; important considerations,Giving only a memorized definition; confusing related concepts; omitting a practical example.,What are the advantages and limitations of structured concurrency?;Can you give a practical example of structured concurrency?,"kotlin developer,kotlin,structured concurrency",structured concurrency Interview Questions and Answers | InterviewPrep,Practice structured concurrency interview questions and answers for Kotlin Developer candidates.,True
"What is Flow, and why is it important in Kotlin Developer?",what-is-flow-and-why-is-it-important-in-kotlin-developer,Kotlin Developer,Kotlin,Fresher,Easy,Technical,Interview preparation question about Flow.,"Explain Flow clearly, its purpose, how it works, and where it is used. Include a practical example relevant to the role.","A strong answer should define Flow, explain its practical purpose, describe an example, and mention important limitations or trade-offs where relevant.",Definition; purpose; practical usage; example; important considerations,Giving only a memorized definition; confusing related concepts; omitting a practical example.,What are the advantages and limitations of Flow?;Can you give a practical example of Flow?,"kotlin developer,kotlin,flow",Flow Interview Questions and Answers | InterviewPrep,Practice Flow interview questions and answers for Kotlin Developer candidates.,True
How does Flow work in Kotlin Developer?,how-does-flow-work-in-kotlin-developer,Kotlin Developer,Kotlin,0-1 Years,Medium,Technical,Interview preparation question about Flow.,"Explain Flow clearly, its purpose, how it works, and where it is used. Include a practical example relevant to the role.","A strong answer should define Flow, explain its practical purpose, describe an example, and mention important limitations or trade-offs where relevant.",Definition; purpose; practical usage; example; important considerations,Giving only a memorized definition; confusing related concepts; omitting a practical example.,What are the advantages and limitations of Flow?;Can you give a practical example of Flow?,"kotlin developer,kotlin,flow",Flow Interview Questions and Answers | InterviewPrep,Practice Flow interview questions and answers for Kotlin Developer candidates.,True
What are the common mistakes candidates make when explaining Flow?,what-are-the-common-mistakes-candidates-make-when-explaining-flow,Kotlin Developer,Kotlin,1-3 Years,Medium,Technical,Interview preparation question about Flow.,"Explain Flow clearly, its purpose, how it works, and where it is used. Include a practical example relevant to the role.","A strong answer should define Flow, explain its practical purpose, describe an example, and mention important limitations or trade-offs where relevant.",Definition; purpose; practical usage; example; important considerations,Giving only a memorized definition; confusing related concepts; omitting a practical example.,What are the advantages and limitations of Flow?;Can you give a practical example of Flow?,"kotlin developer,kotlin,flow",Flow Interview Questions and Answers | InterviewPrep,Practice Flow interview questions and answers for Kotlin Developer candidates.,True
"What is StateFlow, and why is it important in Kotlin Developer?",what-is-stateflow-and-why-is-it-important-in-kotlin-developer,Kotlin Developer,Kotlin,Fresher,Easy,Technical,Interview preparation question about StateFlow.,"Explain StateFlow clearly, its purpose, how it works, and where it is used. Include a practical example relevant to the role.","A strong answer should define StateFlow, explain its practical purpose, describe an example, and mention important limitations or trade-offs where relevant.",Definition; purpose; practical usage; example; important considerations,Giving only a memorized definition; confusing related concepts; omitting a practical example.,What are the advantages and limitations of StateFlow?;Can you give a practical example of StateFlow?,"kotlin developer,kotlin,stateflow",StateFlow Interview Questions and Answers | InterviewPrep,Practice StateFlow interview questions and answers for Kotlin Developer candidates.,True
How does StateFlow work in Kotlin Developer?,how-does-stateflow-work-in-kotlin-developer,Kotlin Developer,Kotlin,0-1 Years,Medium,Technical,Interview preparation question about StateFlow.,"Explain StateFlow clearly, its purpose, how it works, and where it is used. Include a practical example relevant to the role.","A strong answer should define StateFlow, explain its practical purpose, describe an example, and mention important limitations or trade-offs where relevant.",Definition; purpose; practical usage; example; important considerations,Giving only a memorized definition; confusing related concepts; omitting a practical example.,What are the advantages and limitations of StateFlow?;Can you give a practical example of StateFlow?,"kotlin developer,kotlin,stateflow",StateFlow Interview Questions and Answers | InterviewPrep,Practice StateFlow interview questions and answers for Kotlin Developer candidates.,True
What are the common mistakes candidates make when explaining StateFlow?,what-are-the-common-mistakes-candidates-make-when-explaining-stateflow,Kotlin Developer,Kotlin,1-3 Years,Medium,Technical,Interview preparation question about StateFlow.,"Explain StateFlow clearly, its purpose, how it works, and where it is used. Include a practical example relevant to the role.","A strong answer should define StateFlow, explain its practical purpose, describe an example, and mention important limitations or trade-offs where relevant.",Definition; purpose; practical usage; example; important considerations,Giving only a memorized definition; confusing related concepts; omitting a practical example.,What are the advantages and limitations of StateFlow?;Can you give a practical example of StateFlow?,"kotlin developer,kotlin,stateflow",StateFlow Interview Questions and Answers | InterviewPrep,Practice StateFlow interview questions and answers for Kotlin Developer candidates.,True
"What is SharedFlow, and why is it important in Kotlin Developer?",what-is-sharedflow-and-why-is-it-important-in-kotlin-developer,Kotlin Developer,Kotlin,Fresher,Easy,Technical,Interview preparation question about SharedFlow.,"Explain SharedFlow clearly, its purpose, how it works, and where it is used. Include a practical example relevant to the role.","A strong answer should define SharedFlow, explain its practical purpose, describe an example, and mention important limitations or trade-offs where relevant.",Definition; purpose; practical usage; example; important considerations,Giving only a memorized definition; confusing related concepts; omitting a practical example.,What are the advantages and limitations of SharedFlow?;Can you give a practical example of SharedFlow?,"kotlin developer,kotlin,sharedflow",SharedFlow Interview Questions and Answers | InterviewPrep,Practice SharedFlow interview questions and answers for Kotlin Developer candidates.,True
How does SharedFlow work in Kotlin Developer?,how-does-sharedflow-work-in-kotlin-developer,Kotlin Developer,Kotlin,0-1 Years,Medium,Technical,Interview preparation question about SharedFlow.,"Explain SharedFlow clearly, its purpose, how it works, and where it is used. Include a practical example relevant to the role.","A strong answer should define SharedFlow, explain its practical purpose, describe an example, and mention important limitations or trade-offs where relevant.",Definition; purpose; practical usage; example; important considerations,Giving only a memorized definition; confusing related concepts; omitting a practical example.,What are the advantages and limitations of SharedFlow?;Can you give a practical example of SharedFlow?,"kotlin developer,kotlin,sharedflow",SharedFlow Interview Questions and Answers | InterviewPrep,Practice SharedFlow interview questions and answers for Kotlin Developer candidates.,True
What are the common mistakes candidates make when explaining SharedFlow?,what-are-the-common-mistakes-candidates-make-when-explaining-sharedflow,Kotlin Developer,Kotlin,1-3 Years,Medium,Technical,Interview preparation question about SharedFlow.,"Explain SharedFlow clearly, its purpose, how it works, and where it is used. Include a practical example relevant to the role.","A strong answer should define SharedFlow, explain its practical purpose, describe an example, and mention important limitations or trade-offs where relevant.",Definition; purpose; practical usage; example; important considerations,Giving only a memorized definition; confusing related concepts; omitting a practical example.,What are the advantages and limitations of SharedFlow?;Can you give a practical example of SharedFlow?,"kotlin developer,kotlin,sharedflow",SharedFlow Interview Questions and Answers | InterviewPrep,Practice SharedFlow interview questions and answers for Kotlin Developer candidates.,True
"What is generics, and why is it important in Kotlin Developer?",what-is-generics-and-why-is-it-important-in-kotlin-developer,Kotlin Developer,Kotlin,Fresher,Easy,Technical,Interview preparation question about generics.,"Explain generics clearly, its purpose, how it works, and where it is used. Include a practical example relevant to the role.","A strong answer should define generics, explain its practical purpose, describe an example, and mention important limitations or trade-offs where relevant.",Definition; purpose; practical usage; example; important considerations,Giving only a memorized definition; confusing related concepts; omitting a practical example.,What are the advantages and limitations of generics?;Can you give a practical example of generics?,"kotlin developer,kotlin,generics",generics Interview Questions and Answers | InterviewPrep,Practice generics interview questions and answers for Kotlin Developer candidates.,True
How does generics work in Kotlin Developer?,how-does-generics-work-in-kotlin-developer,Kotlin Developer,Kotlin,0-1 Years,Medium,Technical,Interview preparation question about generics.,"Explain generics clearly, its purpose, how it works, and where it is used. Include a practical example relevant to the role.","A strong answer should define generics, explain its practical purpose, describe an example, and mention important limitations or trade-offs where relevant.",Definition; purpose; practical usage; example; important considerations,Giving only a memorized definition; confusing related concepts; omitting a practical example.,What are the advantages and limitations of generics?;Can you give a practical example of generics?,"kotlin developer,kotlin,generics",generics Interview Questions and Answers | InterviewPrep,Practice generics interview questions and answers for Kotlin Developer candidates.,True
What are the common mistakes candidates make when explaining generics?,what-are-the-common-mistakes-candidates-make-when-explaining-generics,Kotlin Developer,Kotlin,1-3 Years,Medium,Technical,Interview preparation question about generics.,"Explain generics clearly, its purpose, how it works, and where it is used. Include a practical example relevant to the role.","A strong answer should define generics, explain its practical purpose, describe an example, and mention important limitations or trade-offs where relevant.",Definition; purpose; practical usage; example; important considerations,Giving only a memorized definition; confusing related concepts; omitting a practical example.,What are the advantages and limitations of generics?;Can you give a practical example of generics?,"kotlin developer,kotlin,generics",generics Interview Questions and Answers | InterviewPrep,Practice generics interview questions and answers for Kotlin Developer candidates.,True
"What is delegated properties, and why is it important in Kotlin Developer?",what-is-delegated-properties-and-why-is-it-important-in-kotlin-developer,Kotlin Developer,Kotlin,Fresher,Easy,Technical,Interview preparation question about delegated properties.,"Explain delegated properties clearly, its purpose, how it works, and where it is used. Include a practical example relevant to the role.","A strong answer should define delegated properties, explain its practical purpose, describe an example, and mention important limitations or trade-offs where relevant.",Definition; purpose; practical usage; example; important considerations,Giving only a memorized definition; confusing related concepts; omitting a practical example.,What are the advantages and limitations of delegated properties?;Can you give a practical example of delegated properties?,"kotlin developer,kotlin,delegated properties",delegated properties Interview Questions and Answers | InterviewPrep,Practice delegated properties interview questions and answers for Kotlin Developer candidates.,True
How does delegated properties work in Kotlin Developer?,how-does-delegated-properties-work-in-kotlin-developer,Kotlin Developer,Kotlin,0-1 Years,Medium,Technical,Interview preparation question about delegated properties.,"Explain delegated properties clearly, its purpose, how it works, and where it is used. Include a practical example relevant to the role.","A strong answer should define delegated properties, explain its practical purpose, describe an example, and mention important limitations or trade-offs where relevant.",Definition; purpose; practical usage; example; important considerations,Giving only a memorized definition; confusing related concepts; omitting a practical example.,What are the advantages and limitations of delegated properties?;Can you give a practical example of delegated properties?,"kotlin developer,kotlin,delegated properties",delegated properties Interview Questions and Answers | InterviewPrep,Practice delegated properties interview questions and answers for Kotlin Developer candidates.,True
What are the common mistakes candidates make when explaining delegated properties?,what-are-the-common-mistakes-candidates-make-when-explaining-delegated-properties,Kotlin Developer,Kotlin,1-3 Years,Medium,Technical,Interview preparation question about delegated properties.,"Explain delegated properties clearly, its purpose, how it works, and where it is used. Include a practical example relevant to the role.","A strong answer should define delegated properties, explain its practical purpose, describe an example, and mention important limitations or trade-offs where relevant.",Definition; purpose; practical usage; example; important considerations,Giving only a memorized definition; confusing related concepts; omitting a practical example.,What are the advantages and limitations of delegated properties?;Can you give a practical example of delegated properties?,"kotlin developer,kotlin,delegated properties",delegated properties Interview Questions and Answers | InterviewPrep,Practice delegated properties interview questions and answers for Kotlin Developer candidates.,True
"What is inline functions, and why is it important in Kotlin Developer?",what-is-inline-functions-and-why-is-it-important-in-kotlin-developer,Kotlin Developer,Kotlin,Fresher,Easy,Technical,Interview preparation question about inline functions.,"Explain inline functions clearly, its purpose, how it works, and where it is used. Include a practical example relevant to the role.","A strong answer should define inline functions, explain its practical purpose, describe an example, and mention important limitations or trade-offs where relevant.",Definition; purpose; practical usage; example; important considerations,Giving only a memorized definition; confusing related concepts; omitting a practical example.,What are the advantages and limitations of inline functions?;Can you give a practical example of inline functions?,"kotlin developer,kotlin,inline functions",inline functions Interview Questions and Answers | InterviewPrep,Practice inline functions interview questions and answers for Kotlin Developer candidates.,True
How does inline functions work in Kotlin Developer?,how-does-inline-functions-work-in-kotlin-developer,Kotlin Developer,Kotlin,0-1 Years,Medium,Technical,Interview preparation question about inline functions.,"Explain inline functions clearly, its purpose, how it works, and where it is used. Include a practical example relevant to the role.","A strong answer should define inline functions, explain its practical purpose, describe an example, and mention important limitations or trade-offs where relevant.",Definition; purpose; practical usage; example; important considerations,Giving only a memorized definition; confusing related concepts; omitting a practical example.,What are the advantages and limitations of inline functions?;Can you give a practical example of inline functions?,"kotlin developer,kotlin,inline functions",inline functions Interview Questions and Answers | InterviewPrep,Practice inline functions interview questions and answers for Kotlin Developer candidates.,True
What are the common mistakes candidates make when explaining inline functions?,what-are-the-common-mistakes-candidates-make-when-explaining-inline-functions,Kotlin Developer,Kotlin,1-3 Years,Medium,Technical,Interview preparation question about inline functions.,"Explain inline functions clearly, its purpose, how it works, and where it is used. Include a practical example relevant to the role.","A strong answer should define inline functions, explain its practical purpose, describe an example, and mention important limitations or trade-offs where relevant.",Definition; purpose; practical usage; example; important considerations,Giving only a memorized definition; confusing related concepts; omitting a practical example.,What are the advantages and limitations of inline functions?;Can you give a practical example of inline functions?,"kotlin developer,kotlin,inline functions",inline functions Interview Questions and Answers | InterviewPrep,Practice inline functions interview questions and answers for Kotlin Developer candidates.,True
"What is reified types, and why is it important in Kotlin Developer?",what-is-reified-types-and-why-is-it-important-in-kotlin-developer,Kotlin Developer,Kotlin,Fresher,Easy,Technical,Interview preparation question about reified types.,"Explain reified types clearly, its purpose, how it works, and where it is used. Include a practical example relevant to the role.","A strong answer should define reified types, explain its practical purpose, describe an example, and mention important limitations or trade-offs where relevant.",Definition; purpose; practical usage; example; important considerations,Giving only a memorized definition; confusing related concepts; omitting a practical example.,What are the advantages and limitations of reified types?;Can you give a practical example of reified types?,"kotlin developer,kotlin,reified types",reified types Interview Questions and Answers | InterviewPrep,Practice reified types interview questions and answers for Kotlin Developer candidates.,True
How does reified types work in Kotlin Developer?,how-does-reified-types-work-in-kotlin-developer,Kotlin Developer,Kotlin,0-1 Years,Medium,Technical,Interview preparation question about reified types.,"Explain reified types clearly, its purpose, how it works, and where it is used. Include a practical example relevant to the role.","A strong answer should define reified types, explain its practical purpose, describe an example, and mention important limitations or trade-offs where relevant.",Definition; purpose; practical usage; example; important considerations,Giving only a memorized definition; confusing related concepts; omitting a practical example.,What are the advantages and limitations of reified types?;Can you give a practical example of reified types?,"kotlin developer,kotlin,reified types",reified types Interview Questions and Answers | InterviewPrep,Practice reified types interview questions and answers for Kotlin Developer candidates.,True
What are the common mistakes candidates make when explaining reified types?,what-are-the-common-mistakes-candidates-make-when-explaining-reified-types,Kotlin Developer,Kotlin,1-3 Years,Medium,Technical,Interview preparation question about reified types.,"Explain reified types clearly, its purpose, how it works, and where it is used. Include a practical example relevant to the role.","A strong answer should define reified types, explain its practical purpose, describe an example, and mention important limitations or trade-offs where relevant.",Definition; purpose; practical usage; example; important considerations,Giving only a memorized definition; confusing related concepts; omitting a practical example.,What are the advantages and limitations of reified types?;Can you give a practical example of reified types?,"kotlin developer,kotlin,reified types",reified types Interview Questions and Answers | InterviewPrep,Practice reified types interview questions and answers for Kotlin Developer candidates.,True
"What is collections, and why is it important in Kotlin Developer?",what-is-collections-and-why-is-it-important-in-kotlin-developer,Kotlin Developer,Kotlin,Fresher,Easy,Technical,Interview preparation question about collections.,"Explain collections clearly, its purpose, how it works, and where it is used. Include a practical example relevant to the role.","A strong answer should define collections, explain its practical purpose, describe an example, and mention important limitations or trade-offs where relevant.",Definition; purpose; practical usage; example; important considerations,Giving only a memorized definition; confusing related concepts; omitting a practical example.,What are the advantages and limitations of collections?;Can you give a practical example of collections?,"kotlin developer,kotlin,collections",collections Interview Questions and Answers | InterviewPrep,Practice collections interview questions and answers for Kotlin Developer candidates.,True
How does collections work in Kotlin Developer?,how-does-collections-work-in-kotlin-developer,Kotlin Developer,Kotlin,0-1 Years,Medium,Technical,Interview preparation question about collections.,"Explain collections clearly, its purpose, how it works, and where it is used. Include a practical example relevant to the role.","A strong answer should define collections, explain its practical purpose, describe an example, and mention important limitations or trade-offs where relevant.",Definition; purpose; practical usage; example; important considerations,Giving only a memorized definition; confusing related concepts; omitting a practical example.,What are the advantages and limitations of collections?;Can you give a practical example of collections?,"kotlin developer,kotlin,collections",collections Interview Questions and Answers | InterviewPrep,Practice collections interview questions and answers for Kotlin Developer candidates.,True
What are the common mistakes candidates make when explaining collections?,what-are-the-common-mistakes-candidates-make-when-explaining-collections,Kotlin Developer,Kotlin,1-3 Years,Medium,Technical,Interview preparation question about collections.,"Explain collections clearly, its purpose, how it works, and where it is used. Include a practical example relevant to the role.","A strong answer should define collections, explain its practical purpose, describe an example, and mention important limitations or trade-offs where relevant.",Definition; purpose; practical usage; example; important considerations,Giving only a memorized definition; confusing related concepts; omitting a practical example.,What are the advantages and limitations of collections?;Can you give a practical example of collections?,"kotlin developer,kotlin,collections",collections Interview Questions and Answers | InterviewPrep,Practice collections interview questions and answers for Kotlin Developer candidates.,True
"What is Sequence API, and why is it important in Kotlin Developer?",what-is-sequence-api-and-why-is-it-important-in-kotlin-developer,Kotlin Developer,Kotlin,Fresher,Easy,Technical,Interview preparation question about Sequence API.,"Explain Sequence API clearly, its purpose, how it works, and where it is used. Include a practical example relevant to the role.","A strong answer should define Sequence API, explain its practical purpose, describe an example, and mention important limitations or trade-offs where relevant.",Definition; purpose; practical usage; example; important considerations,Giving only a memorized definition; confusing related concepts; omitting a practical example.,What are the advantages and limitations of Sequence API?;Can you give a practical example of Sequence API?,"kotlin developer,kotlin,sequence api",Sequence API Interview Questions and Answers | InterviewPrep,Practice Sequence API interview questions and answers for Kotlin Developer candidates.,True
How does Sequence API work in Kotlin Developer?,how-does-sequence-api-work-in-kotlin-developer,Kotlin Developer,Kotlin,0-1 Years,Medium,Technical,Interview preparation question about Sequence API.,"Explain Sequence API clearly, its purpose, how it works, and where it is used. Include a practical example relevant to the role.","A strong answer should define Sequence API, explain its practical purpose, describe an example, and mention important limitations or trade-offs where relevant.",Definition; purpose; practical usage; example; important considerations,Giving only a memorized definition; confusing related concepts; omitting a practical example.,What are the advantages and limitations of Sequence API?;Can you give a practical example of Sequence API?,"kotlin developer,kotlin,sequence api",Sequence API Interview Questions and Answers | InterviewPrep,Practice Sequence API interview questions and answers for Kotlin Developer candidates.,True
What are the common mistakes candidates make when explaining Sequence API?,what-are-the-common-mistakes-candidates-make-when-explaining-sequence-api,Kotlin Developer,Kotlin,1-3 Years,Medium,Technical,Interview preparation question about Sequence API.,"Explain Sequence API clearly, its purpose, how it works, and where it is used. Include a practical example relevant to the role.","A strong answer should define Sequence API, explain its practical purpose, describe an example, and mention important limitations or trade-offs where relevant.",Definition; purpose; practical usage; example; important considerations,Giving only a memorized definition; confusing related concepts; omitting a practical example.,What are the advantages and limitations of Sequence API?;Can you give a practical example of Sequence API?,"kotlin developer,kotlin,sequence api",Sequence API Interview Questions and Answers | InterviewPrep,Practice Sequence API interview questions and answers for Kotlin Developer candidates.,True
"What is smart casts, and why is it important in Kotlin Developer?",what-is-smart-casts-and-why-is-it-important-in-kotlin-developer,Kotlin Developer,Kotlin,Fresher,Easy,Technical,Interview preparation question about smart casts.,"Explain smart casts clearly, its purpose, how it works, and where it is used. Include a practical example relevant to the role.","A strong answer should define smart casts, explain its practical purpose, describe an example, and mention important limitations or trade-offs where relevant.",Definition; purpose; practical usage; example; important considerations,Giving only a memorized definition; confusing related concepts; omitting a practical example.,What are the advantages and limitations of smart casts?;Can you give a practical example of smart casts?,"kotlin developer,kotlin,smart casts",smart casts Interview Questions and Answers | InterviewPrep,Practice smart casts interview questions and answers for Kotlin Developer candidates.,True
How does smart casts work in Kotlin Developer?,how-does-smart-casts-work-in-kotlin-developer,Kotlin Developer,Kotlin,0-1 Years,Medium,Technical,Interview preparation question about smart casts.,"Explain smart casts clearly, its purpose, how it works, and where it is used. Include a practical example relevant to the role.","A strong answer should define smart casts, explain its practical purpose, describe an example, and mention important limitations or trade-offs where relevant.",Definition; purpose; practical usage; example; important considerations,Giving only a memorized definition; confusing related concepts; omitting a practical example.,What are the advantages and limitations of smart casts?;Can you give a practical example of smart casts?,"kotlin developer,kotlin,smart casts",smart casts Interview Questions and Answers | InterviewPrep,Practice smart casts interview questions and answers for Kotlin Developer candidates.,True
What are the common mistakes candidates make when explaining smart casts?,what-are-the-common-mistakes-candidates-make-when-explaining-smart-casts,Kotlin Developer,Kotlin,1-3 Years,Medium,Technical,Interview preparation question about smart casts.,"Explain smart casts clearly, its purpose, how it works, and where it is used. Include a practical example relevant to the role.","A strong answer should define smart casts, explain its practical purpose, describe an example, and mention important limitations or trade-offs where relevant.",Definition; purpose; practical usage; example; important considerations,Giving only a memorized definition; confusing related concepts; omitting a practical example.,What are the advantages and limitations of smart casts?;Can you give a practical example of smart casts?,"kotlin developer,kotlin,smart casts",smart casts Interview Questions and Answers | InterviewPrep,Practice smart casts interview questions and answers for Kotlin Developer candidates.,True
"What is type inference, and why is it important in Kotlin Developer?",what-is-type-inference-and-why-is-it-important-in-kotlin-developer,Kotlin Developer,Kotlin,Fresher,Easy,Technical,Interview preparation question about type inference.,"Explain type inference clearly, its purpose, how it works, and where it is used. Include a practical example relevant to the role.","A strong answer should define type inference, explain its practical purpose, describe an example, and mention important limitations or trade-offs where relevant.",Definition; purpose; practical usage; example; important considerations,Giving only a memorized definition; confusing related concepts; omitting a practical example.,What are the advantages and limitations of type inference?;Can you give a practical example of type inference?,"kotlin developer,kotlin,type inference",type inference Interview Questions and Answers | InterviewPrep,Practice type inference interview questions and answers for Kotlin Developer candidates.,True
How does type inference work in Kotlin Developer?,how-does-type-inference-work-in-kotlin-developer,Kotlin Developer,Kotlin,0-1 Years,Medium,Technical,Interview preparation question about type inference.,"Explain type inference clearly, its purpose, how it works, and where it is used. Include a practical example relevant to the role.","A strong answer should define type inference, explain its practical purpose, describe an example, and mention important limitations or trade-offs where relevant.",Definition; purpose; practical usage; example; important considerations,Giving only a memorized definition; confusing related concepts; omitting a practical example.,What are the advantages and limitations of type inference?;Can you give a practical example of type inference?,"kotlin developer,kotlin,type inference",type inference Interview Questions and Answers | InterviewPrep,Practice type inference interview questions and answers for Kotlin Developer candidates.,True
What are the common mistakes candidates make when explaining type inference?,what-are-the-common-mistakes-candidates-make-when-explaining-type-inference,Kotlin Developer,Kotlin,1-3 Years,Medium,Technical,Interview preparation question about type inference.,"Explain type inference clearly, its purpose, how it works, and where it is used. Include a practical example relevant to the role.","A strong answer should define type inference, explain its practical purpose, describe an example, and mention important limitations or trade-offs where relevant.",Definition; purpose; practical usage; example; important considerations,Giving only a memorized definition; confusing related concepts; omitting a practical example.,What are the advantages and limitations of type inference?;Can you give a practical example of type inference?,"kotlin developer,kotlin,type inference",type inference Interview Questions and Answers | InterviewPrep,Practice type inference interview questions and answers for Kotlin Developer candidates.,True
"What is visibility modifiers, and why is it important in Kotlin Developer?",what-is-visibility-modifiers-and-why-is-it-important-in-kotlin-developer,Kotlin Developer,Kotlin,Fresher,Easy,Technical,Interview preparation question about visibility modifiers.,"Explain visibility modifiers clearly, its purpose, how it works, and where it is used. Include a practical example relevant to the role.","A strong answer should define visibility modifiers, explain its practical purpose, describe an example, and mention important limitations or trade-offs where relevant.",Definition; purpose; practical usage; example; important considerations,Giving only a memorized definition; confusing related concepts; omitting a practical example.,What are the advantages and limitations of visibility modifiers?;Can you give a practical example of visibility modifiers?,"kotlin developer,kotlin,visibility modifiers",visibility modifiers Interview Questions and Answers | InterviewPrep,Practice visibility modifiers interview questions and answers for Kotlin Developer candidates.,True
How does visibility modifiers work in Kotlin Developer?,how-does-visibility-modifiers-work-in-kotlin-developer,Kotlin Developer,Kotlin,0-1 Years,Medium,Technical,Interview preparation question about visibility modifiers.,"Explain visibility modifiers clearly, its purpose, how it works, and where it is used. Include a practical example relevant to the role.","A strong answer should define visibility modifiers, explain its practical purpose, describe an example, and mention important limitations or trade-offs where relevant.",Definition; purpose; practical usage; example; important considerations,Giving only a memorized definition; confusing related concepts; omitting a practical example.,What are the advantages and limitations of visibility modifiers?;Can you give a practical example of visibility modifiers?,"kotlin developer,kotlin,visibility modifiers",visibility modifiers Interview Questions and Answers | InterviewPrep,Practice visibility modifiers interview questions and answers for Kotlin Developer candidates.,True
What are the common mistakes candidates make when explaining visibility modifiers?,what-are-the-common-mistakes-candidates-make-when-explaining-visibility-modifiers,Kotlin Developer,Kotlin,1-3 Years,Medium,Technical,Interview preparation question about visibility modifiers.,"Explain visibility modifiers clearly, its purpose, how it works, and where it is used. Include a practical example relevant to the role.","A strong answer should define visibility modifiers, explain its practical purpose, describe an example, and mention important limitations or trade-offs where relevant.",Definition; purpose; practical usage; example; important considerations,Giving only a memorized definition; confusing related concepts; omitting a practical example.,What are the advantages and limitations of visibility modifiers?;Can you give a practical example of visibility modifiers?,"kotlin developer,kotlin,visibility modifiers",visibility modifiers Interview Questions and Answers | InterviewPrep,Practice visibility modifiers interview questions and answers for Kotlin Developer candidates.,True
"What is Kotlin-Java interoperability, and why is it important in Kotlin Developer?",what-is-kotlin-java-interoperability-and-why-is-it-important-in-kotlin-developer,Kotlin Developer,Kotlin,Fresher,Easy,Technical,Interview preparation question about Kotlin-Java interoperability.,"Explain Kotlin-Java interoperability clearly, its purpose, how it works, and where it is used. Include a practical example relevant to the role.","A strong answer should define Kotlin-Java interoperability, explain its practical purpose, describe an example, and mention important limitations or trade-offs where relevant.",Definition; purpose; practical usage; example; important considerations,Giving only a memorized definition; confusing related concepts; omitting a practical example.,What are the advantages and limitations of Kotlin-Java interoperability?;Can you give a practical example of Kotlin-Java interoperability?,"kotlin developer,kotlin,kotlin-java interoperability",Kotlin-Java interoperability Interview Questions and Answers | InterviewPrep,Practice Kotlin-Java interoperability interview questions and answers for Kotlin Developer candidates.,True
How does Kotlin-Java interoperability work in Kotlin Developer?,how-does-kotlin-java-interoperability-work-in-kotlin-developer,Kotlin Developer,Kotlin,0-1 Years,Medium,Technical,Interview preparation question about Kotlin-Java interoperability.,"Explain Kotlin-Java interoperability clearly, its purpose, how it works, and where it is used. Include a practical example relevant to the role.","A strong answer should define Kotlin-Java interoperability, explain its practical purpose, describe an example, and mention important limitations or trade-offs where relevant.",Definition; purpose; practical usage; example; important considerations,Giving only a memorized definition; confusing related concepts; omitting a practical example.,What are the advantages and limitations of Kotlin-Java interoperability?;Can you give a practical example of Kotlin-Java interoperability?,"kotlin developer,kotlin,kotlin-java interoperability",Kotlin-Java interoperability Interview Questions and Answers | InterviewPrep,Practice Kotlin-Java interoperability interview questions and answers for Kotlin Developer candidates.,True
What are the common mistakes candidates make when explaining Kotlin-Java interoperability?,what-are-the-common-mistakes-candidates-make-when-explaining-kotlin-java-interoperability,Kotlin Developer,Kotlin,1-3 Years,Medium,Technical,Interview preparation question about Kotlin-Java interoperability.,"Explain Kotlin-Java interoperability clearly, its purpose, how it works, and where it is used. Include a practical example relevant to the role.","A strong answer should define Kotlin-Java interoperability, explain its practical purpose, describe an example, and mention important limitations or trade-offs where relevant.",Definition; purpose; practical usage; example; important considerations,Giving only a memorized definition; confusing related concepts; omitting a practical example.,What are the advantages and limitations of Kotlin-Java interoperability?;Can you give a practical example of Kotlin-Java interoperability?,"kotlin developer,kotlin,kotlin-java interoperability",Kotlin-Java interoperability Interview Questions and Answers | InterviewPrep,Practice Kotlin-Java interoperability interview questions and answers for Kotlin Developer candidates.,True
"What is execution context, and why is it important in JavaScript Developer?",what-is-execution-context-and-why-is-it-important-in-javascript-developer,JavaScript Developer,JavaScript,Fresher,Easy,Technical,Interview preparation question about execution context.,"Explain execution context clearly, its purpose, how it works, and where it is used. Include a practical example relevant to the role.","A strong answer should define execution context, explain its practical purpose, describe an example, and mention important limitations or trade-offs where relevant.",Definition; purpose; practical usage; example; important considerations,Giving only a memorized definition; confusing related concepts; omitting a practical example.,What are the advantages and limitations of execution context?;Can you give a practical example of execution context?,"javascript developer,javascript,execution context",execution context Interview Questions and Answers | InterviewPrep,Practice execution context interview questions and answers for JavaScript Developer candidates.,True
How does execution context work in JavaScript Developer?,how-does-execution-context-work-in-javascript-developer,JavaScript Developer,JavaScript,0-1 Years,Medium,Technical,Interview preparation question about execution context.,"Explain execution context clearly, its purpose, how it works, and where it is used. Include a practical example relevant to the role.","A strong answer should define execution context, explain its practical purpose, describe an example, and mention important limitations or trade-offs where relevant.",Definition; purpose; practical usage; example; important considerations,Giving only a memorized definition; confusing related concepts; omitting a practical example.,What are the advantages and limitations of execution context?;Can you give a practical example of execution context?,"javascript developer,javascript,execution context",execution context Interview Questions and Answers | InterviewPrep,Practice execution context interview questions and answers for JavaScript Developer candidates.,True
What are the common mistakes candidates make when explaining execution context?,what-are-the-common-mistakes-candidates-make-when-explaining-execution-context,JavaScript Developer,JavaScript,1-3 Years,Medium,Technical,Interview preparation question about execution context.,"Explain execution context clearly, its purpose, how it works, and where it is used. Include a practical example relevant to the role.","A strong answer should define execution context, explain its practical purpose, describe an example, and mention important limitations or trade-offs where relevant.",Definition; purpose; practical usage; example; important considerations,Giving only a memorized definition; confusing related concepts; omitting a practical example.,What are the advantages and limitations of execution context?;Can you give a practical example of execution context?,"javascript developer,javascript,execution context",execution context Interview Questions and Answers | InterviewPrep,Practice execution context interview questions and answers for JavaScript Developer candidates.,True
"What is hoisting, and why is it important in JavaScript Developer?",what-is-hoisting-and-why-is-it-important-in-javascript-developer,JavaScript Developer,JavaScript,Fresher,Easy,Technical,Interview preparation question about hoisting.,"Explain hoisting clearly, its purpose, how it works, and where it is used. Include a practical example relevant to the role.","A strong answer should define hoisting, explain its practical purpose, describe an example, and mention important limitations or trade-offs where relevant.",Definition; purpose; practical usage; example; important considerations,Giving only a memorized definition; confusing related concepts; omitting a practical example.,What are the advantages and limitations of hoisting?;Can you give a practical example of hoisting?,"javascript developer,javascript,hoisting",hoisting Interview Questions and Answers | InterviewPrep,Practice hoisting interview questions and answers for JavaScript Developer candidates.,True
How does hoisting work in JavaScript Developer?,how-does-hoisting-work-in-javascript-developer,JavaScript Developer,JavaScript,0-1 Years,Medium,Technical,Interview preparation question about hoisting.,"Explain hoisting clearly, its purpose, how it works, and where it is used. Include a practical example relevant to the role.","A strong answer should define hoisting, explain its practical purpose, describe an example, and mention important limitations or trade-offs where relevant.",Definition; purpose; practical usage; example; important considerations,Giving only a memorized definition; confusing related concepts; omitting a practical example.,What are the advantages and limitations of hoisting?;Can you give a practical example of hoisting?,"javascript developer,javascript,hoisting",hoisting Interview Questions and Answers | InterviewPrep,Practice hoisting interview questions and answers for JavaScript Developer candidates.,True
What are the common mistakes candidates make when explaining hoisting?,what-are-the-common-mistakes-candidates-make-when-explaining-hoisting,JavaScript Developer,JavaScript,1-3 Years,Medium,Technical,Interview preparation question about hoisting.,"Explain hoisting clearly, its purpose, how it works, and where it is used. Include a practical example relevant to the role.","A strong answer should define hoisting, explain its practical purpose, describe an example, and mention important limitations or trade-offs where relevant.",Definition; purpose; practical usage; example; important considerations,Giving only a memorized definition; confusing related concepts; omitting a practical example.,What are the advantages and limitations of hoisting?;Can you give a practical example of hoisting?,"javascript developer,javascript,hoisting",hoisting Interview Questions and Answers | InterviewPrep,Practice hoisting interview questions and answers for JavaScript Developer candidates.,True
"What is closures, and why is it important in JavaScript Developer?",what-is-closures-and-why-is-it-important-in-javascript-developer,JavaScript Developer,JavaScript,Fresher,Easy,Technical,Interview preparation question about closures.,"Explain closures clearly, its purpose, how it works, and where it is used. Include a practical example relevant to the role.","A strong answer should define closures, explain its practical purpose, describe an example, and mention important limitations or trade-offs where relevant.",Definition; purpose; practical usage; example; important considerations,Giving only a memorized definition; confusing related concepts; omitting a practical example.,What are the advantages and limitations of closures?;Can you give a practical example of closures?,"javascript developer,javascript,closures",closures Interview Questions and Answers | InterviewPrep,Practice closures interview questions and answers for JavaScript Developer candidates.,True
How does closures work in JavaScript Developer?,how-does-closures-work-in-javascript-developer,JavaScript Developer,JavaScript,0-1 Years,Medium,Technical,Interview preparation question about closures.,"Explain closures clearly, its purpose, how it works, and where it is used. Include a practical example relevant to the role.","A strong answer should define closures, explain its practical purpose, describe an example, and mention important limitations or trade-offs where relevant.",Definition; purpose; practical usage; example; important considerations,Giving only a memorized definition; confusing related concepts; omitting a practical example.,What are the advantages and limitations of closures?;Can you give a practical example of closures?,"javascript developer,javascript,closures",closures Interview Questions and Answers | InterviewPrep,Practice closures interview questions and answers for JavaScript Developer candidates.,True
What are the common mistakes candidates make when explaining closures?,what-are-the-common-mistakes-candidates-make-when-explaining-closures,JavaScript Developer,JavaScript,1-3 Years,Medium,Technical,Interview preparation question about closures.,"Explain closures clearly, its purpose, how it works, and where it is used. Include a practical example relevant to the role.","A strong answer should define closures, explain its practical purpose, describe an example, and mention important limitations or trade-offs where relevant.",Definition; purpose; practical usage; example; important considerations,Giving only a memorized definition; confusing related concepts; omitting a practical example.,What are the advantages and limitations of closures?;Can you give a practical example of closures?,"javascript developer,javascript,closures",closures Interview Questions and Answers | InterviewPrep,Practice closures interview questions and answers for JavaScript Developer candidates.,True
"What is scope, and why is it important in JavaScript Developer?",what-is-scope-and-why-is-it-important-in-javascript-developer,JavaScript Developer,JavaScript,Fresher,Easy,Technical,Interview preparation question about scope.,"Explain scope clearly, its purpose, how it works, and where it is used. Include a practical example relevant to the role.","A strong answer should define scope, explain its practical purpose, describe an example, and mention important limitations or trade-offs where relevant.",Definition; purpose; practical usage; example; important considerations,Giving only a memorized definition; confusing related concepts; omitting a practical example.,What are the advantages and limitations of scope?;Can you give a practical example of scope?,"javascript developer,javascript,scope",scope Interview Questions and Answers | InterviewPrep,Practice scope interview questions and answers for JavaScript Developer candidates.,True
How does scope work in JavaScript Developer?,how-does-scope-work-in-javascript-developer,JavaScript Developer,JavaScript,0-1 Years,Medium,Technical,Interview preparation question about scope.,"Explain scope clearly, its purpose, how it works, and where it is used. Include a practical example relevant to the role.","A strong answer should define scope, explain its practical purpose, describe an example, and mention important limitations or trade-offs where relevant.",Definition; purpose; practical usage; example; important considerations,Giving only a memorized definition; confusing related concepts; omitting a practical example.,What are the advantages and limitations of scope?;Can you give a practical example of scope?,"javascript developer,javascript,scope",scope Interview Questions and Answers | InterviewPrep,Practice scope interview questions and answers for JavaScript Developer candidates.,True
What are the common mistakes candidates make when explaining scope?,what-are-the-common-mistakes-candidates-make-when-explaining-scope,JavaScript Developer,JavaScript,1-3 Years,Medium,Technical,Interview preparation question about scope.,"Explain scope clearly, its purpose, how it works, and where it is used. Include a practical example relevant to the role.","A strong answer should define scope, explain its practical purpose, describe an example, and mention important limitations or trade-offs where relevant.",Definition; purpose; practical usage; example; important considerations,Giving only a memorized definition; confusing related concepts; omitting a practical example.,What are the advantages and limitations of scope?;Can you give a practical example of scope?,"javascript developer,javascript,scope",scope Interview Questions and Answers | InterviewPrep,Practice scope interview questions and answers for JavaScript Developer candidates.,True
"What is var let const, and why is it important in JavaScript Developer?",what-is-var-let-const-and-why-is-it-important-in-javascript-developer,JavaScript Developer,JavaScript,Fresher,Easy,Technical,Interview preparation question about var let const.,"Explain var let const clearly, its purpose, how it works, and where it is used. Include a practical example relevant to the role.","A strong answer should define var let const, explain its practical purpose, describe an example, and mention important limitations or trade-offs where relevant.",Definition; purpose; practical usage; example; important considerations,Giving only a memorized definition; confusing related concepts; omitting a practical example.,What are the advantages and limitations of var let const?;Can you give a practical example of var let const?,"javascript developer,javascript,var let const",var let const Interview Questions and Answers | InterviewPrep,Practice var let const interview questions and answers for JavaScript Developer candidates.,True
How does var let const work in JavaScript Developer?,how-does-var-let-const-work-in-javascript-developer,JavaScript Developer,JavaScript,0-1 Years,Medium,Technical,Interview preparation question about var let const.,"Explain var let const clearly, its purpose, how it works, and where it is used. Include a practical example relevant to the role.","A strong answer should define var let const, explain its practical purpose, describe an example, and mention important limitations or trade-offs where relevant.",Definition; purpose; practical usage; example; important considerations,Giving only a memorized definition; confusing related concepts; omitting a practical example.,What are the advantages and limitations of var let const?;Can you give a practical example of var let const?,"javascript developer,javascript,var let const",var let const Interview Questions and Answers | InterviewPrep,Practice var let const interview questions and answers for JavaScript Developer candidates.,True
What are the common mistakes candidates make when explaining var let const?,what-are-the-common-mistakes-candidates-make-when-explaining-var-let-const,JavaScript Developer,JavaScript,1-3 Years,Medium,Technical,Interview preparation question about var let const.,"Explain var let const clearly, its purpose, how it works, and where it is used. Include a practical example relevant to the role.","A strong answer should define var let const, explain its practical purpose, describe an example, and mention important limitations or trade-offs where relevant.",Definition; purpose; practical usage; example; important considerations,Giving only a memorized definition; confusing related concepts; omitting a practical example.,What are the advantages and limitations of var let const?;Can you give a practical example of var let const?,"javascript developer,javascript,var let const",var let const Interview Questions and Answers | InterviewPrep,Practice var let const interview questions and answers for JavaScript Developer candidates.,True
"What is this keyword, and why is it important in JavaScript Developer?",what-is-this-keyword-and-why-is-it-important-in-javascript-developer,JavaScript Developer,JavaScript,Fresher,Easy,Technical,Interview preparation question about this keyword.,"Explain this keyword clearly, its purpose, how it works, and where it is used. Include a practical example relevant to the role.","A strong answer should define this keyword, explain its practical purpose, describe an example, and mention important limitations or trade-offs where relevant.",Definition; purpose; practical usage; example; important considerations,Giving only a memorized definition; confusing related concepts; omitting a practical example.,What are the advantages and limitations of this keyword?;Can you give a practical example of this keyword?,"javascript developer,javascript,this keyword",this keyword Interview Questions and Answers | InterviewPrep,Practice this keyword interview questions and answers for JavaScript Developer candidates.,True
How does this keyword work in JavaScript Developer?,how-does-this-keyword-work-in-javascript-developer,JavaScript Developer,JavaScript,0-1 Years,Medium,Technical,Interview preparation question about this keyword.,"Explain this keyword clearly, its purpose, how it works, and where it is used. Include a practical example relevant to the role.","A strong answer should define this keyword, explain its practical purpose, describe an example, and mention important limitations or trade-offs where relevant.",Definition; purpose; practical usage; example; important considerations,Giving only a memorized definition; confusing related concepts; omitting a practical example.,What are the advantages and limitations of this keyword?;Can you give a practical example of this keyword?,"javascript developer,javascript,this keyword",this keyword Interview Questions and Answers | InterviewPrep,Practice this keyword interview questions and answers for JavaScript Developer candidates.,True
What are the common mistakes candidates make when explaining this keyword?,what-are-the-common-mistakes-candidates-make-when-explaining-this-keyword,JavaScript Developer,JavaScript,1-3 Years,Medium,Technical,Interview preparation question about this keyword.,"Explain this keyword clearly, its purpose, how it works, and where it is used. Include a practical example relevant to the role.","A strong answer should define this keyword, explain its practical purpose, describe an example, and mention important limitations or trade-offs where relevant.",Definition; purpose; practical usage; example; important considerations,Giving only a memorized definition; confusing related concepts; omitting a practical example.,What are the advantages and limitations of this keyword?;Can you give a practical example of this keyword?,"javascript developer,javascript,this keyword",this keyword Interview Questions and Answers | InterviewPrep,Practice this keyword interview questions and answers for JavaScript Developer candidates.,True
"What is prototypes, and why is it important in JavaScript Developer?",what-is-prototypes-and-why-is-it-important-in-javascript-developer,JavaScript Developer,JavaScript,Fresher,Easy,Technical,Interview preparation question about prototypes.,"Explain prototypes clearly, its purpose, how it works, and where it is used. Include a practical example relevant to the role.","A strong answer should define prototypes, explain its practical purpose, describe an example, and mention important limitations or trade-offs where relevant.",Definition; purpose; practical usage; example; important considerations,Giving only a memorized definition; confusing related concepts; omitting a practical example.,What are the advantages and limitations of prototypes?;Can you give a practical example of prototypes?,"javascript developer,javascript,prototypes",prototypes Interview Questions and Answers | InterviewPrep,Practice prototypes interview questions and answers for JavaScript Developer candidates.,True
How does prototypes work in JavaScript Developer?,how-does-prototypes-work-in-javascript-developer,JavaScript Developer,JavaScript,0-1 Years,Medium,Technical,Interview preparation question about prototypes.,"Explain prototypes clearly, its purpose, how it works, and where it is used. Include a practical example relevant to the role.","A strong answer should define prototypes, explain its practical purpose, describe an example, and mention important limitations or trade-offs where relevant.",Definition; purpose; practical usage; example; important considerations,Giving only a memorized definition; confusing related concepts; omitting a practical example.,What are the advantages and limitations of prototypes?;Can you give a practical example of prototypes?,"javascript developer,javascript,prototypes",prototypes Interview Questions and Answers | InterviewPrep,Practice prototypes interview questions and answers for JavaScript Developer candidates.,True
What are the common mistakes candidates make when explaining prototypes?,what-are-the-common-mistakes-candidates-make-when-explaining-prototypes,JavaScript Developer,JavaScript,1-3 Years,Medium,Technical,Interview preparation question about prototypes.,"Explain prototypes clearly, its purpose, how it works, and where it is used. Include a practical example relevant to the role.","A strong answer should define prototypes, explain its practical purpose, describe an example, and mention important limitations or trade-offs where relevant.",Definition; purpose; practical usage; example; important considerations,Giving only a memorized definition; confusing related concepts; omitting a practical example.,What are the advantages and limitations of prototypes?;Can you give a practical example of prototypes?,"javascript developer,javascript,prototypes",prototypes Interview Questions and Answers | InterviewPrep,Practice prototypes interview questions and answers for JavaScript Developer candidates.,True
"What is prototype chain, and why is it important in JavaScript Developer?",what-is-prototype-chain-and-why-is-it-important-in-javascript-developer,JavaScript Developer,JavaScript,Fresher,Easy,Technical,Interview preparation question about prototype chain.,"Explain prototype chain clearly, its purpose, how it works, and where it is used. Include a practical example relevant to the role.","A strong answer should define prototype chain, explain its practical purpose, describe an example, and mention important limitations or trade-offs where relevant.",Definition; purpose; practical usage; example; important considerations,Giving only a memorized definition; confusing related concepts; omitting a practical example.,What are the advantages and limitations of prototype chain?;Can you give a practical example of prototype chain?,"javascript developer,javascript,prototype chain",prototype chain Interview Questions and Answers | InterviewPrep,Practice prototype chain interview questions and answers for JavaScript Developer candidates.,True
How does prototype chain work in JavaScript Developer?,how-does-prototype-chain-work-in-javascript-developer,JavaScript Developer,JavaScript,0-1 Years,Medium,Technical,Interview preparation question about prototype chain.,"Explain prototype chain clearly, its purpose, how it works, and where it is used. Include a practical example relevant to the role.","A strong answer should define prototype chain, explain its practical purpose, describe an example, and mention important limitations or trade-offs where relevant.",Definition; purpose; practical usage; example; important considerations,Giving only a memorized definition; confusing related concepts; omitting a practical example.,What are the advantages and limitations of prototype chain?;Can you give a practical example of prototype chain?,"javascript developer,javascript,prototype chain",prototype chain Interview Questions and Answers | InterviewPrep,Practice prototype chain interview questions and answers for JavaScript Developer candidates.,True
What are the common mistakes candidates make when explaining prototype chain?,what-are-the-common-mistakes-candidates-make-when-explaining-prototype-chain,JavaScript Developer,JavaScript,1-3 Years,Medium,Technical,Interview preparation question about prototype chain.,"Explain prototype chain clearly, its purpose, how it works, and where it is used. Include a practical example relevant to the role.","A strong answer should define prototype chain, explain its practical purpose, describe an example, and mention important limitations or trade-offs where relevant.",Definition; purpose; practical usage; example; important considerations,Giving only a memorized definition; confusing related concepts; omitting a practical example.,What are the advantages and limitations of prototype chain?;Can you give a practical example of prototype chain?,"javascript developer,javascript,prototype chain",prototype chain Interview Questions and Answers | InterviewPrep,Practice prototype chain interview questions and answers for JavaScript Developer candidates.,True
"What is classes, and why is it important in JavaScript Developer?",what-is-classes-and-why-is-it-important-in-javascript-developer,JavaScript Developer,JavaScript,Fresher,Easy,Technical,Interview preparation question about classes.,"Explain classes clearly, its purpose, how it works, and where it is used. Include a practical example relevant to the role.","A strong answer should define classes, explain its practical purpose, describe an example, and mention important limitations or trade-offs where relevant.",Definition; purpose; practical usage; example; important considerations,Giving only a memorized definition; confusing related concepts; omitting a practical example.,What are the advantages and limitations of classes?;Can you give a practical example of classes?,"javascript developer,javascript,classes",classes Interview Questions and Answers | InterviewPrep,Practice classes interview questions and answers for JavaScript Developer candidates.,True
How does classes work in JavaScript Developer?,how-does-classes-work-in-javascript-developer,JavaScript Developer,JavaScript,0-1 Years,Medium,Technical,Interview preparation question about classes.,"Explain classes clearly, its purpose, how it works, and where it is used. Include a practical example relevant to the role.","A strong answer should define classes, explain its practical purpose, describe an example, and mention important limitations or trade-offs where relevant.",Definition; purpose; practical usage; example; important considerations,Giving only a memorized definition; confusing related concepts; omitting a practical example.,What are the advantages and limitations of classes?;Can you give a practical example of classes?,"javascript developer,javascript,classes",classes Interview Questions and Answers | InterviewPrep,Practice classes interview questions and answers for JavaScript Developer candidates.,True
What are the common mistakes candidates make when explaining classes?,what-are-the-common-mistakes-candidates-make-when-explaining-classes,JavaScript Developer,JavaScript,1-3 Years,Medium,Technical,Interview preparation question about classes.,"Explain classes clearly, its purpose, how it works, and where it is used. Include a practical example relevant to the role.","A strong answer should define classes, explain its practical purpose, describe an example, and mention important limitations or trade-offs where relevant.",Definition; purpose; practical usage; example; important considerations,Giving only a memorized definition; confusing related concepts; omitting a practical example.,What are the advantages and limitations of classes?;Can you give a practical example of classes?,"javascript developer,javascript,classes",classes Interview Questions and Answers | InterviewPrep,Practice classes interview questions and answers for JavaScript Developer candidates.,True
"What is promises, and why is it important in JavaScript Developer?",what-is-promises-and-why-is-it-important-in-javascript-developer,JavaScript Developer,JavaScript,Fresher,Easy,Technical,Interview preparation question about promises.,"Explain promises clearly, its purpose, how it works, and where it is used. Include a practical example relevant to the role.","A strong answer should define promises, explain its practical purpose, describe an example, and mention important limitations or trade-offs where relevant.",Definition; purpose; practical usage; example; important considerations,Giving only a memorized definition; confusing related concepts; omitting a practical example.,What are the advantages and limitations of promises?;Can you give a practical example of promises?,"javascript developer,javascript,promises",promises Interview Questions and Answers | InterviewPrep,Practice promises interview questions and answers for JavaScript Developer candidates.,True
How does promises work in JavaScript Developer?,how-does-promises-work-in-javascript-developer,JavaScript Developer,JavaScript,0-1 Years,Medium,Technical,Interview preparation question about promises.,"Explain promises clearly, its purpose, how it works, and where it is used. Include a practical example relevant to the role.","A strong answer should define promises, explain its practical purpose, describe an example, and mention important limitations or trade-offs where relevant.",Definition; purpose; practical usage; example; important considerations,Giving only a memorized definition; confusing related concepts; omitting a practical example.,What are the advantages and limitations of promises?;Can you give a practical example of promises?,"javascript developer,javascript,promises",promises Interview Questions and Answers | InterviewPrep,Practice promises interview questions and answers for JavaScript Developer candidates.,True
What are the common mistakes candidates make when explaining promises?,what-are-the-common-mistakes-candidates-make-when-explaining-promises,JavaScript Developer,JavaScript,1-3 Years,Medium,Technical,Interview preparation question about promises.,"Explain promises clearly, its purpose, how it works, and where it is used. Include a practical example relevant to the role.","A strong answer should define promises, explain its practical purpose, describe an example, and mention important limitations or trade-offs where relevant.",Definition; purpose; practical usage; example; important considerations,Giving only a memorized definition; confusing related concepts; omitting a practical example.,What are the advantages and limitations of promises?;Can you give a practical example of promises?,"javascript developer,javascript,promises",promises Interview Questions and Answers | InterviewPrep,Practice promises interview questions and answers for JavaScript Developer candidates.,True
"What is async await, and why is it important in JavaScript Developer?",what-is-async-await-and-why-is-it-important-in-javascript-developer,JavaScript Developer,JavaScript,Fresher,Easy,Technical,Interview preparation question about async await.,"Explain async await clearly, its purpose, how it works, and where it is used. Include a practical example relevant to the role.","A strong answer should define async await, explain its practical purpose, describe an example, and mention important limitations or trade-offs where relevant.",Definition; purpose; practical usage; example; important considerations,Giving only a memorized definition; confusing related concepts; omitting a practical example.,What are the advantages and limitations of async await?;Can you give a practical example of async await?,"javascript developer,javascript,async await",async await Interview Questions and Answers | InterviewPrep,Practice async await interview questions and answers for JavaScript Developer candidates.,True
How does async await work in JavaScript Developer?,how-does-async-await-work-in-javascript-developer,JavaScript Developer,JavaScript,0-1 Years,Medium,Technical,Interview preparation question about async await.,"Explain async await clearly, its purpose, how it works, and where it is used. Include a practical example relevant to the role.","A strong answer should define async await, explain its practical purpose, describe an example, and mention important limitations or trade-offs where relevant.",Definition; purpose; practical usage; example; important considerations,Giving only a memorized definition; confusing related concepts; omitting a practical example.,What are the advantages and limitations of async await?;Can you give a practical example of async await?,"javascript developer,javascript,async await",async await Interview Questions and Answers | InterviewPrep,Practice async await interview questions and answers for JavaScript Developer candidates.,True
What are the common mistakes candidates make when explaining async await?,what-are-the-common-mistakes-candidates-make-when-explaining-async-await,JavaScript Developer,JavaScript,1-3 Years,Medium,Technical,Interview preparation question about async await.,"Explain async await clearly, its purpose, how it works, and where it is used. Include a practical example relevant to the role.","A strong answer should define async await, explain its practical purpose, describe an example, and mention important limitations or trade-offs where relevant.",Definition; purpose; practical usage; example; important considerations,Giving only a memorized definition; confusing related concepts; omitting a practical example.,What are the advantages and limitations of async await?;Can you give a practical example of async await?,"javascript developer,javascript,async await",async await Interview Questions and Answers | InterviewPrep,Practice async await interview questions and answers for JavaScript Developer candidates.,True
"What is event loop, and why is it important in JavaScript Developer?",what-is-event-loop-and-why-is-it-important-in-javascript-developer,JavaScript Developer,JavaScript,Fresher,Easy,Technical,Interview preparation question about event loop.,"Explain event loop clearly, its purpose, how it works, and where it is used. Include a practical example relevant to the role.","A strong answer should define event loop, explain its practical purpose, describe an example, and mention important limitations or trade-offs where relevant.",Definition; purpose; practical usage; example; important considerations,Giving only a memorized definition; confusing related concepts; omitting a practical example.,What are the advantages and limitations of event loop?;Can you give a practical example of event loop?,"javascript developer,javascript,event loop",event loop Interview Questions and Answers | InterviewPrep,Practice event loop interview questions and answers for JavaScript Developer candidates.,True
How does event loop work in JavaScript Developer?,how-does-event-loop-work-in-javascript-developer,JavaScript Developer,JavaScript,0-1 Years,Medium,Technical,Interview preparation question about event loop.,"Explain event loop clearly, its purpose, how it works, and where it is used. Include a practical example relevant to the role.","A strong answer should define event loop, explain its practical purpose, describe an example, and mention important limitations or trade-offs where relevant.",Definition; purpose; practical usage; example; important considerations,Giving only a memorized definition; confusing related concepts; omitting a practical example.,What are the advantages and limitations of event loop?;Can you give a practical example of event loop?,"javascript developer,javascript,event loop",event loop Interview Questions and Answers | InterviewPrep,Practice event loop interview questions and answers for JavaScript Developer candidates.,True
What are the common mistakes candidates make when explaining event loop?,what-are-the-common-mistakes-candidates-make-when-explaining-event-loop,JavaScript Developer,JavaScript,1-3 Years,Medium,Technical,Interview preparation question about event loop.,"Explain event loop clearly, its purpose, how it works, and where it is used. Include a practical example relevant to the role.","A strong answer should define event loop, explain its practical purpose, describe an example, and mention important limitations or trade-offs where relevant.",Definition; purpose; practical usage; example; important considerations,Giving only a memorized definition; confusing related concepts; omitting a practical example.,What are the advantages and limitations of event loop?;Can you give a practical example of event loop?,"javascript developer,javascript,event loop",event loop Interview Questions and Answers | InterviewPrep,Practice event loop interview questions and answers for JavaScript Developer candidates.,True
"What is microtasks and macrotasks, and why is it important in JavaScript Developer?",what-is-microtasks-and-macrotasks-and-why-is-it-important-in-javascript-developer,JavaScript Developer,JavaScript,Fresher,Easy,Technical,Interview preparation question about microtasks and macrotasks.,"Explain microtasks and macrotasks clearly, its purpose, how it works, and where it is used. Include a practical example relevant to the role.","A strong answer should define microtasks and macrotasks, explain its practical purpose, describe an example, and mention important limitations or trade-offs where relevant.",Definition; purpose; practical usage; example; important considerations,Giving only a memorized definition; confusing related concepts; omitting a practical example.,What are the advantages and limitations of microtasks and macrotasks?;Can you give a practical example of microtasks and macrotasks?,"javascript developer,javascript,microtasks and macrotasks",microtasks and macrotasks Interview Questions and Answers | InterviewPrep,Practice microtasks and macrotasks interview questions and answers for JavaScript Developer candidates.,True
How does microtasks and macrotasks work in JavaScript Developer?,how-does-microtasks-and-macrotasks-work-in-javascript-developer,JavaScript Developer,JavaScript,0-1 Years,Medium,Technical,Interview preparation question about microtasks and macrotasks.,"Explain microtasks and macrotasks clearly, its purpose, how it works, and where it is used. Include a practical example relevant to the role.","A strong answer should define microtasks and macrotasks, explain its practical purpose, describe an example, and mention important limitations or trade-offs where relevant.",Definition; purpose; practical usage; example; important considerations,Giving only a memorized definition; confusing related concepts; omitting a practical example.,What are the advantages and limitations of microtasks and macrotasks?;Can you give a practical example of microtasks and macrotasks?,"javascript developer,javascript,microtasks and macrotasks",microtasks and macrotasks Interview Questions and Answers | InterviewPrep,Practice microtasks and macrotasks interview questions and answers for JavaScript Developer candidates.,True
What are the common mistakes candidates make when explaining microtasks and macrotasks?,what-are-the-common-mistakes-candidates-make-when-explaining-microtasks-and-macrotasks,JavaScript Developer,JavaScript,1-3 Years,Medium,Technical,Interview preparation question about microtasks and macrotasks.,"Explain microtasks and macrotasks clearly, its purpose, how it works, and where it is used. Include a practical example relevant to the role.","A strong answer should define microtasks and macrotasks, explain its practical purpose, describe an example, and mention important limitations or trade-offs where relevant.",Definition; purpose; practical usage; example; important considerations,Giving only a memorized definition; confusing related concepts; omitting a practical example.,What are the advantages and limitations of microtasks and macrotasks?;Can you give a practical example of microtasks and macrotasks?,"javascript developer,javascript,microtasks and macrotasks",microtasks and macrotasks Interview Questions and Answers | InterviewPrep,Practice microtasks and macrotasks interview questions and answers for JavaScript Developer candidates.,True
"What is callbacks, and why is it important in JavaScript Developer?",what-is-callbacks-and-why-is-it-important-in-javascript-developer,JavaScript Developer,JavaScript,Fresher,Easy,Technical,Interview preparation question about callbacks.,"Explain callbacks clearly, its purpose, how it works, and where it is used. Include a practical example relevant to the role.","A strong answer should define callbacks, explain its practical purpose, describe an example, and mention important limitations or trade-offs where relevant.",Definition; purpose; practical usage; example; important considerations,Giving only a memorized definition; confusing related concepts; omitting a practical example.,What are the advantages and limitations of callbacks?;Can you give a practical example of callbacks?,"javascript developer,javascript,callbacks",callbacks Interview Questions and Answers | InterviewPrep,Practice callbacks interview questions and answers for JavaScript Developer candidates.,True
How does callbacks work in JavaScript Developer?,how-does-callbacks-work-in-javascript-developer,JavaScript Developer,JavaScript,0-1 Years,Medium,Technical,Interview preparation question about callbacks.,"Explain callbacks clearly, its purpose, how it works, and where it is used. Include a practical example relevant to the role.","A strong answer should define callbacks, explain its practical purpose, describe an example, and mention important limitations or trade-offs where relevant.",Definition; purpose; practical usage; example; important considerations,Giving only a memorized definition; confusing related concepts; omitting a practical example.,What are the advantages and limitations of callbacks?;Can you give a practical example of callbacks?,"javascript developer,javascript,callbacks",callbacks Interview Questions and Answers | InterviewPrep,Practice callbacks interview questions and answers for JavaScript Developer candidates.,True
What are the common mistakes candidates make when explaining callbacks?,what-are-the-common-mistakes-candidates-make-when-explaining-callbacks,JavaScript Developer,JavaScript,1-3 Years,Medium,Technical,Interview preparation question about callbacks.,"Explain callbacks clearly, its purpose, how it works, and where it is used. Include a practical example relevant to the role.","A strong answer should define callbacks, explain its practical purpose, describe an example, and mention important limitations or trade-offs where relevant.",Definition; purpose; practical usage; example; important considerations,Giving only a memorized definition; confusing related concepts; omitting a practical example.,What are the advantages and limitations of callbacks?;Can you give a practical example of callbacks?,"javascript developer,javascript,callbacks",callbacks Interview Questions and Answers | InterviewPrep,Practice callbacks interview questions and answers for JavaScript Developer candidates.,True
"What is fetch API, and why is it important in JavaScript Developer?",what-is-fetch-api-and-why-is-it-important-in-javascript-developer,JavaScript Developer,JavaScript,Fresher,Easy,Technical,Interview preparation question about fetch API.,"Explain fetch API clearly, its purpose, how it works, and where it is used. Include a practical example relevant to the role.","A strong answer should define fetch API, explain its practical purpose, describe an example, and mention important limitations or trade-offs where relevant.",Definition; purpose; practical usage; example; important considerations,Giving only a memorized definition; confusing related concepts; omitting a practical example.,What are the advantages and limitations of fetch API?;Can you give a practical example of fetch API?,"javascript developer,javascript,fetch api",fetch API Interview Questions and Answers | InterviewPrep,Practice fetch API interview questions and answers for JavaScript Developer candidates.,True
How does fetch API work in JavaScript Developer?,how-does-fetch-api-work-in-javascript-developer,JavaScript Developer,JavaScript,0-1 Years,Medium,Technical,Interview preparation question about fetch API.,"Explain fetch API clearly, its purpose, how it works, and where it is used. Include a practical example relevant to the role.","A strong answer should define fetch API, explain its practical purpose, describe an example, and mention important limitations or trade-offs where relevant.",Definition; purpose; practical usage; example; important considerations,Giving only a memorized definition; confusing related concepts; omitting a practical example.,What are the advantages and limitations of fetch API?;Can you give a practical example of fetch API?,"javascript developer,javascript,fetch api",fetch API Interview Questions and Answers | InterviewPrep,Practice fetch API interview questions and answers for JavaScript Developer candidates.,True
What are the common mistakes candidates make when explaining fetch API?,what-are-the-common-mistakes-candidates-make-when-explaining-fetch-api,JavaScript Developer,JavaScript,1-3 Years,Medium,Technical,Interview preparation question about fetch API.,"Explain fetch API clearly, its purpose, how it works, and where it is used. Include a practical example relevant to the role.","A strong answer should define fetch API, explain its practical purpose, describe an example, and mention important limitations or trade-offs where relevant.",Definition; purpose; practical usage; example; important considerations,Giving only a memorized definition; confusing related concepts; omitting a practical example.,What are the advantages and limitations of fetch API?;Can you give a practical example of fetch API?,"javascript developer,javascript,fetch api",fetch API Interview Questions and Answers | InterviewPrep,Practice fetch API interview questions and answers for JavaScript Developer candidates.,True
"What is modules, and why is it important in JavaScript Developer?",what-is-modules-and-why-is-it-important-in-javascript-developer,JavaScript Developer,JavaScript,Fresher,Easy,Technical,Interview preparation question about modules.,"Explain modules clearly, its purpose, how it works, and where it is used. Include a practical example relevant to the role.","A strong answer should define modules, explain its practical purpose, describe an example, and mention important limitations or trade-offs where relevant.",Definition; purpose; practical usage; example; important considerations,Giving only a memorized definition; confusing related concepts; omitting a practical example.,What are the advantages and limitations of modules?;Can you give a practical example of modules?,"javascript developer,javascript,modules",modules Interview Questions and Answers | InterviewPrep,Practice modules interview questions and answers for JavaScript Developer candidates.,True
How does modules work in JavaScript Developer?,how-does-modules-work-in-javascript-developer,JavaScript Developer,JavaScript,0-1 Years,Medium,Technical,Interview preparation question about modules.,"Explain modules clearly, its purpose, how it works, and where it is used. Include a practical example relevant to the role.","A strong answer should define modules, explain its practical purpose, describe an example, and mention important limitations or trade-offs where relevant.",Definition; purpose; practical usage; example; important considerations,Giving only a memorized definition; confusing related concepts; omitting a practical example.,What are the advantages and limitations of modules?;Can you give a practical example of modules?,"javascript developer,javascript,modules",modules Interview Questions and Answers | InterviewPrep,Practice modules interview questions and answers for JavaScript Developer candidates.,True
What are the common mistakes candidates make when explaining modules?,what-are-the-common-mistakes-candidates-make-when-explaining-modules,JavaScript Developer,JavaScript,1-3 Years,Medium,Technical,Interview preparation question about modules.,"Explain modules clearly, its purpose, how it works, and where it is used. Include a practical example relevant to the role.","A strong answer should define modules, explain its practical purpose, describe an example, and mention important limitations or trade-offs where relevant.",Definition; purpose; practical usage; example; important considerations,Giving only a memorized definition; confusing related concepts; omitting a practical example.,What are the advantages and limitations of modules?;Can you give a practical example of modules?,"javascript developer,javascript,modules",modules Interview Questions and Answers | InterviewPrep,Practice modules interview questions and answers for JavaScript Developer candidates.,True
"What is ES modules, and why is it important in JavaScript Developer?",what-is-es-modules-and-why-is-it-important-in-javascript-developer,JavaScript Developer,JavaScript,Fresher,Easy,Technical,Interview preparation question about ES modules.,"Explain ES modules clearly, its purpose, how it works, and where it is used. Include a practical example relevant to the role.","A strong answer should define ES modules, explain its practical purpose, describe an example, and mention important limitations or trade-offs where relevant.",Definition; purpose; practical usage; example; important considerations,Giving only a memorized definition; confusing related concepts; omitting a practical example.,What are the advantages and limitations of ES modules?;Can you give a practical example of ES modules?,"javascript developer,javascript,es modules",ES modules Interview Questions and Answers | InterviewPrep,Practice ES modules interview questions and answers for JavaScript Developer candidates.,True
How does ES modules work in JavaScript Developer?,how-does-es-modules-work-in-javascript-developer,JavaScript Developer,JavaScript,0-1 Years,Medium,Technical,Interview preparation question about ES modules.,"Explain ES modules clearly, its purpose, how it works, and where it is used. Include a practical example relevant to the role.","A strong answer should define ES modules, explain its practical purpose, describe an example, and mention important limitations or trade-offs where relevant.",Definition; purpose; practical usage; example; important considerations,Giving only a memorized definition; confusing related concepts; omitting a practical example.,What are the advantages and limitations of ES modules?;Can you give a practical example of ES modules?,"javascript developer,javascript,es modules",ES modules Interview Questions and Answers | InterviewPrep,Practice ES modules interview questions and answers for JavaScript Developer candidates.,True
What are the common mistakes candidates make when explaining ES modules?,what-are-the-common-mistakes-candidates-make-when-explaining-es-modules,JavaScript Developer,JavaScript,1-3 Years,Medium,Technical,Interview preparation question about ES modules.,"Explain ES modules clearly, its purpose, how it works, and where it is used. Include a practical example relevant to the role.","A strong answer should define ES modules, explain its practical purpose, describe an example, and mention important limitations or trade-offs where relevant.",Definition; purpose; practical usage; example; important considerations,Giving only a memorized definition; confusing related concepts; omitting a practical example.,What are the advantages and limitations of ES modules?;Can you give a practical example of ES modules?,"javascript developer,javascript,es modules",ES modules Interview Questions and Answers | InterviewPrep,Practice ES modules interview questions and answers for JavaScript Developer candidates.,True
"What is destructuring, and why is it important in JavaScript Developer?",what-is-destructuring-and-why-is-it-important-in-javascript-developer,JavaScript Developer,JavaScript,Fresher,Easy,Technical,Interview preparation question about destructuring.,"Explain destructuring clearly, its purpose, how it works, and where it is used. Include a practical example relevant to the role.","A strong answer should define destructuring, explain its practical purpose, describe an example, and mention important limitations or trade-offs where relevant.",Definition; purpose; practical usage; example; important considerations,Giving only a memorized definition; confusing related concepts; omitting a practical example.,What are the advantages and limitations of destructuring?;Can you give a practical example of destructuring?,"javascript developer,javascript,destructuring",destructuring Interview Questions and Answers | InterviewPrep,Practice destructuring interview questions and answers for JavaScript Developer candidates.,True
How does destructuring work in JavaScript Developer?,how-does-destructuring-work-in-javascript-developer,JavaScript Developer,JavaScript,0-1 Years,Medium,Technical,Interview preparation question about destructuring.,"Explain destructuring clearly, its purpose, how it works, and where it is used. Include a practical example relevant to the role.","A strong answer should define destructuring, explain its practical purpose, describe an example, and mention important limitations or trade-offs where relevant.",Definition; purpose; practical usage; example; important considerations,Giving only a memorized definition; confusing related concepts; omitting a practical example.,What are the advantages and limitations of destructuring?;Can you give a practical example of destructuring?,"javascript developer,javascript,destructuring",destructuring Interview Questions and Answers | InterviewPrep,Practice destructuring interview questions and answers for JavaScript Developer candidates.,True
What are the common mistakes candidates make when explaining destructuring?,what-are-the-common-mistakes-candidates-make-when-explaining-destructuring,JavaScript Developer,JavaScript,1-3 Years,Medium,Technical,Interview preparation question about destructuring.,"Explain destructuring clearly, its purpose, how it works, and where it is used. Include a practical example relevant to the role.","A strong answer should define destructuring, explain its practical purpose, describe an example, and mention important limitations or trade-offs where relevant.",Definition; purpose; practical usage; example; important considerations,Giving only a memorized definition; confusing related concepts; omitting a practical example.,What are the advantages and limitations of destructuring?;Can you give a practical example of destructuring?,"javascript developer,javascript,destructuring",destructuring Interview Questions and Answers | InterviewPrep,Practice destructuring interview questions and answers for JavaScript Developer candidates.,True
"What is spread and rest, and why is it important in JavaScript Developer?",what-is-spread-and-rest-and-why-is-it-important-in-javascript-developer,JavaScript Developer,JavaScript,Fresher,Easy,Technical,Interview preparation question about spread and rest.,"Explain spread and rest clearly, its purpose, how it works, and where it is used. Include a practical example relevant to the role.","A strong answer should define spread and rest, explain its practical purpose, describe an example, and mention important limitations or trade-offs where relevant.",Definition; purpose; practical usage; example; important considerations,Giving only a memorized definition; confusing related concepts; omitting a practical example.,What are the advantages and limitations of spread and rest?;Can you give a practical example of spread and rest?,"javascript developer,javascript,spread and rest",spread and rest Interview Questions and Answers | InterviewPrep,Practice spread and rest interview questions and answers for JavaScript Developer candidates.,True
How does spread and rest work in JavaScript Developer?,how-does-spread-and-rest-work-in-javascript-developer,JavaScript Developer,JavaScript,0-1 Years,Medium,Technical,Interview preparation question about spread and rest.,"Explain spread and rest clearly, its purpose, how it works, and where it is used. Include a practical example relevant to the role.","A strong answer should define spread and rest, explain its practical purpose, describe an example, and mention important limitations or trade-offs where relevant.",Definition; purpose; practical usage; example; important considerations,Giving only a memorized definition; confusing related concepts; omitting a practical example.,What are the advantages and limitations of spread and rest?;Can you give a practical example of spread and rest?,"javascript developer,javascript,spread and rest",spread and rest Interview Questions and Answers | InterviewPrep,Practice spread and rest interview questions and answers for JavaScript Developer candidates.,True
What are the common mistakes candidates make when explaining spread and rest?,what-are-the-common-mistakes-candidates-make-when-explaining-spread-and-rest,JavaScript Developer,JavaScript,1-3 Years,Medium,Technical,Interview preparation question about spread and rest.,"Explain spread and rest clearly, its purpose, how it works, and where it is used. Include a practical example relevant to the role.","A strong answer should define spread and rest, explain its practical purpose, describe an example, and mention important limitations or trade-offs where relevant.",Definition; purpose; practical usage; example; important considerations,Giving only a memorized definition; confusing related concepts; omitting a practical example.,What are the advantages and limitations of spread and rest?;Can you give a practical example of spread and rest?,"javascript developer,javascript,spread and rest",spread and rest Interview Questions and Answers | InterviewPrep,Practice spread and rest interview questions and answers for JavaScript Developer candidates.,True
"What is map filter reduce, and why is it important in JavaScript Developer?",what-is-map-filter-reduce-and-why-is-it-important-in-javascript-developer,JavaScript Developer,JavaScript,Fresher,Easy,Technical,Interview preparation question about map filter reduce.,"Explain map filter reduce clearly, its purpose, how it works, and where it is used. Include a practical example relevant to the role.","A strong answer should define map filter reduce, explain its practical purpose, describe an example, and mention important limitations or trade-offs where relevant.",Definition; purpose; practical usage; example; important considerations,Giving only a memorized definition; confusing related concepts; omitting a practical example.,What are the advantages and limitations of map filter reduce?;Can you give a practical example of map filter reduce?,"javascript developer,javascript,map filter reduce",map filter reduce Interview Questions and Answers | InterviewPrep,Practice map filter reduce interview questions and answers for JavaScript Developer candidates.,True
How does map filter reduce work in JavaScript Developer?,how-does-map-filter-reduce-work-in-javascript-developer,JavaScript Developer,JavaScript,0-1 Years,Medium,Technical,Interview preparation question about map filter reduce.,"Explain map filter reduce clearly, its purpose, how it works, and where it is used. Include a practical example relevant to the role.","A strong answer should define map filter reduce, explain its practical purpose, describe an example, and mention important limitations or trade-offs where relevant.",Definition; purpose; practical usage; example; important considerations,Giving only a memorized definition; confusing related concepts; omitting a practical example.,What are the advantages and limitations of map filter reduce?;Can you give a practical example of map filter reduce?,"javascript developer,javascript,map filter reduce",map filter reduce Interview Questions and Answers | InterviewPrep,Practice map filter reduce interview questions and answers for JavaScript Developer candidates.,True
What are the common mistakes candidates make when explaining map filter reduce?,what-are-the-common-mistakes-candidates-make-when-explaining-map-filter-reduce,JavaScript Developer,JavaScript,1-3 Years,Medium,Technical,Interview preparation question about map filter reduce.,"Explain map filter reduce clearly, its purpose, how it works, and where it is used. Include a practical example relevant to the role.","A strong answer should define map filter reduce, explain its practical purpose, describe an example, and mention important limitations or trade-offs where relevant.",Definition; purpose; practical usage; example; important considerations,Giving only a memorized definition; confusing related concepts; omitting a practical example.,What are the advantages and limitations of map filter reduce?;Can you give a practical example of map filter reduce?,"javascript developer,javascript,map filter reduce",map filter reduce Interview Questions and Answers | InterviewPrep,Practice map filter reduce interview questions and answers for JavaScript Developer candidates.,True
"What is event delegation, and why is it important in JavaScript Developer?",what-is-event-delegation-and-why-is-it-important-in-javascript-developer,JavaScript Developer,JavaScript,Fresher,Easy,Technical,Interview preparation question about event delegation.,"Explain event delegation clearly, its purpose, how it works, and where it is used. Include a practical example relevant to the role.","A strong answer should define event delegation, explain its practical purpose, describe an example, and mention important limitations or trade-offs where relevant.",Definition; purpose; practical usage; example; important considerations,Giving only a memorized definition; confusing related concepts; omitting a practical example.,What are the advantages and limitations of event delegation?;Can you give a practical example of event delegation?,"javascript developer,javascript,event delegation",event delegation Interview Questions and Answers | InterviewPrep,Practice event delegation interview questions and answers for JavaScript Developer candidates.,True
How does event delegation work in JavaScript Developer?,how-does-event-delegation-work-in-javascript-developer,JavaScript Developer,JavaScript,0-1 Years,Medium,Technical,Interview preparation question about event delegation.,"Explain event delegation clearly, its purpose, how it works, and where it is used. Include a practical example relevant to the role.","A strong answer should define event delegation, explain its practical purpose, describe an example, and mention important limitations or trade-offs where relevant.",Definition; purpose; practical usage; example; important considerations,Giving only a memorized definition; confusing related concepts; omitting a practical example.,What are the advantages and limitations of event delegation?;Can you give a practical example of event delegation?,"javascript developer,javascript,event delegation",event delegation Interview Questions and Answers | InterviewPrep,Practice event delegation interview questions and answers for JavaScript Developer candidates.,True
What are the common mistakes candidates make when explaining event delegation?,what-are-the-common-mistakes-candidates-make-when-explaining-event-delegation,JavaScript Developer,JavaScript,1-3 Years,Medium,Technical,Interview preparation question about event delegation.,"Explain event delegation clearly, its purpose, how it works, and where it is used. Include a practical example relevant to the role.","A strong answer should define event delegation, explain its practical purpose, describe an example, and mention important limitations or trade-offs where relevant.",Definition; purpose; practical usage; example; important considerations,Giving only a memorized definition; confusing related concepts; omitting a practical example.,What are the advantages and limitations of event delegation?;Can you give a practical example of event delegation?,"javascript developer,javascript,event delegation",event delegation Interview Questions and Answers | InterviewPrep,Practice event delegation interview questions and answers for JavaScript Developer candidates.,True
"What is event bubbling, and why is it important in JavaScript Developer?",what-is-event-bubbling-and-why-is-it-important-in-javascript-developer,JavaScript Developer,JavaScript,Fresher,Easy,Technical,Interview preparation question about event bubbling.,"Explain event bubbling clearly, its purpose, how it works, and where it is used. Include a practical example relevant to the role.","A strong answer should define event bubbling, explain its practical purpose, describe an example, and mention important limitations or trade-offs where relevant.",Definition; purpose; practical usage; example; important considerations,Giving only a memorized definition; confusing related concepts; omitting a practical example.,What are the advantages and limitations of event bubbling?;Can you give a practical example of event bubbling?,"javascript developer,javascript,event bubbling",event bubbling Interview Questions and Answers | InterviewPrep,Practice event bubbling interview questions and answers for JavaScript Developer candidates.,True
How does event bubbling work in JavaScript Developer?,how-does-event-bubbling-work-in-javascript-developer,JavaScript Developer,JavaScript,0-1 Years,Medium,Technical,Interview preparation question about event bubbling.,"Explain event bubbling clearly, its purpose, how it works, and where it is used. Include a practical example relevant to the role.","A strong answer should define event bubbling, explain its practical purpose, describe an example, and mention important limitations or trade-offs where relevant.",Definition; purpose; practical usage; example; important considerations,Giving only a memorized definition; confusing related concepts; omitting a practical example.,What are the advantages and limitations of event bubbling?;Can you give a practical example of event bubbling?,"javascript developer,javascript,event bubbling",event bubbling Interview Questions and Answers | InterviewPrep,Practice event bubbling interview questions and answers for JavaScript Developer candidates.,True
What are the common mistakes candidates make when explaining event bubbling?,what-are-the-common-mistakes-candidates-make-when-explaining-event-bubbling,JavaScript Developer,JavaScript,1-3 Years,Medium,Technical,Interview preparation question about event bubbling.,"Explain event bubbling clearly, its purpose, how it works, and where it is used. Include a practical example relevant to the role.","A strong answer should define event bubbling, explain its practical purpose, describe an example, and mention important limitations or trade-offs where relevant.",Definition; purpose; practical usage; example; important considerations,Giving only a memorized definition; confusing related concepts; omitting a practical example.,What are the advantages and limitations of event bubbling?;Can you give a practical example of event bubbling?,"javascript developer,javascript,event bubbling",event bubbling Interview Questions and Answers | InterviewPrep,Practice event bubbling interview questions and answers for JavaScript Developer candidates.,True
"What is event capturing, and why is it important in JavaScript Developer?",what-is-event-capturing-and-why-is-it-important-in-javascript-developer,JavaScript Developer,JavaScript,Fresher,Easy,Technical,Interview preparation question about event capturing.,"Explain event capturing clearly, its purpose, how it works, and where it is used. Include a practical example relevant to the role.","A strong answer should define event capturing, explain its practical purpose, describe an example, and mention important limitations or trade-offs where relevant.",Definition; purpose; practical usage; example; important considerations,Giving only a memorized definition; confusing related concepts; omitting a practical example.,What are the advantages and limitations of event capturing?;Can you give a practical example of event capturing?,"javascript developer,javascript,event capturing",event capturing Interview Questions and Answers | InterviewPrep,Practice event capturing interview questions and answers for JavaScript Developer candidates.,True
How does event capturing work in JavaScript Developer?,how-does-event-capturing-work-in-javascript-developer,JavaScript Developer,JavaScript,0-1 Years,Medium,Technical,Interview preparation question about event capturing.,"Explain event capturing clearly, its purpose, how it works, and where it is used. Include a practical example relevant to the role.","A strong answer should define event capturing, explain its practical purpose, describe an example, and mention important limitations or trade-offs where relevant.",Definition; purpose; practical usage; example; important considerations,Giving only a memorized definition; confusing related concepts; omitting a practical example.,What are the advantages and limitations of event capturing?;Can you give a practical example of event capturing?,"javascript developer,javascript,event capturing",event capturing Interview Questions and Answers | InterviewPrep,Practice event capturing interview questions and answers for JavaScript Developer candidates.,True
What are the common mistakes candidates make when explaining event capturing?,what-are-the-common-mistakes-candidates-make-when-explaining-event-capturing,JavaScript Developer,JavaScript,1-3 Years,Medium,Technical,Interview preparation question about event capturing.,"Explain event capturing clearly, its purpose, how it works, and where it is used. Include a practical example relevant to the role.","A strong answer should define event capturing, explain its practical purpose, describe an example, and mention important limitations or trade-offs where relevant.",Definition; purpose; practical usage; example; important considerations,Giving only a memorized definition; confusing related concepts; omitting a practical example.,What are the advantages and limitations of event capturing?;Can you give a practical example of event capturing?,"javascript developer,javascript,event capturing",event capturing Interview Questions and Answers | InterviewPrep,Practice event capturing interview questions and answers for JavaScript Developer candidates.,True
"What is debouncing, and why is it important in JavaScript Developer?",what-is-debouncing-and-why-is-it-important-in-javascript-developer,JavaScript Developer,JavaScript,Fresher,Easy,Technical,Interview preparation question about debouncing.,"Explain debouncing clearly, its purpose, how it works, and where it is used. Include a practical example relevant to the role.","A strong answer should define debouncing, explain its practical purpose, describe an example, and mention important limitations or trade-offs where relevant.",Definition; purpose; practical usage; example; important considerations,Giving only a memorized definition; confusing related concepts; omitting a practical example.,What are the advantages and limitations of debouncing?;Can you give a practical example of debouncing?,"javascript developer,javascript,debouncing",debouncing Interview Questions and Answers | InterviewPrep,Practice debouncing interview questions and answers for JavaScript Developer candidates.,True
How does debouncing work in JavaScript Developer?,how-does-debouncing-work-in-javascript-developer,JavaScript Developer,JavaScript,0-1 Years,Medium,Technical,Interview preparation question about debouncing.,"Explain debouncing clearly, its purpose, how it works, and where it is used. Include a practical example relevant to the role.","A strong answer should define debouncing, explain its practical purpose, describe an example, and mention important limitations or trade-offs where relevant.",Definition; purpose; practical usage; example; important considerations,Giving only a memorized definition; confusing related concepts; omitting a practical example.,What are the advantages and limitations of debouncing?;Can you give a practical example of debouncing?,"javascript developer,javascript,debouncing",debouncing Interview Questions and Answers | InterviewPrep,Practice debouncing interview questions and answers for JavaScript Developer candidates.,True
What are the common mistakes candidates make when explaining debouncing?,what-are-the-common-mistakes-candidates-make-when-explaining-debouncing,JavaScript Developer,JavaScript,1-3 Years,Medium,Technical,Interview preparation question about debouncing.,"Explain debouncing clearly, its purpose, how it works, and where it is used. Include a practical example relevant to the role.","A strong answer should define debouncing, explain its practical purpose, describe an example, and mention important limitations or trade-offs where relevant.",Definition; purpose; practical usage; example; important considerations,Giving only a memorized definition; confusing related concepts; omitting a practical example.,What are the advantages and limitations of debouncing?;Can you give a practical example of debouncing?,"javascript developer,javascript,debouncing",debouncing Interview Questions and Answers | InterviewPrep,Practice debouncing interview questions and answers for JavaScript Developer candidates.,True
"What is throttling, and why is it important in JavaScript Developer?",what-is-throttling-and-why-is-it-important-in-javascript-developer,JavaScript Developer,JavaScript,Fresher,Easy,Technical,Interview preparation question about throttling.,"Explain throttling clearly, its purpose, how it works, and where it is used. Include a practical example relevant to the role.","A strong answer should define throttling, explain its practical purpose, describe an example, and mention important limitations or trade-offs where relevant.",Definition; purpose; practical usage; example; important considerations,Giving only a memorized definition; confusing related concepts; omitting a practical example.,What are the advantages and limitations of throttling?;Can you give a practical example of throttling?,"javascript developer,javascript,throttling",throttling Interview Questions and Answers | InterviewPrep,Practice throttling interview questions and answers for JavaScript Developer candidates.,True
How does throttling work in JavaScript Developer?,how-does-throttling-work-in-javascript-developer,JavaScript Developer,JavaScript,0-1 Years,Medium,Technical,Interview preparation question about throttling.,"Explain throttling clearly, its purpose, how it works, and where it is used. Include a practical example relevant to the role.","A strong answer should define throttling, explain its practical purpose, describe an example, and mention important limitations or trade-offs where relevant.",Definition; purpose; practical usage; example; important considerations,Giving only a memorized definition; confusing related concepts; omitting a practical example.,What are the advantages and limitations of throttling?;Can you give a practical example of throttling?,"javascript developer,javascript,throttling",throttling Interview Questions and Answers | InterviewPrep,Practice throttling interview questions and answers for JavaScript Developer candidates.,True
What are the common mistakes candidates make when explaining throttling?,what-are-the-common-mistakes-candidates-make-when-explaining-throttling,JavaScript Developer,JavaScript,1-3 Years,Medium,Technical,Interview preparation question about throttling.,"Explain throttling clearly, its purpose, how it works, and where it is used. Include a practical example relevant to the role.","A strong answer should define throttling, explain its practical purpose, describe an example, and mention important limitations or trade-offs where relevant.",Definition; purpose; practical usage; example; important considerations,Giving only a memorized definition; confusing related concepts; omitting a practical example.,What are the advantages and limitations of throttling?;Can you give a practical example of throttling?,"javascript developer,javascript,throttling",throttling Interview Questions and Answers | InterviewPrep,Practice throttling interview questions and answers for JavaScript Developer candidates.,True
"What is localStorage, and why is it important in JavaScript Developer?",what-is-localstorage-and-why-is-it-important-in-javascript-developer,JavaScript Developer,JavaScript,Fresher,Easy,Technical,Interview preparation question about localStorage.,"Explain localStorage clearly, its purpose, how it works, and where it is used. Include a practical example relevant to the role.","A strong answer should define localStorage, explain its practical purpose, describe an example, and mention important limitations or trade-offs where relevant.",Definition; purpose; practical usage; example; important considerations,Giving only a memorized definition; confusing related concepts; omitting a practical example.,What are the advantages and limitations of localStorage?;Can you give a practical example of localStorage?,"javascript developer,javascript,localstorage",localStorage Interview Questions and Answers | InterviewPrep,Practice localStorage interview questions and answers for JavaScript Developer candidates.,True
How does localStorage work in JavaScript Developer?,how-does-localstorage-work-in-javascript-developer,JavaScript Developer,JavaScript,0-1 Years,Medium,Technical,Interview preparation question about localStorage.,"Explain localStorage clearly, its purpose, how it works, and where it is used. Include a practical example relevant to the role.","A strong answer should define localStorage, explain its practical purpose, describe an example, and mention important limitations or trade-offs where relevant.",Definition; purpose; practical usage; example; important considerations,Giving only a memorized definition; confusing related concepts; omitting a practical example.,What are the advantages and limitations of localStorage?;Can you give a practical example of localStorage?,"javascript developer,javascript,localstorage",localStorage Interview Questions and Answers | InterviewPrep,Practice localStorage interview questions and answers for JavaScript Developer candidates.,True
What are the common mistakes candidates make when explaining localStorage?,what-are-the-common-mistakes-candidates-make-when-explaining-localstorage,JavaScript Developer,JavaScript,1-3 Years,Medium,Technical,Interview preparation question about localStorage.,"Explain localStorage clearly, its purpose, how it works, and where it is used. Include a practical example relevant to the role.","A strong answer should define localStorage, explain its practical purpose, describe an example, and mention important limitations or trade-offs where relevant.",Definition; purpose; practical usage; example; important considerations,Giving only a memorized definition; confusing related concepts; omitting a practical example.,What are the advantages and limitations of localStorage?;Can you give a practical example of localStorage?,"javascript developer,javascript,localstorage",localStorage Interview Questions and Answers | InterviewPrep,Practice localStorage interview questions and answers for JavaScript Developer candidates.,True
"What is sessionStorage, and why is it important in JavaScript Developer?",what-is-sessionstorage-and-why-is-it-important-in-javascript-developer,JavaScript Developer,JavaScript,Fresher,Easy,Technical,Interview preparation question about sessionStorage.,"Explain sessionStorage clearly, its purpose, how it works, and where it is used. Include a practical example relevant to the role.","A strong answer should define sessionStorage, explain its practical purpose, describe an example, and mention important limitations or trade-offs where relevant.",Definition; purpose; practical usage; example; important considerations,Giving only a memorized definition; confusing related concepts; omitting a practical example.,What are the advantages and limitations of sessionStorage?;Can you give a practical example of sessionStorage?,"javascript developer,javascript,sessionstorage",sessionStorage Interview Questions and Answers | InterviewPrep,Practice sessionStorage interview questions and answers for JavaScript Developer candidates.,True
How does sessionStorage work in JavaScript Developer?,how-does-sessionstorage-work-in-javascript-developer,JavaScript Developer,JavaScript,0-1 Years,Medium,Technical,Interview preparation question about sessionStorage.,"Explain sessionStorage clearly, its purpose, how it works, and where it is used. Include a practical example relevant to the role.","A strong answer should define sessionStorage, explain its practical purpose, describe an example, and mention important limitations or trade-offs where relevant.",Definition; purpose; practical usage; example; important considerations,Giving only a memorized definition; confusing related concepts; omitting a practical example.,What are the advantages and limitations of sessionStorage?;Can you give a practical example of sessionStorage?,"javascript developer,javascript,sessionstorage",sessionStorage Interview Questions and Answers | InterviewPrep,Practice sessionStorage interview questions and answers for JavaScript Developer candidates.,True
What are the common mistakes candidates make when explaining sessionStorage?,what-are-the-common-mistakes-candidates-make-when-explaining-sessionstorage,JavaScript Developer,JavaScript,1-3 Years,Medium,Technical,Interview preparation question about sessionStorage.,"Explain sessionStorage clearly, its purpose, how it works, and where it is used. Include a practical example relevant to the role.","A strong answer should define sessionStorage, explain its practical purpose, describe an example, and mention important limitations or trade-offs where relevant.",Definition; purpose; practical usage; example; important considerations,Giving only a memorized definition; confusing related concepts; omitting a practical example.,What are the advantages and limitations of sessionStorage?;Can you give a practical example of sessionStorage?,"javascript developer,javascript,sessionstorage",sessionStorage Interview Questions and Answers | InterviewPrep,Practice sessionStorage interview questions and answers for JavaScript Developer candidates.,True
"What is JSON, and why is it important in JavaScript Developer?",what-is-json-and-why-is-it-important-in-javascript-developer,JavaScript Developer,JavaScript,Fresher,Easy,Technical,Interview preparation question about JSON.,"Explain JSON clearly, its purpose, how it works, and where it is used. Include a practical example relevant to the role.","A strong answer should define JSON, explain its practical purpose, describe an example, and mention important limitations or trade-offs where relevant.",Definition; purpose; practical usage; example; important considerations,Giving only a memorized definition; confusing related concepts; omitting a practical example.,What are the advantages and limitations of JSON?;Can you give a practical example of JSON?,"javascript developer,javascript,json",JSON Interview Questions and Answers | InterviewPrep,Practice JSON interview questions and answers for JavaScript Developer candidates.,True
How does JSON work in JavaScript Developer?,how-does-json-work-in-javascript-developer,JavaScript Developer,JavaScript,0-1 Years,Medium,Technical,Interview preparation question about JSON.,"Explain JSON clearly, its purpose, how it works, and where it is used. Include a practical example relevant to the role.","A strong answer should define JSON, explain its practical purpose, describe an example, and mention important limitations or trade-offs where relevant.",Definition; purpose; practical usage; example; important considerations,Giving only a memorized definition; confusing related concepts; omitting a practical example.,What are the advantages and limitations of JSON?;Can you give a practical example of JSON?,"javascript developer,javascript,json",JSON Interview Questions and Answers | InterviewPrep,Practice JSON interview questions and answers for JavaScript Developer candidates.,True
What are the common mistakes candidates make when explaining JSON?,what-are-the-common-mistakes-candidates-make-when-explaining-json,JavaScript Developer,JavaScript,1-3 Years,Medium,Technical,Interview preparation question about JSON.,"Explain JSON clearly, its purpose, how it works, and where it is used. Include a practical example relevant to the role.","A strong answer should define JSON, explain its practical purpose, describe an example, and mention important limitations or trade-offs where relevant.",Definition; purpose; practical usage; example; important considerations,Giving only a memorized definition; confusing related concepts; omitting a practical example.,What are the advantages and limitations of JSON?;Can you give a practical example of JSON?,"javascript developer,javascript,json",JSON Interview Questions and Answers | InterviewPrep,Practice JSON interview questions and answers for JavaScript Developer candidates.,True
"What is error handling, and why is it important in JavaScript Developer?",what-is-error-handling-and-why-is-it-important-in-javascript-developer,JavaScript Developer,JavaScript,Fresher,Easy,Technical,Interview preparation question about error handling.,"Explain error handling clearly, its purpose, how it works, and where it is used. Include a practical example relevant to the role.","A strong answer should define error handling, explain its practical purpose, describe an example, and mention important limitations or trade-offs where relevant.",Definition; purpose; practical usage; example; important considerations,Giving only a memorized definition; confusing related concepts; omitting a practical example.,What are the advantages and limitations of error handling?;Can you give a practical example of error handling?,"javascript developer,javascript,error handling",error handling Interview Questions and Answers | InterviewPrep,Practice error handling interview questions and answers for JavaScript Developer candidates.,True
How does error handling work in JavaScript Developer?,how-does-error-handling-work-in-javascript-developer,JavaScript Developer,JavaScript,0-1 Years,Medium,Technical,Interview preparation question about error handling.,"Explain error handling clearly, its purpose, how it works, and where it is used. Include a practical example relevant to the role.","A strong answer should define error handling, explain its practical purpose, describe an example, and mention important limitations or trade-offs where relevant.",Definition; purpose; practical usage; example; important considerations,Giving only a memorized definition; confusing related concepts; omitting a practical example.,What are the advantages and limitations of error handling?;Can you give a practical example of error handling?,"javascript developer,javascript,error handling",error handling Interview Questions and Answers | InterviewPrep,Practice error handling interview questions and answers for JavaScript Developer candidates.,True
What are the common mistakes candidates make when explaining error handling?,what-are-the-common-mistakes-candidates-make-when-explaining-error-handling,JavaScript Developer,JavaScript,1-3 Years,Medium,Technical,Interview preparation question about error handling.,"Explain error handling clearly, its purpose, how it works, and where it is used. Include a practical example relevant to the role.","A strong answer should define error handling, explain its practical purpose, describe an example, and mention important limitations or trade-offs where relevant.",Definition; purpose; practical usage; example; important considerations,Giving only a memorized definition; confusing related concepts; omitting a practical example.,What are the advantages and limitations of error handling?;Can you give a practical example of error handling?,"javascript developer,javascript,error handling",error handling Interview Questions and Answers | InterviewPrep,Practice error handling interview questions and answers for JavaScript Developer candidates.,True
"What is memory leaks, and why is it important in JavaScript Developer?",what-is-memory-leaks-and-why-is-it-important-in-javascript-developer,JavaScript Developer,JavaScript,Fresher,Easy,Technical,Interview preparation question about memory leaks.,"Explain memory leaks clearly, its purpose, how it works, and where it is used. Include a practical example relevant to the role.","A strong answer should define memory leaks, explain its practical purpose, describe an example, and mention important limitations or trade-offs where relevant.",Definition; purpose; practical usage; example; important considerations,Giving only a memorized definition; confusing related concepts; omitting a practical example.,What are the advantages and limitations of memory leaks?;Can you give a practical example of memory leaks?,"javascript developer,javascript,memory leaks",memory leaks Interview Questions and Answers | InterviewPrep,Practice memory leaks interview questions and answers for JavaScript Developer candidates.,True
How does memory leaks work in JavaScript Developer?,how-does-memory-leaks-work-in-javascript-developer,JavaScript Developer,JavaScript,0-1 Years,Medium,Technical,Interview preparation question about memory leaks.,"Explain memory leaks clearly, its purpose, how it works, and where it is used. Include a practical example relevant to the role.","A strong answer should define memory leaks, explain its practical purpose, describe an example, and mention important limitations or trade-offs where relevant.",Definition; purpose; practical usage; example; important considerations,Giving only a memorized definition; confusing related concepts; omitting a practical example.,What are the advantages and limitations of memory leaks?;Can you give a practical example of memory leaks?,"javascript developer,javascript,memory leaks",memory leaks Interview Questions and Answers | InterviewPrep,Practice memory leaks interview questions and answers for JavaScript Developer candidates.,True
What are the common mistakes candidates make when explaining memory leaks?,what-are-the-common-mistakes-candidates-make-when-explaining-memory-leaks,JavaScript Developer,JavaScript,1-3 Years,Medium,Technical,Interview preparation question about memory leaks.,"Explain memory leaks clearly, its purpose, how it works, and where it is used. Include a practical example relevant to the role.","A strong answer should define memory leaks, explain its practical purpose, describe an example, and mention important limitations or trade-offs where relevant.",Definition; purpose; practical usage; example; important considerations,Giving only a memorized definition; confusing related concepts; omitting a practical example.,What are the advantages and limitations of memory leaks?;Can you give a practical example of memory leaks?,"javascript developer,javascript,memory leaks",memory leaks Interview Questions and Answers | InterviewPrep,Practice memory leaks interview questions and answers for JavaScript Developer candidates.,True
"What is garbage collection, and why is it important in JavaScript Developer?",what-is-garbage-collection-and-why-is-it-important-in-javascript-developer,JavaScript Developer,JavaScript,Fresher,Easy,Technical,Interview preparation question about garbage collection.,"Explain garbage collection clearly, its purpose, how it works, and where it is used. Include a practical example relevant to the role.","A strong answer should define garbage collection, explain its practical purpose, describe an example, and mention important limitations or trade-offs where relevant.",Definition; purpose; practical usage; example; important considerations,Giving only a memorized definition; confusing related concepts; omitting a practical example.,What are the advantages and limitations of garbage collection?;Can you give a practical example of garbage collection?,"javascript developer,javascript,garbage collection",garbage collection Interview Questions and Answers | InterviewPrep,Practice garbage collection interview questions and answers for JavaScript Developer candidates.,True
How does garbage collection work in JavaScript Developer?,how-does-garbage-collection-work-in-javascript-developer,JavaScript Developer,JavaScript,0-1 Years,Medium,Technical,Interview preparation question about garbage collection.,"Explain garbage collection clearly, its purpose, how it works, and where it is used. Include a practical example relevant to the role.","A strong answer should define garbage collection, explain its practical purpose, describe an example, and mention important limitations or trade-offs where relevant.",Definition; purpose; practical usage; example; important considerations,Giving only a memorized definition; confusing related concepts; omitting a practical example.,What are the advantages and limitations of garbage collection?;Can you give a practical example of garbage collection?,"javascript developer,javascript,garbage collection",garbage collection Interview Questions and Answers | InterviewPrep,Practice garbage collection interview questions and answers for JavaScript Developer candidates.,True
What are the common mistakes candidates make when explaining garbage collection?,what-are-the-common-mistakes-candidates-make-when-explaining-garbage-collection,JavaScript Developer,JavaScript,1-3 Years,Medium,Technical,Interview preparation question about garbage collection.,"Explain garbage collection clearly, its purpose, how it works, and where it is used. Include a practical example relevant to the role.","A strong answer should define garbage collection, explain its practical purpose, describe an example, and mention important limitations or trade-offs where relevant.",Definition; purpose; practical usage; example; important considerations,Giving only a memorized definition; confusing related concepts; omitting a practical example.,What are the advantages and limitations of garbage collection?;Can you give a practical example of garbage collection?,"javascript developer,javascript,garbage collection",garbage collection Interview Questions and Answers | InterviewPrep,Practice garbage collection interview questions and answers for JavaScript Developer candidates.,True
"What is Web APIs, and why is it important in JavaScript Developer?",what-is-web-apis-and-why-is-it-important-in-javascript-developer,JavaScript Developer,JavaScript,Fresher,Easy,Technical,Interview preparation question about Web APIs.,"Explain Web APIs clearly, its purpose, how it works, and where it is used. Include a practical example relevant to the role.","A strong answer should define Web APIs, explain its practical purpose, describe an example, and mention important limitations or trade-offs where relevant.",Definition; purpose; practical usage; example; important considerations,Giving only a memorized definition; confusing related concepts; omitting a practical example.,What are the advantages and limitations of Web APIs?;Can you give a practical example of Web APIs?,"javascript developer,javascript,web apis",Web APIs Interview Questions and Answers | InterviewPrep,Practice Web APIs interview questions and answers for JavaScript Developer candidates.,True
How does Web APIs work in JavaScript Developer?,how-does-web-apis-work-in-javascript-developer,JavaScript Developer,JavaScript,0-1 Years,Medium,Technical,Interview preparation question about Web APIs.,"Explain Web APIs clearly, its purpose, how it works, and where it is used. Include a practical example relevant to the role.","A strong answer should define Web APIs, explain its practical purpose, describe an example, and mention important limitations or trade-offs where relevant.",Definition; purpose; practical usage; example; important considerations,Giving only a memorized definition; confusing related concepts; omitting a practical example.,What are the advantages and limitations of Web APIs?;Can you give a practical example of Web APIs?,"javascript developer,javascript,web apis",Web APIs Interview Questions and Answers | InterviewPrep,Practice Web APIs interview questions and answers for JavaScript Developer candidates.,True
What are the common mistakes candidates make when explaining Web APIs?,what-are-the-common-mistakes-candidates-make-when-explaining-web-apis,JavaScript Developer,JavaScript,1-3 Years,Medium,Technical,Interview preparation question about Web APIs.,"Explain Web APIs clearly, its purpose, how it works, and where it is used. Include a practical example relevant to the role.","A strong answer should define Web APIs, explain its practical purpose, describe an example, and mention important limitations or trade-offs where relevant.",Definition; purpose; practical usage; example; important considerations,Giving only a memorized definition; confusing related concepts; omitting a practical example.,What are the advantages and limitations of Web APIs?;Can you give a practical example of Web APIs?,"javascript developer,javascript,web apis",Web APIs Interview Questions and Answers | InterviewPrep,Practice Web APIs interview questions and answers for JavaScript Developer candidates.,True
"What is CORS, and why is it important in JavaScript Developer?",what-is-cors-and-why-is-it-important-in-javascript-developer,JavaScript Developer,JavaScript,Fresher,Easy,Technical,Interview preparation question about CORS.,"Explain CORS clearly, its purpose, how it works, and where it is used. Include a practical example relevant to the role.","A strong answer should define CORS, explain its practical purpose, describe an example, and mention important limitations or trade-offs where relevant.",Definition; purpose; practical usage; example; important considerations,Giving only a memorized definition; confusing related concepts; omitting a practical example.,What are the advantages and limitations of CORS?;Can you give a practical example of CORS?,"javascript developer,javascript,cors",CORS Interview Questions and Answers | InterviewPrep,Practice CORS interview questions and answers for JavaScript Developer candidates.,True
How does CORS work in JavaScript Developer?,how-does-cors-work-in-javascript-developer,JavaScript Developer,JavaScript,0-1 Years,Medium,Technical,Interview preparation question about CORS.,"Explain CORS clearly, its purpose, how it works, and where it is used. Include a practical example relevant to the role.","A strong answer should define CORS, explain its practical purpose, describe an example, and mention important limitations or trade-offs where relevant.",Definition; purpose; practical usage; example; important considerations,Giving only a memorized definition; confusing related concepts; omitting a practical example.,What are the advantages and limitations of CORS?;Can you give a practical example of CORS?,"javascript developer,javascript,cors",CORS Interview Questions and Answers | InterviewPrep,Practice CORS interview questions and answers for JavaScript Developer candidates.,True
What are the common mistakes candidates make when explaining CORS?,what-are-the-common-mistakes-candidates-make-when-explaining-cors,JavaScript Developer,JavaScript,1-3 Years,Medium,Technical,Interview preparation question about CORS.,"Explain CORS clearly, its purpose, how it works, and where it is used. Include a practical example relevant to the role.","A strong answer should define CORS, explain its practical purpose, describe an example, and mention important limitations or trade-offs where relevant.",Definition; purpose; practical usage; example; important considerations,Giving only a memorized definition; confusing related concepts; omitting a practical example.,What are the advantages and limitations of CORS?;Can you give a practical example of CORS?,"javascript developer,javascript,cors",CORS Interview Questions and Answers | InterviewPrep,Practice CORS interview questions and answers for JavaScript Developer candidates.,True
"What is DOM manipulation, and why is it important in JavaScript Developer?",what-is-dom-manipulation-and-why-is-it-important-in-javascript-developer,JavaScript Developer,JavaScript,Fresher,Easy,Technical,Interview preparation question about DOM manipulation.,"Explain DOM manipulation clearly, its purpose, how it works, and where it is used. Include a practical example relevant to the role.","A strong answer should define DOM manipulation, explain its practical purpose, describe an example, and mention important limitations or trade-offs where relevant.",Definition; purpose; practical usage; example; important considerations,Giving only a memorized definition; confusing related concepts; omitting a practical example.,What are the advantages and limitations of DOM manipulation?;Can you give a practical example of DOM manipulation?,"javascript developer,javascript,dom manipulation",DOM manipulation Interview Questions and Answers | InterviewPrep,Practice DOM manipulation interview questions and answers for JavaScript Developer candidates.,True
How does DOM manipulation work in JavaScript Developer?,how-does-dom-manipulation-work-in-javascript-developer,JavaScript Developer,JavaScript,0-1 Years,Medium,Technical,Interview preparation question about DOM manipulation.,"Explain DOM manipulation clearly, its purpose, how it works, and where it is used. Include a practical example relevant to the role.","A strong answer should define DOM manipulation, explain its practical purpose, describe an example, and mention important limitations or trade-offs where relevant.",Definition; purpose; practical usage; example; important considerations,Giving only a memorized definition; confusing related concepts; omitting a practical example.,What are the advantages and limitations of DOM manipulation?;Can you give a practical example of DOM manipulation?,"javascript developer,javascript,dom manipulation",DOM manipulation Interview Questions and Answers | InterviewPrep,Practice DOM manipulation interview questions and answers for JavaScript Developer candidates.,True
What are the common mistakes candidates make when explaining DOM manipulation?,what-are-the-common-mistakes-candidates-make-when-explaining-dom-manipulation,JavaScript Developer,JavaScript,1-3 Years,Medium,Technical,Interview preparation question about DOM manipulation.,"Explain DOM manipulation clearly, its purpose, how it works, and where it is used. Include a practical example relevant to the role.","A strong answer should define DOM manipulation, explain its practical purpose, describe an example, and mention important limitations or trade-offs where relevant.",Definition; purpose; practical usage; example; important considerations,Giving only a memorized definition; confusing related concepts; omitting a practical example.,What are the advantages and limitations of DOM manipulation?;Can you give a practical example of DOM manipulation?,"javascript developer,javascript,dom manipulation",DOM manipulation Interview Questions and Answers | InterviewPrep,Practice DOM manipulation interview questions and answers for JavaScript Developer candidates.,True
"What is SELECT, and why is it important in SQL?",what-is-select-and-why-is-it-important-in-sql,SQL,SQL Fundamentals,Fresher,Easy,Technical,Interview preparation question about SELECT.,"Explain SELECT clearly, its purpose, how it works, and where it is used. Include a practical example relevant to the role.","A strong answer should define SELECT, explain its practical purpose, describe an example, and mention important limitations or trade-offs where relevant.",Definition; purpose; practical usage; example; important considerations,Giving only a memorized definition; confusing related concepts; omitting a practical example.,What are the advantages and limitations of SELECT?;Can you give a practical example of SELECT?,"sql,sql fundamentals,select",SELECT Interview Questions and Answers | InterviewPrep,Practice SELECT interview questions and answers for SQL candidates.,True
How does SELECT work in SQL?,how-does-select-work-in-sql,SQL,SQL Fundamentals,0-1 Years,Medium,Technical,Interview preparation question about SELECT.,"Explain SELECT clearly, its purpose, how it works, and where it is used. Include a practical example relevant to the role.","A strong answer should define SELECT, explain its practical purpose, describe an example, and mention important limitations or trade-offs where relevant.",Definition; purpose; practical usage; example; important considerations,Giving only a memorized definition; confusing related concepts; omitting a practical example.,What are the advantages and limitations of SELECT?;Can you give a practical example of SELECT?,"sql,sql fundamentals,select",SELECT Interview Questions and Answers | InterviewPrep,Practice SELECT interview questions and answers for SQL candidates.,True
What are the common mistakes candidates make when explaining SELECT?,what-are-the-common-mistakes-candidates-make-when-explaining-select,SQL,SQL Fundamentals,1-3 Years,Medium,Technical,Interview preparation question about SELECT.,"Explain SELECT clearly, its purpose, how it works, and where it is used. Include a practical example relevant to the role.","A strong answer should define SELECT, explain its practical purpose, describe an example, and mention important limitations or trade-offs where relevant.",Definition; purpose; practical usage; example; important considerations,Giving only a memorized definition; confusing related concepts; omitting a practical example.,What are the advantages and limitations of SELECT?;Can you give a practical example of SELECT?,"sql,sql fundamentals,select",SELECT Interview Questions and Answers | InterviewPrep,Practice SELECT interview questions and answers for SQL candidates.,True
"What is WHERE, and why is it important in SQL?",what-is-where-and-why-is-it-important-in-sql,SQL,SQL Fundamentals,Fresher,Easy,Technical,Interview preparation question about WHERE.,"Explain WHERE clearly, its purpose, how it works, and where it is used. Include a practical example relevant to the role.","A strong answer should define WHERE, explain its practical purpose, describe an example, and mention important limitations or trade-offs where relevant.",Definition; purpose; practical usage; example; important considerations,Giving only a memorized definition; confusing related concepts; omitting a practical example.,What are the advantages and limitations of WHERE?;Can you give a practical example of WHERE?,"sql,sql fundamentals,where",WHERE Interview Questions and Answers | InterviewPrep,Practice WHERE interview questions and answers for SQL candidates.,True
How does WHERE work in SQL?,how-does-where-work-in-sql,SQL,SQL Fundamentals,0-1 Years,Medium,Technical,Interview preparation question about WHERE.,"Explain WHERE clearly, its purpose, how it works, and where it is used. Include a practical example relevant to the role.","A strong answer should define WHERE, explain its practical purpose, describe an example, and mention important limitations or trade-offs where relevant.",Definition; purpose; practical usage; example; important considerations,Giving only a memorized definition; confusing related concepts; omitting a practical example.,What are the advantages and limitations of WHERE?;Can you give a practical example of WHERE?,"sql,sql fundamentals,where",WHERE Interview Questions and Answers | InterviewPrep,Practice WHERE interview questions and answers for SQL candidates.,True
What are the common mistakes candidates make when explaining WHERE?,what-are-the-common-mistakes-candidates-make-when-explaining-where,SQL,SQL Fundamentals,1-3 Years,Medium,Technical,Interview preparation question about WHERE.,"Explain WHERE clearly, its purpose, how it works, and where it is used. Include a practical example relevant to the role.","A strong answer should define WHERE, explain its practical purpose, describe an example, and mention important limitations or trade-offs where relevant.",Definition; purpose; practical usage; example; important considerations,Giving only a memorized definition; confusing related concepts; omitting a practical example.,What are the advantages and limitations of WHERE?;Can you give a practical example of WHERE?,"sql,sql fundamentals,where",WHERE Interview Questions and Answers | InterviewPrep,Practice WHERE interview questions and answers for SQL candidates.,True
"What is GROUP BY, and why is it important in SQL?",what-is-group-by-and-why-is-it-important-in-sql,SQL,SQL Fundamentals,Fresher,Easy,Technical,Interview preparation question about GROUP BY.,"Explain GROUP BY clearly, its purpose, how it works, and where it is used. Include a practical example relevant to the role.","A strong answer should define GROUP BY, explain its practical purpose, describe an example, and mention important limitations or trade-offs where relevant.",Definition; purpose; practical usage; example; important considerations,Giving only a memorized definition; confusing related concepts; omitting a practical example.,What are the advantages and limitations of GROUP BY?;Can you give a practical example of GROUP BY?,"sql,sql fundamentals,group by",GROUP BY Interview Questions and Answers | InterviewPrep,Practice GROUP BY interview questions and answers for SQL candidates.,True
How does GROUP BY work in SQL?,how-does-group-by-work-in-sql,SQL,SQL Fundamentals,0-1 Years,Medium,Technical,Interview preparation question about GROUP BY.,"Explain GROUP BY clearly, its purpose, how it works, and where it is used. Include a practical example relevant to the role.","A strong answer should define GROUP BY, explain its practical purpose, describe an example, and mention important limitations or trade-offs where relevant.",Definition; purpose; practical usage; example; important considerations,Giving only a memorized definition; confusing related concepts; omitting a practical example.,What are the advantages and limitations of GROUP BY?;Can you give a practical example of GROUP BY?,"sql,sql fundamentals,group by",GROUP BY Interview Questions and Answers | InterviewPrep,Practice GROUP BY interview questions and answers for SQL candidates.,True
What are the common mistakes candidates make when explaining GROUP BY?,what-are-the-common-mistakes-candidates-make-when-explaining-group-by,SQL,SQL Fundamentals,1-3 Years,Medium,Technical,Interview preparation question about GROUP BY.,"Explain GROUP BY clearly, its purpose, how it works, and where it is used. Include a practical example relevant to the role.","A strong answer should define GROUP BY, explain its practical purpose, describe an example, and mention important limitations or trade-offs where relevant.",Definition; purpose; practical usage; example; important considerations,Giving only a memorized definition; confusing related concepts; omitting a practical example.,What are the advantages and limitations of GROUP BY?;Can you give a practical example of GROUP BY?,"sql,sql fundamentals,group by",GROUP BY Interview Questions and Answers | InterviewPrep,Practice GROUP BY interview questions and answers for SQL candidates.,True
"What is HAVING, and why is it important in SQL?",what-is-having-and-why-is-it-important-in-sql,SQL,SQL Fundamentals,Fresher,Easy,Technical,Interview preparation question about HAVING.,"Explain HAVING clearly, its purpose, how it works, and where it is used. Include a practical example relevant to the role.","A strong answer should define HAVING, explain its practical purpose, describe an example, and mention important limitations or trade-offs where relevant.",Definition; purpose; practical usage; example; important considerations,Giving only a memorized definition; confusing related concepts; omitting a practical example.,What are the advantages and limitations of HAVING?;Can you give a practical example of HAVING?,"sql,sql fundamentals,having",HAVING Interview Questions and Answers | InterviewPrep,Practice HAVING interview questions and answers for SQL candidates.,True
How does HAVING work in SQL?,how-does-having-work-in-sql,SQL,SQL Fundamentals,0-1 Years,Medium,Technical,Interview preparation question about HAVING.,"Explain HAVING clearly, its purpose, how it works, and where it is used. Include a practical example relevant to the role.","A strong answer should define HAVING, explain its practical purpose, describe an example, and mention important limitations or trade-offs where relevant.",Definition; purpose; practical usage; example; important considerations,Giving only a memorized definition; confusing related concepts; omitting a practical example.,What are the advantages and limitations of HAVING?;Can you give a practical example of HAVING?,"sql,sql fundamentals,having",HAVING Interview Questions and Answers | InterviewPrep,Practice HAVING interview questions and answers for SQL candidates.,True
What are the common mistakes candidates make when explaining HAVING?,what-are-the-common-mistakes-candidates-make-when-explaining-having,SQL,SQL Fundamentals,1-3 Years,Medium,Technical,Interview preparation question about HAVING.,"Explain HAVING clearly, its purpose, how it works, and where it is used. Include a practical example relevant to the role.","A strong answer should define HAVING, explain its practical purpose, describe an example, and mention important limitations or trade-offs where relevant.",Definition; purpose; practical usage; example; important considerations,Giving only a memorized definition; confusing related concepts; omitting a practical example.,What are the advantages and limitations of HAVING?;Can you give a practical example of HAVING?,"sql,sql fundamentals,having",HAVING Interview Questions and Answers | InterviewPrep,Practice HAVING interview questions and answers for SQL candidates.,True
"What is ORDER BY, and why is it important in SQL?",what-is-order-by-and-why-is-it-important-in-sql,SQL,SQL Fundamentals,Fresher,Easy,Technical,Interview preparation question about ORDER BY.,"Explain ORDER BY clearly, its purpose, how it works, and where it is used. Include a practical example relevant to the role.","A strong answer should define ORDER BY, explain its practical purpose, describe an example, and mention important limitations or trade-offs where relevant.",Definition; purpose; practical usage; example; important considerations,Giving only a memorized definition; confusing related concepts; omitting a practical example.,What are the advantages and limitations of ORDER BY?;Can you give a practical example of ORDER BY?,"sql,sql fundamentals,order by",ORDER BY Interview Questions and Answers | InterviewPrep,Practice ORDER BY interview questions and answers for SQL candidates.,True
How does ORDER BY work in SQL?,how-does-order-by-work-in-sql,SQL,SQL Fundamentals,0-1 Years,Medium,Technical,Interview preparation question about ORDER BY.,"Explain ORDER BY clearly, its purpose, how it works, and where it is used. Include a practical example relevant to the role.","A strong answer should define ORDER BY, explain its practical purpose, describe an example, and mention important limitations or trade-offs where relevant.",Definition; purpose; practical usage; example; important considerations,Giving only a memorized definition; confusing related concepts; omitting a practical example.,What are the advantages and limitations of ORDER BY?;Can you give a practical example of ORDER BY?,"sql,sql fundamentals,order by",ORDER BY Interview Questions and Answers | InterviewPrep,Practice ORDER BY interview questions and answers for SQL candidates.,True
What are the common mistakes candidates make when explaining ORDER BY?,what-are-the-common-mistakes-candidates-make-when-explaining-order-by,SQL,SQL Fundamentals,1-3 Years,Medium,Technical,Interview preparation question about ORDER BY.,"Explain ORDER BY clearly, its purpose, how it works, and where it is used. Include a practical example relevant to the role.","A strong answer should define ORDER BY, explain its practical purpose, describe an example, and mention important limitations or trade-offs where relevant.",Definition; purpose; practical usage; example; important considerations,Giving only a memorized definition; confusing related concepts; omitting a practical example.,What are the advantages and limitations of ORDER BY?;Can you give a practical example of ORDER BY?,"sql,sql fundamentals,order by",ORDER BY Interview Questions and Answers | InterviewPrep,Practice ORDER BY interview questions and answers for SQL candidates.,True
"What is JOINs, and why is it important in SQL?",what-is-joins-and-why-is-it-important-in-sql,SQL,SQL Fundamentals,Fresher,Easy,Technical,Interview preparation question about JOINs.,"Explain JOINs clearly, its purpose, how it works, and where it is used. Include a practical example relevant to the role.","A strong answer should define JOINs, explain its practical purpose, describe an example, and mention important limitations or trade-offs where relevant.",Definition; purpose; practical usage; example; important considerations,Giving only a memorized definition; confusing related concepts; omitting a practical example.,What are the advantages and limitations of JOINs?;Can you give a practical example of JOINs?,"sql,sql fundamentals,joins",JOINs Interview Questions and Answers | InterviewPrep,Practice JOINs interview questions and answers for SQL candidates.,True
How does JOINs work in SQL?,how-does-joins-work-in-sql,SQL,SQL Fundamentals,0-1 Years,Medium,Technical,Interview preparation question about JOINs.,"Explain JOINs clearly, its purpose, how it works, and where it is used. Include a practical example relevant to the role.","A strong answer should define JOINs, explain its practical purpose, describe an example, and mention important limitations or trade-offs where relevant.",Definition; purpose; practical usage; example; important considerations,Giving only a memorized definition; confusing related concepts; omitting a practical example.,What are the advantages and limitations of JOINs?;Can you give a practical example of JOINs?,"sql,sql fundamentals,joins",JOINs Interview Questions and Answers | InterviewPrep,Practice JOINs interview questions and answers for SQL candidates.,True
What are the common mistakes candidates make when explaining JOINs?,what-are-the-common-mistakes-candidates-make-when-explaining-joins,SQL,SQL Fundamentals,1-3 Years,Medium,Technical,Interview preparation question about JOINs.,"Explain JOINs clearly, its purpose, how it works, and where it is used. Include a practical example relevant to the role.","A strong answer should define JOINs, explain its practical purpose, describe an example, and mention important limitations or trade-offs where relevant.",Definition; purpose; practical usage; example; important considerations,Giving only a memorized definition; confusing related concepts; omitting a practical example.,What are the advantages and limitations of JOINs?;Can you give a practical example of JOINs?,"sql,sql fundamentals,joins",JOINs Interview Questions and Answers | InterviewPrep,Practice JOINs interview questions and answers for SQL candidates.,True
"What is INNER JOIN, and why is it important in SQL?",what-is-inner-join-and-why-is-it-important-in-sql,SQL,SQL Fundamentals,Fresher,Easy,Technical,Interview preparation question about INNER JOIN.,"Explain INNER JOIN clearly, its purpose, how it works, and where it is used. Include a practical example relevant to the role.","A strong answer should define INNER JOIN, explain its practical purpose, describe an example, and mention important limitations or trade-offs where relevant.",Definition; purpose; practical usage; example; important considerations,Giving only a memorized definition; confusing related concepts; omitting a practical example.,What are the advantages and limitations of INNER JOIN?;Can you give a practical example of INNER JOIN?,"sql,sql fundamentals,inner join",INNER JOIN Interview Questions and Answers | InterviewPrep,Practice INNER JOIN interview questions and answers for SQL candidates.,True
How does INNER JOIN work in SQL?,how-does-inner-join-work-in-sql,SQL,SQL Fundamentals,0-1 Years,Medium,Technical,Interview preparation question about INNER JOIN.,"Explain INNER JOIN clearly, its purpose, how it works, and where it is used. Include a practical example relevant to the role.","A strong answer should define INNER JOIN, explain its practical purpose, describe an example, and mention important limitations or trade-offs where relevant.",Definition; purpose; practical usage; example; important considerations,Giving only a memorized definition; confusing related concepts; omitting a practical example.,What are the advantages and limitations of INNER JOIN?;Can you give a practical example of INNER JOIN?,"sql,sql fundamentals,inner join",INNER JOIN Interview Questions and Answers | InterviewPrep,Practice INNER JOIN interview questions and answers for SQL candidates.,True
What are the common mistakes candidates make when explaining INNER JOIN?,what-are-the-common-mistakes-candidates-make-when-explaining-inner-join,SQL,SQL Fundamentals,1-3 Years,Medium,Technical,Interview preparation question about INNER JOIN.,"Explain INNER JOIN clearly, its purpose, how it works, and where it is used. Include a practical example relevant to the role.","A strong answer should define INNER JOIN, explain its practical purpose, describe an example, and mention important limitations or trade-offs where relevant.",Definition; purpose; practical usage; example; important considerations,Giving only a memorized definition; confusing related concepts; omitting a practical example.,What are the advantages and limitations of INNER JOIN?;Can you give a practical example of INNER JOIN?,"sql,sql fundamentals,inner join",INNER JOIN Interview Questions and Answers | InterviewPrep,Practice INNER JOIN interview questions and answers for SQL candidates.,True
"What is LEFT JOIN, and why is it important in SQL?",what-is-left-join-and-why-is-it-important-in-sql,SQL,SQL Fundamentals,Fresher,Easy,Technical,Interview preparation question about LEFT JOIN.,"Explain LEFT JOIN clearly, its purpose, how it works, and where it is used. Include a practical example relevant to the role.","A strong answer should define LEFT JOIN, explain its practical purpose, describe an example, and mention important limitations or trade-offs where relevant.",Definition; purpose; practical usage; example; important considerations,Giving only a memorized definition; confusing related concepts; omitting a practical example.,What are the advantages and limitations of LEFT JOIN?;Can you give a practical example of LEFT JOIN?,"sql,sql fundamentals,left join",LEFT JOIN Interview Questions and Answers | InterviewPrep,Practice LEFT JOIN interview questions and answers for SQL candidates.,True
How does LEFT JOIN work in SQL?,how-does-left-join-work-in-sql,SQL,SQL Fundamentals,0-1 Years,Medium,Technical,Interview preparation question about LEFT JOIN.,"Explain LEFT JOIN clearly, its purpose, how it works, and where it is used. Include a practical example relevant to the role.","A strong answer should define LEFT JOIN, explain its practical purpose, describe an example, and mention important limitations or trade-offs where relevant.",Definition; purpose; practical usage; example; important considerations,Giving only a memorized definition; confusing related concepts; omitting a practical example.,What are the advantages and limitations of LEFT JOIN?;Can you give a practical example of LEFT JOIN?,"sql,sql fundamentals,left join",LEFT JOIN Interview Questions and Answers | InterviewPrep,Practice LEFT JOIN interview questions and answers for SQL candidates.,True
What are the common mistakes candidates make when explaining LEFT JOIN?,what-are-the-common-mistakes-candidates-make-when-explaining-left-join,SQL,SQL Fundamentals,1-3 Years,Medium,Technical,Interview preparation question about LEFT JOIN.,"Explain LEFT JOIN clearly, its purpose, how it works, and where it is used. Include a practical example relevant to the role.","A strong answer should define LEFT JOIN, explain its practical purpose, describe an example, and mention important limitations or trade-offs where relevant.",Definition; purpose; practical usage; example; important considerations,Giving only a memorized definition; confusing related concepts; omitting a practical example.,What are the advantages and limitations of LEFT JOIN?;Can you give a practical example of LEFT JOIN?,"sql,sql fundamentals,left join",LEFT JOIN Interview Questions and Answers | InterviewPrep,Practice LEFT JOIN interview questions and answers for SQL candidates.,True
"What is RIGHT JOIN, and why is it important in SQL?",what-is-right-join-and-why-is-it-important-in-sql,SQL,SQL Fundamentals,Fresher,Easy,Technical,Interview preparation question about RIGHT JOIN.,"Explain RIGHT JOIN clearly, its purpose, how it works, and where it is used. Include a practical example relevant to the role.","A strong answer should define RIGHT JOIN, explain its practical purpose, describe an example, and mention important limitations or trade-offs where relevant.",Definition; purpose; practical usage; example; important considerations,Giving only a memorized definition; confusing related concepts; omitting a practical example.,What are the advantages and limitations of RIGHT JOIN?;Can you give a practical example of RIGHT JOIN?,"sql,sql fundamentals,right join",RIGHT JOIN Interview Questions and Answers | InterviewPrep,Practice RIGHT JOIN interview questions and answers for SQL candidates.,True
How does RIGHT JOIN work in SQL?,how-does-right-join-work-in-sql,SQL,SQL Fundamentals,0-1 Years,Medium,Technical,Interview preparation question about RIGHT JOIN.,"Explain RIGHT JOIN clearly, its purpose, how it works, and where it is used. Include a practical example relevant to the role.","A strong answer should define RIGHT JOIN, explain its practical purpose, describe an example, and mention important limitations or trade-offs where relevant.",Definition; purpose; practical usage; example; important considerations,Giving only a memorized definition; confusing related concepts; omitting a practical example.,What are the advantages and limitations of RIGHT JOIN?;Can you give a practical example of RIGHT JOIN?,"sql,sql fundamentals,right join",RIGHT JOIN Interview Questions and Answers | InterviewPrep,Practice RIGHT JOIN interview questions and answers for SQL candidates.,True
What are the common mistakes candidates make when explaining RIGHT JOIN?,what-are-the-common-mistakes-candidates-make-when-explaining-right-join,SQL,SQL Fundamentals,1-3 Years,Medium,Technical,Interview preparation question about RIGHT JOIN.,"Explain RIGHT JOIN clearly, its purpose, how it works, and where it is used. Include a practical example relevant to the role.","A strong answer should define RIGHT JOIN, explain its practical purpose, describe an example, and mention important limitations or trade-offs where relevant.",Definition; purpose; practical usage; example; important considerations,Giving only a memorized definition; confusing related concepts; omitting a practical example.,What are the advantages and limitations of RIGHT JOIN?;Can you give a practical example of RIGHT JOIN?,"sql,sql fundamentals,right join",RIGHT JOIN Interview Questions and Answers | InterviewPrep,Practice RIGHT JOIN interview questions and answers for SQL candidates.,True
"What is FULL JOIN, and why is it important in SQL?",what-is-full-join-and-why-is-it-important-in-sql,SQL,SQL Fundamentals,Fresher,Easy,Technical,Interview preparation question about FULL JOIN.,"Explain FULL JOIN clearly, its purpose, how it works, and where it is used. Include a practical example relevant to the role.","A strong answer should define FULL JOIN, explain its practical purpose, describe an example, and mention important limitations or trade-offs where relevant.",Definition; purpose; practical usage; example; important considerations,Giving only a memorized definition; confusing related concepts; omitting a practical example.,What are the advantages and limitations of FULL JOIN?;Can you give a practical example of FULL JOIN?,"sql,sql fundamentals,full join",FULL JOIN Interview Questions and Answers | InterviewPrep,Practice FULL JOIN interview questions and answers for SQL candidates.,True
How does FULL JOIN work in SQL?,how-does-full-join-work-in-sql,SQL,SQL Fundamentals,0-1 Years,Medium,Technical,Interview preparation question about FULL JOIN.,"Explain FULL JOIN clearly, its purpose, how it works, and where it is used. Include a practical example relevant to the role.","A strong answer should define FULL JOIN, explain its practical purpose, describe an example, and mention important limitations or trade-offs where relevant.",Definition; purpose; practical usage; example; important considerations,Giving only a memorized definition; confusing related concepts; omitting a practical example.,What are the advantages and limitations of FULL JOIN?;Can you give a practical example of FULL JOIN?,"sql,sql fundamentals,full join",FULL JOIN Interview Questions and Answers | InterviewPrep,Practice FULL JOIN interview questions and answers for SQL candidates.,True
What are the common mistakes candidates make when explaining FULL JOIN?,what-are-the-common-mistakes-candidates-make-when-explaining-full-join,SQL,SQL Fundamentals,1-3 Years,Medium,Technical,Interview preparation question about FULL JOIN.,"Explain FULL JOIN clearly, its purpose, how it works, and where it is used. Include a practical example relevant to the role.","A strong answer should define FULL JOIN, explain its practical purpose, describe an example, and mention important limitations or trade-offs where relevant.",Definition; purpose; practical usage; example; important considerations,Giving only a memorized definition; confusing related concepts; omitting a practical example.,What are the advantages and limitations of FULL JOIN?;Can you give a practical example of FULL JOIN?,"sql,sql fundamentals,full join",FULL JOIN Interview Questions and Answers | InterviewPrep,Practice FULL JOIN interview questions and answers for SQL candidates.,True
"What is subqueries, and why is it important in SQL?",what-is-subqueries-and-why-is-it-important-in-sql,SQL,SQL Fundamentals,Fresher,Easy,Technical,Interview preparation question about subqueries.,"Explain subqueries clearly, its purpose, how it works, and where it is used. Include a practical example relevant to the role.","A strong answer should define subqueries, explain its practical purpose, describe an example, and mention important limitations or trade-offs where relevant.",Definition; purpose; practical usage; example; important considerations,Giving only a memorized definition; confusing related concepts; omitting a practical example.,What are the advantages and limitations of subqueries?;Can you give a practical example of subqueries?,"sql,sql fundamentals,subqueries",subqueries Interview Questions and Answers | InterviewPrep,Practice subqueries interview questions and answers for SQL candidates.,True
How does subqueries work in SQL?,how-does-subqueries-work-in-sql,SQL,SQL Fundamentals,0-1 Years,Medium,Technical,Interview preparation question about subqueries.,"Explain subqueries clearly, its purpose, how it works, and where it is used. Include a practical example relevant to the role.","A strong answer should define subqueries, explain its practical purpose, describe an example, and mention important limitations or trade-offs where relevant.",Definition; purpose; practical usage; example; important considerations,Giving only a memorized definition; confusing related concepts; omitting a practical example.,What are the advantages and limitations of subqueries?;Can you give a practical example of subqueries?,"sql,sql fundamentals,subqueries",subqueries Interview Questions and Answers | InterviewPrep,Practice subqueries interview questions and answers for SQL candidates.,True
What are the common mistakes candidates make when explaining subqueries?,what-are-the-common-mistakes-candidates-make-when-explaining-subqueries,SQL,SQL Fundamentals,1-3 Years,Medium,Technical,Interview preparation question about subqueries.,"Explain subqueries clearly, its purpose, how it works, and where it is used. Include a practical example relevant to the role.","A strong answer should define subqueries, explain its practical purpose, describe an example, and mention important limitations or trade-offs where relevant.",Definition; purpose; practical usage; example; important considerations,Giving only a memorized definition; confusing related concepts; omitting a practical example.,What are the advantages and limitations of subqueries?;Can you give a practical example of subqueries?,"sql,sql fundamentals,subqueries",subqueries Interview Questions and Answers | InterviewPrep,Practice subqueries interview questions and answers for SQL candidates.,True
"What is CTEs, and why is it important in SQL?",what-is-ctes-and-why-is-it-important-in-sql,SQL,SQL Fundamentals,Fresher,Easy,Technical,Interview preparation question about CTEs.,"Explain CTEs clearly, its purpose, how it works, and where it is used. Include a practical example relevant to the role.","A strong answer should define CTEs, explain its practical purpose, describe an example, and mention important limitations or trade-offs where relevant.",Definition; purpose; practical usage; example; important considerations,Giving only a memorized definition; confusing related concepts; omitting a practical example.,What are the advantages and limitations of CTEs?;Can you give a practical example of CTEs?,"sql,sql fundamentals,ctes",CTEs Interview Questions and Answers | InterviewPrep,Practice CTEs interview questions and answers for SQL candidates.,True
How does CTEs work in SQL?,how-does-ctes-work-in-sql,SQL,SQL Fundamentals,0-1 Years,Medium,Technical,Interview preparation question about CTEs.,"Explain CTEs clearly, its purpose, how it works, and where it is used. Include a practical example relevant to the role.","A strong answer should define CTEs, explain its practical purpose, describe an example, and mention important limitations or trade-offs where relevant.",Definition; purpose; practical usage; example; important considerations,Giving only a memorized definition; confusing related concepts; omitting a practical example.,What are the advantages and limitations of CTEs?;Can you give a practical example of CTEs?,"sql,sql fundamentals,ctes",CTEs Interview Questions and Answers | InterviewPrep,Practice CTEs interview questions and answers for SQL candidates.,True
What are the common mistakes candidates make when explaining CTEs?,what-are-the-common-mistakes-candidates-make-when-explaining-ctes,SQL,SQL Fundamentals,1-3 Years,Medium,Technical,Interview preparation question about CTEs.,"Explain CTEs clearly, its purpose, how it works, and where it is used. Include a practical example relevant to the role.","A strong answer should define CTEs, explain its practical purpose, describe an example, and mention important limitations or trade-offs where relevant.",Definition; purpose; practical usage; example; important considerations,Giving only a memorized definition; confusing related concepts; omitting a practical example.,What are the advantages and limitations of CTEs?;Can you give a practical example of CTEs?,"sql,sql fundamentals,ctes",CTEs Interview Questions and Answers | InterviewPrep,Practice CTEs interview questions and answers for SQL candidates.,True
"What is window functions, and why is it important in SQL?",what-is-window-functions-and-why-is-it-important-in-sql,SQL,SQL Fundamentals,Fresher,Easy,Technical,Interview preparation question about window functions.,"Explain window functions clearly, its purpose, how it works, and where it is used. Include a practical example relevant to the role.","A strong answer should define window functions, explain its practical purpose, describe an example, and mention important limitations or trade-offs where relevant.",Definition; purpose; practical usage; example; important considerations,Giving only a memorized definition; confusing related concepts; omitting a practical example.,What are the advantages and limitations of window functions?;Can you give a practical example of window functions?,"sql,sql fundamentals,window functions",window functions Interview Questions and Answers | InterviewPrep,Practice window functions interview questions and answers for SQL candidates.,True
How does window functions work in SQL?,how-does-window-functions-work-in-sql,SQL,SQL Fundamentals,0-1 Years,Medium,Technical,Interview preparation question about window functions.,"Explain window functions clearly, its purpose, how it works, and where it is used. Include a practical example relevant to the role.","A strong answer should define window functions, explain its practical purpose, describe an example, and mention important limitations or trade-offs where relevant.",Definition; purpose; practical usage; example; important considerations,Giving only a memorized definition; confusing related concepts; omitting a practical example.,What are the advantages and limitations of window functions?;Can you give a practical example of window functions?,"sql,sql fundamentals,window functions",window functions Interview Questions and Answers | InterviewPrep,Practice window functions interview questions and answers for SQL candidates.,True
What are the common mistakes candidates make when explaining window functions?,what-are-the-common-mistakes-candidates-make-when-explaining-window-functions,SQL,SQL Fundamentals,1-3 Years,Medium,Technical,Interview preparation question about window functions.,"Explain window functions clearly, its purpose, how it works, and where it is used. Include a practical example relevant to the role.","A strong answer should define window functions, explain its practical purpose, describe an example, and mention important limitations or trade-offs where relevant.",Definition; purpose; practical usage; example; important considerations,Giving only a memorized definition; confusing related concepts; omitting a practical example.,What are the advantages and limitations of window functions?;Can you give a practical example of window functions?,"sql,sql fundamentals,window functions",window functions Interview Questions and Answers | InterviewPrep,Practice window functions interview questions and answers for SQL candidates.,True
"What is ROW_NUMBER, and why is it important in SQL?",what-is-row-number-and-why-is-it-important-in-sql,SQL,SQL Fundamentals,Fresher,Easy,Technical,Interview preparation question about ROW_NUMBER.,"Explain ROW_NUMBER clearly, its purpose, how it works, and where it is used. Include a practical example relevant to the role.","A strong answer should define ROW_NUMBER, explain its practical purpose, describe an example, and mention important limitations or trade-offs where relevant.",Definition; purpose; practical usage; example; important considerations,Giving only a memorized definition; confusing related concepts; omitting a practical example.,What are the advantages and limitations of ROW_NUMBER?;Can you give a practical example of ROW_NUMBER?,"sql,sql fundamentals,row_number",ROW_NUMBER Interview Questions and Answers | InterviewPrep,Practice ROW_NUMBER interview questions and answers for SQL candidates.,True
How does ROW_NUMBER work in SQL?,how-does-row-number-work-in-sql,SQL,SQL Fundamentals,0-1 Years,Medium,Technical,Interview preparation question about ROW_NUMBER.,"Explain ROW_NUMBER clearly, its purpose, how it works, and where it is used. Include a practical example relevant to the role.","A strong answer should define ROW_NUMBER, explain its practical purpose, describe an example, and mention important limitations or trade-offs where relevant.",Definition; purpose; practical usage; example; important considerations,Giving only a memorized definition; confusing related concepts; omitting a practical example.,What are the advantages and limitations of ROW_NUMBER?;Can you give a practical example of ROW_NUMBER?,"sql,sql fundamentals,row_number",ROW_NUMBER Interview Questions and Answers | InterviewPrep,Practice ROW_NUMBER interview questions and answers for SQL candidates.,True
What are the common mistakes candidates make when explaining ROW_NUMBER?,what-are-the-common-mistakes-candidates-make-when-explaining-row-number,SQL,SQL Fundamentals,1-3 Years,Medium,Technical,Interview preparation question about ROW_NUMBER.,"Explain ROW_NUMBER clearly, its purpose, how it works, and where it is used. Include a practical example relevant to the role.","A strong answer should define ROW_NUMBER, explain its practical purpose, describe an example, and mention important limitations or trade-offs where relevant.",Definition; purpose; practical usage; example; important considerations,Giving only a memorized definition; confusing related concepts; omitting a practical example.,What are the advantages and limitations of ROW_NUMBER?;Can you give a practical example of ROW_NUMBER?,"sql,sql fundamentals,row_number",ROW_NUMBER Interview Questions and Answers | InterviewPrep,Practice ROW_NUMBER interview questions and answers for SQL candidates.,True
"What is RANK, and why is it important in SQL?",what-is-rank-and-why-is-it-important-in-sql,SQL,SQL Fundamentals,Fresher,Easy,Technical,Interview preparation question about RANK.,"Explain RANK clearly, its purpose, how it works, and where it is used. Include a practical example relevant to the role.","A strong answer should define RANK, explain its practical purpose, describe an example, and mention important limitations or trade-offs where relevant.",Definition; purpose; practical usage; example; important considerations,Giving only a memorized definition; confusing related concepts; omitting a practical example.,What are the advantages and limitations of RANK?;Can you give a practical example of RANK?,"sql,sql fundamentals,rank",RANK Interview Questions and Answers | InterviewPrep,Practice RANK interview questions and answers for SQL candidates.,True
How does RANK work in SQL?,how-does-rank-work-in-sql,SQL,SQL Fundamentals,0-1 Years,Medium,Technical,Interview preparation question about RANK.,"Explain RANK clearly, its purpose, how it works, and where it is used. Include a practical example relevant to the role.","A strong answer should define RANK, explain its practical purpose, describe an example, and mention important limitations or trade-offs where relevant.",Definition; purpose; practical usage; example; important considerations,Giving only a memorized definition; confusing related concepts; omitting a practical example.,What are the advantages and limitations of RANK?;Can you give a practical example of RANK?,"sql,sql fundamentals,rank",RANK Interview Questions and Answers | InterviewPrep,Practice RANK interview questions and answers for SQL candidates.,True
What are the common mistakes candidates make when explaining RANK?,what-are-the-common-mistakes-candidates-make-when-explaining-rank,SQL,SQL Fundamentals,1-3 Years,Medium,Technical,Interview preparation question about RANK.,"Explain RANK clearly, its purpose, how it works, and where it is used. Include a practical example relevant to the role.","A strong answer should define RANK, explain its practical purpose, describe an example, and mention important limitations or trade-offs where relevant.",Definition; purpose; practical usage; example; important considerations,Giving only a memorized definition; confusing related concepts; omitting a practical example.,What are the advantages and limitations of RANK?;Can you give a practical example of RANK?,"sql,sql fundamentals,rank",RANK Interview Questions and Answers | InterviewPrep,Practice RANK interview questions and answers for SQL candidates.,True
"What is DENSE_RANK, and why is it important in SQL?",what-is-dense-rank-and-why-is-it-important-in-sql,SQL,SQL Fundamentals,Fresher,Easy,Technical,Interview preparation question about DENSE_RANK.,"Explain DENSE_RANK clearly, its purpose, how it works, and where it is used. Include a practical example relevant to the role.","A strong answer should define DENSE_RANK, explain its practical purpose, describe an example, and mention important limitations or trade-offs where relevant.",Definition; purpose; practical usage; example; important considerations,Giving only a memorized definition; confusing related concepts; omitting a practical example.,What are the advantages and limitations of DENSE_RANK?;Can you give a practical example of DENSE_RANK?,"sql,sql fundamentals,dense_rank",DENSE_RANK Interview Questions and Answers | InterviewPrep,Practice DENSE_RANK interview questions and answers for SQL candidates.,True
How does DENSE_RANK work in SQL?,how-does-dense-rank-work-in-sql,SQL,SQL Fundamentals,0-1 Years,Medium,Technical,Interview preparation question about DENSE_RANK.,"Explain DENSE_RANK clearly, its purpose, how it works, and where it is used. Include a practical example relevant to the role.","A strong answer should define DENSE_RANK, explain its practical purpose, describe an example, and mention important limitations or trade-offs where relevant.",Definition; purpose; practical usage; example; important considerations,Giving only a memorized definition; confusing related concepts; omitting a practical example.,What are the advantages and limitations of DENSE_RANK?;Can you give a practical example of DENSE_RANK?,"sql,sql fundamentals,dense_rank",DENSE_RANK Interview Questions and Answers | InterviewPrep,Practice DENSE_RANK interview questions and answers for SQL candidates.,True
What are the common mistakes candidates make when explaining DENSE_RANK?,what-are-the-common-mistakes-candidates-make-when-explaining-dense-rank,SQL,SQL Fundamentals,1-3 Years,Medium,Technical,Interview preparation question about DENSE_RANK.,"Explain DENSE_RANK clearly, its purpose, how it works, and where it is used. Include a practical example relevant to the role.","A strong answer should define DENSE_RANK, explain its practical purpose, describe an example, and mention important limitations or trade-offs where relevant.",Definition; purpose; practical usage; example; important considerations,Giving only a memorized definition; confusing related concepts; omitting a practical example.,What are the advantages and limitations of DENSE_RANK?;Can you give a practical example of DENSE_RANK?,"sql,sql fundamentals,dense_rank",DENSE_RANK Interview Questions and Answers | InterviewPrep,Practice DENSE_RANK interview questions and answers for SQL candidates.,True
"What is indexes, and why is it important in SQL?",what-is-indexes-and-why-is-it-important-in-sql,SQL,SQL Fundamentals,Fresher,Easy,Technical,Interview preparation question about indexes.,"Explain indexes clearly, its purpose, how it works, and where it is used. Include a practical example relevant to the role.","A strong answer should define indexes, explain its practical purpose, describe an example, and mention important limitations or trade-offs where relevant.",Definition; purpose; practical usage; example; important considerations,Giving only a memorized definition; confusing related concepts; omitting a practical example.,What are the advantages and limitations of indexes?;Can you give a practical example of indexes?,"sql,sql fundamentals,indexes",indexes Interview Questions and Answers | InterviewPrep,Practice indexes interview questions and answers for SQL candidates.,True
How does indexes work in SQL?,how-does-indexes-work-in-sql,SQL,SQL Fundamentals,0-1 Years,Medium,Technical,Interview preparation question about indexes.,"Explain indexes clearly, its purpose, how it works, and where it is used. Include a practical example relevant to the role.","A strong answer should define indexes, explain its practical purpose, describe an example, and mention important limitations or trade-offs where relevant.",Definition; purpose; practical usage; example; important considerations,Giving only a memorized definition; confusing related concepts; omitting a practical example.,What are the advantages and limitations of indexes?;Can you give a practical example of indexes?,"sql,sql fundamentals,indexes",indexes Interview Questions and Answers | InterviewPrep,Practice indexes interview questions and answers for SQL candidates.,True
What are the common mistakes candidates make when explaining indexes?,what-are-the-common-mistakes-candidates-make-when-explaining-indexes,SQL,SQL Fundamentals,1-3 Years,Medium,Technical,Interview preparation question about indexes.,"Explain indexes clearly, its purpose, how it works, and where it is used. Include a practical example relevant to the role.","A strong answer should define indexes, explain its practical purpose, describe an example, and mention important limitations or trade-offs where relevant.",Definition; purpose; practical usage; example; important considerations,Giving only a memorized definition; confusing related concepts; omitting a practical example.,What are the advantages and limitations of indexes?;Can you give a practical example of indexes?,"sql,sql fundamentals,indexes",indexes Interview Questions and Answers | InterviewPrep,Practice indexes interview questions and answers for SQL candidates.,True
"What is composite indexes, and why is it important in SQL?",what-is-composite-indexes-and-why-is-it-important-in-sql,SQL,SQL Fundamentals,Fresher,Easy,Technical,Interview preparation question about composite indexes.,"Explain composite indexes clearly, its purpose, how it works, and where it is used. Include a practical example relevant to the role.","A strong answer should define composite indexes, explain its practical purpose, describe an example, and mention important limitations or trade-offs where relevant.",Definition; purpose; practical usage; example; important considerations,Giving only a memorized definition; confusing related concepts; omitting a practical example.,What are the advantages and limitations of composite indexes?;Can you give a practical example of composite indexes?,"sql,sql fundamentals,composite indexes",composite indexes Interview Questions and Answers | InterviewPrep,Practice composite indexes interview questions and answers for SQL candidates.,True
How does composite indexes work in SQL?,how-does-composite-indexes-work-in-sql,SQL,SQL Fundamentals,0-1 Years,Medium,Technical,Interview preparation question about composite indexes.,"Explain composite indexes clearly, its purpose, how it works, and where it is used. Include a practical example relevant to the role.","A strong answer should define composite indexes, explain its practical purpose, describe an example, and mention important limitations or trade-offs where relevant.",Definition; purpose; practical usage; example; important considerations,Giving only a memorized definition; confusing related concepts; omitting a practical example.,What are the advantages and limitations of composite indexes?;Can you give a practical example of composite indexes?,"sql,sql fundamentals,composite indexes",composite indexes Interview Questions and Answers | InterviewPrep,Practice composite indexes interview questions and answers for SQL candidates.,True
What are the common mistakes candidates make when explaining composite indexes?,what-are-the-common-mistakes-candidates-make-when-explaining-composite-indexes,SQL,SQL Fundamentals,1-3 Years,Medium,Technical,Interview preparation question about composite indexes.,"Explain composite indexes clearly, its purpose, how it works, and where it is used. Include a practical example relevant to the role.","A strong answer should define composite indexes, explain its practical purpose, describe an example, and mention important limitations or trade-offs where relevant.",Definition; purpose; practical usage; example; important considerations,Giving only a memorized definition; confusing related concepts; omitting a practical example.,What are the advantages and limitations of composite indexes?;Can you give a practical example of composite indexes?,"sql,sql fundamentals,composite indexes",composite indexes Interview Questions and Answers | InterviewPrep,Practice composite indexes interview questions and answers for SQL candidates.,True
"What is primary keys, and why is it important in SQL?",what-is-primary-keys-and-why-is-it-important-in-sql,SQL,SQL Fundamentals,Fresher,Easy,Technical,Interview preparation question about primary keys.,"Explain primary keys clearly, its purpose, how it works, and where it is used. Include a practical example relevant to the role.","A strong answer should define primary keys, explain its practical purpose, describe an example, and mention important limitations or trade-offs where relevant.",Definition; purpose; practical usage; example; important considerations,Giving only a memorized definition; confusing related concepts; omitting a practical example.,What are the advantages and limitations of primary keys?;Can you give a practical example of primary keys?,"sql,sql fundamentals,primary keys",primary keys Interview Questions and Answers | InterviewPrep,Practice primary keys interview questions and answers for SQL candidates.,True
How does primary keys work in SQL?,how-does-primary-keys-work-in-sql,SQL,SQL Fundamentals,0-1 Years,Medium,Technical,Interview preparation question about primary keys.,"Explain primary keys clearly, its purpose, how it works, and where it is used. Include a practical example relevant to the role.","A strong answer should define primary keys, explain its practical purpose, describe an example, and mention important limitations or trade-offs where relevant.",Definition; purpose; practical usage; example; important considerations,Giving only a memorized definition; confusing related concepts; omitting a practical example.,What are the advantages and limitations of primary keys?;Can you give a practical example of primary keys?,"sql,sql fundamentals,primary keys",primary keys Interview Questions and Answers | InterviewPrep,Practice primary keys interview questions and answers for SQL candidates.,True
What are the common mistakes candidates make when explaining primary keys?,what-are-the-common-mistakes-candidates-make-when-explaining-primary-keys,SQL,SQL Fundamentals,1-3 Years,Medium,Technical,Interview preparation question about primary keys.,"Explain primary keys clearly, its purpose, how it works, and where it is used. Include a practical example relevant to the role.","A strong answer should define primary keys, explain its practical purpose, describe an example, and mention important limitations or trade-offs where relevant.",Definition; purpose; practical usage; example; important considerations,Giving only a memorized definition; confusing related concepts; omitting a practical example.,What are the advantages and limitations of primary keys?;Can you give a practical example of primary keys?,"sql,sql fundamentals,primary keys",primary keys Interview Questions and Answers | InterviewPrep,Practice primary keys interview questions and answers for SQL candidates.,True
"What is foreign keys, and why is it important in SQL?",what-is-foreign-keys-and-why-is-it-important-in-sql,SQL,SQL Fundamentals,Fresher,Easy,Technical,Interview preparation question about foreign keys.,"Explain foreign keys clearly, its purpose, how it works, and where it is used. Include a practical example relevant to the role.","A strong answer should define foreign keys, explain its practical purpose, describe an example, and mention important limitations or trade-offs where relevant.",Definition; purpose; practical usage; example; important considerations,Giving only a memorized definition; confusing related concepts; omitting a practical example.,What are the advantages and limitations of foreign keys?;Can you give a practical example of foreign keys?,"sql,sql fundamentals,foreign keys",foreign keys Interview Questions and Answers | InterviewPrep,Practice foreign keys interview questions and answers for SQL candidates.,True
How does foreign keys work in SQL?,how-does-foreign-keys-work-in-sql,SQL,SQL Fundamentals,0-1 Years,Medium,Technical,Interview preparation question about foreign keys.,"Explain foreign keys clearly, its purpose, how it works, and where it is used. Include a practical example relevant to the role.","A strong answer should define foreign keys, explain its practical purpose, describe an example, and mention important limitations or trade-offs where relevant.",Definition; purpose; practical usage; example; important considerations,Giving only a memorized definition; confusing related concepts; omitting a practical example.,What are the advantages and limitations of foreign keys?;Can you give a practical example of foreign keys?,"sql,sql fundamentals,foreign keys",foreign keys Interview Questions and Answers | InterviewPrep,Practice foreign keys interview questions and answers for SQL candidates.,True
What are the common mistakes candidates make when explaining foreign keys?,what-are-the-common-mistakes-candidates-make-when-explaining-foreign-keys,SQL,SQL Fundamentals,1-3 Years,Medium,Technical,Interview preparation question about foreign keys.,"Explain foreign keys clearly, its purpose, how it works, and where it is used. Include a practical example relevant to the role.","A strong answer should define foreign keys, explain its practical purpose, describe an example, and mention important limitations or trade-offs where relevant.",Definition; purpose; practical usage; example; important considerations,Giving only a memorized definition; confusing related concepts; omitting a practical example.,What are the advantages and limitations of foreign keys?;Can you give a practical example of foreign keys?,"sql,sql fundamentals,foreign keys",foreign keys Interview Questions and Answers | InterviewPrep,Practice foreign keys interview questions and answers for SQL candidates.,True
"What is constraints, and why is it important in SQL?",what-is-constraints-and-why-is-it-important-in-sql,SQL,SQL Fundamentals,Fresher,Easy,Technical,Interview preparation question about constraints.,"Explain constraints clearly, its purpose, how it works, and where it is used. Include a practical example relevant to the role.","A strong answer should define constraints, explain its practical purpose, describe an example, and mention important limitations or trade-offs where relevant.",Definition; purpose; practical usage; example; important considerations,Giving only a memorized definition; confusing related concepts; omitting a practical example.,What are the advantages and limitations of constraints?;Can you give a practical example of constraints?,"sql,sql fundamentals,constraints",constraints Interview Questions and Answers | InterviewPrep,Practice constraints interview questions and answers for SQL candidates.,True
How does constraints work in SQL?,how-does-constraints-work-in-sql,SQL,SQL Fundamentals,0-1 Years,Medium,Technical,Interview preparation question about constraints.,"Explain constraints clearly, its purpose, how it works, and where it is used. Include a practical example relevant to the role.","A strong answer should define constraints, explain its practical purpose, describe an example, and mention important limitations or trade-offs where relevant.",Definition; purpose; practical usage; example; important considerations,Giving only a memorized definition; confusing related concepts; omitting a practical example.,What are the advantages and limitations of constraints?;Can you give a practical example of constraints?,"sql,sql fundamentals,constraints",constraints Interview Questions and Answers | InterviewPrep,Practice constraints interview questions and answers for SQL candidates.,True
What are the common mistakes candidates make when explaining constraints?,what-are-the-common-mistakes-candidates-make-when-explaining-constraints,SQL,SQL Fundamentals,1-3 Years,Medium,Technical,Interview preparation question about constraints.,"Explain constraints clearly, its purpose, how it works, and where it is used. Include a practical example relevant to the role.","A strong answer should define constraints, explain its practical purpose, describe an example, and mention important limitations or trade-offs where relevant.",Definition; purpose; practical usage; example; important considerations,Giving only a memorized definition; confusing related concepts; omitting a practical example.,What are the advantages and limitations of constraints?;Can you give a practical example of constraints?,"sql,sql fundamentals,constraints",constraints Interview Questions and Answers | InterviewPrep,Practice constraints interview questions and answers for SQL candidates.,True
"What is normalization, and why is it important in SQL?",what-is-normalization-and-why-is-it-important-in-sql,SQL,SQL Fundamentals,Fresher,Easy,Technical,Interview preparation question about normalization.,"Explain normalization clearly, its purpose, how it works, and where it is used. Include a practical example relevant to the role.","A strong answer should define normalization, explain its practical purpose, describe an example, and mention important limitations or trade-offs where relevant.",Definition; purpose; practical usage; example; important considerations,Giving only a memorized definition; confusing related concepts; omitting a practical example.,What are the advantages and limitations of normalization?;Can you give a practical example of normalization?,"sql,sql fundamentals,normalization",normalization Interview Questions and Answers | InterviewPrep,Practice normalization interview questions and answers for SQL candidates.,True
How does normalization work in SQL?,how-does-normalization-work-in-sql,SQL,SQL Fundamentals,0-1 Years,Medium,Technical,Interview preparation question about normalization.,"Explain normalization clearly, its purpose, how it works, and where it is used. Include a practical example relevant to the role.","A strong answer should define normalization, explain its practical purpose, describe an example, and mention important limitations or trade-offs where relevant.",Definition; purpose; practical usage; example; important considerations,Giving only a memorized definition; confusing related concepts; omitting a practical example.,What are the advantages and limitations of normalization?;Can you give a practical example of normalization?,"sql,sql fundamentals,normalization",normalization Interview Questions and Answers | InterviewPrep,Practice normalization interview questions and answers for SQL candidates.,True
What are the common mistakes candidates make when explaining normalization?,what-are-the-common-mistakes-candidates-make-when-explaining-normalization,SQL,SQL Fundamentals,1-3 Years,Medium,Technical,Interview preparation question about normalization.,"Explain normalization clearly, its purpose, how it works, and where it is used. Include a practical example relevant to the role.","A strong answer should define normalization, explain its practical purpose, describe an example, and mention important limitations or trade-offs where relevant.",Definition; purpose; practical usage; example; important considerations,Giving only a memorized definition; confusing related concepts; omitting a practical example.,What are the advantages and limitations of normalization?;Can you give a practical example of normalization?,"sql,sql fundamentals,normalization",normalization Interview Questions and Answers | InterviewPrep,Practice normalization interview questions and answers for SQL candidates.,True
"What is denormalization, and why is it important in SQL?",what-is-denormalization-and-why-is-it-important-in-sql,SQL,SQL Fundamentals,Fresher,Easy,Technical,Interview preparation question about denormalization.,"Explain denormalization clearly, its purpose, how it works, and where it is used. Include a practical example relevant to the role.","A strong answer should define denormalization, explain its practical purpose, describe an example, and mention important limitations or trade-offs where relevant.",Definition; purpose; practical usage; example; important considerations,Giving only a memorized definition; confusing related concepts; omitting a practical example.,What are the advantages and limitations of denormalization?;Can you give a practical example of denormalization?,"sql,sql fundamentals,denormalization",denormalization Interview Questions and Answers | InterviewPrep,Practice denormalization interview questions and answers for SQL candidates.,True
How does denormalization work in SQL?,how-does-denormalization-work-in-sql,SQL,SQL Fundamentals,0-1 Years,Medium,Technical,Interview preparation question about denormalization.,"Explain denormalization clearly, its purpose, how it works, and where it is used. Include a practical example relevant to the role.","A strong answer should define denormalization, explain its practical purpose, describe an example, and mention important limitations or trade-offs where relevant.",Definition; purpose; practical usage; example; important considerations,Giving only a memorized definition; confusing related concepts; omitting a practical example.,What are the advantages and limitations of denormalization?;Can you give a practical example of denormalization?,"sql,sql fundamentals,denormalization",denormalization Interview Questions and Answers | InterviewPrep,Practice denormalization interview questions and answers for SQL candidates.,True
What are the common mistakes candidates make when explaining denormalization?,what-are-the-common-mistakes-candidates-make-when-explaining-denormalization,SQL,SQL Fundamentals,1-3 Years,Medium,Technical,Interview preparation question about denormalization.,"Explain denormalization clearly, its purpose, how it works, and where it is used. Include a practical example relevant to the role.","A strong answer should define denormalization, explain its practical purpose, describe an example, and mention important limitations or trade-offs where relevant.",Definition; purpose; practical usage; example; important considerations,Giving only a memorized definition; confusing related concepts; omitting a practical example.,What are the advantages and limitations of denormalization?;Can you give a practical example of denormalization?,"sql,sql fundamentals,denormalization",denormalization Interview Questions and Answers | InterviewPrep,Practice denormalization interview questions and answers for SQL candidates.,True
"What is transactions, and why is it important in SQL?",what-is-transactions-and-why-is-it-important-in-sql,SQL,SQL Fundamentals,Fresher,Easy,Technical,Interview preparation question about transactions.,"Explain transactions clearly, its purpose, how it works, and where it is used. Include a practical example relevant to the role.","A strong answer should define transactions, explain its practical purpose, describe an example, and mention important limitations or trade-offs where relevant.",Definition; purpose; practical usage; example; important considerations,Giving only a memorized definition; confusing related concepts; omitting a practical example.,What are the advantages and limitations of transactions?;Can you give a practical example of transactions?,"sql,sql fundamentals,transactions",transactions Interview Questions and Answers | InterviewPrep,Practice transactions interview questions and answers for SQL candidates.,True
How does transactions work in SQL?,how-does-transactions-work-in-sql,SQL,SQL Fundamentals,0-1 Years,Medium,Technical,Interview preparation question about transactions.,"Explain transactions clearly, its purpose, how it works, and where it is used. Include a practical example relevant to the role.","A strong answer should define transactions, explain its practical purpose, describe an example, and mention important limitations or trade-offs where relevant.",Definition; purpose; practical usage; example; important considerations,Giving only a memorized definition; confusing related concepts; omitting a practical example.,What are the advantages and limitations of transactions?;Can you give a practical example of transactions?,"sql,sql fundamentals,transactions",transactions Interview Questions and Answers | InterviewPrep,Practice transactions interview questions and answers for SQL candidates.,True
What are the common mistakes candidates make when explaining transactions?,what-are-the-common-mistakes-candidates-make-when-explaining-transactions,SQL,SQL Fundamentals,1-3 Years,Medium,Technical,Interview preparation question about transactions.,"Explain transactions clearly, its purpose, how it works, and where it is used. Include a practical example relevant to the role.","A strong answer should define transactions, explain its practical purpose, describe an example, and mention important limitations or trade-offs where relevant.",Definition; purpose; practical usage; example; important considerations,Giving only a memorized definition; confusing related concepts; omitting a practical example.,What are the advantages and limitations of transactions?;Can you give a practical example of transactions?,"sql,sql fundamentals,transactions",transactions Interview Questions and Answers | InterviewPrep,Practice transactions interview questions and answers for SQL candidates.,True
"What is ACID, and why is it important in SQL?",what-is-acid-and-why-is-it-important-in-sql,SQL,SQL Fundamentals,Fresher,Easy,Technical,Interview preparation question about ACID.,"Explain ACID clearly, its purpose, how it works, and where it is used. Include a practical example relevant to the role.","A strong answer should define ACID, explain its practical purpose, describe an example, and mention important limitations or trade-offs where relevant.",Definition; purpose; practical usage; example; important considerations,Giving only a memorized definition; confusing related concepts; omitting a practical example.,What are the advantages and limitations of ACID?;Can you give a practical example of ACID?,"sql,sql fundamentals,acid",ACID Interview Questions and Answers | InterviewPrep,Practice ACID interview questions and answers for SQL candidates.,True
How does ACID work in SQL?,how-does-acid-work-in-sql,SQL,SQL Fundamentals,0-1 Years,Medium,Technical,Interview preparation question about ACID.,"Explain ACID clearly, its purpose, how it works, and where it is used. Include a practical example relevant to the role.","A strong answer should define ACID, explain its practical purpose, describe an example, and mention important limitations or trade-offs where relevant.",Definition; purpose; practical usage; example; important considerations,Giving only a memorized definition; confusing related concepts; omitting a practical example.,What are the advantages and limitations of ACID?;Can you give a practical example of ACID?,"sql,sql fundamentals,acid",ACID Interview Questions and Answers | InterviewPrep,Practice ACID interview questions and answers for SQL candidates.,True
What are the common mistakes candidates make when explaining ACID?,what-are-the-common-mistakes-candidates-make-when-explaining-acid,SQL,SQL Fundamentals,1-3 Years,Medium,Technical,Interview preparation question about ACID.,"Explain ACID clearly, its purpose, how it works, and where it is used. Include a practical example relevant to the role.","A strong answer should define ACID, explain its practical purpose, describe an example, and mention important limitations or trade-offs where relevant.",Definition; purpose; practical usage; example; important considerations,Giving only a memorized definition; confusing related concepts; omitting a practical example.,What are the advantages and limitations of ACID?;Can you give a practical example of ACID?,"sql,sql fundamentals,acid",ACID Interview Questions and Answers | InterviewPrep,Practice ACID interview questions and answers for SQL candidates.,True
"What is isolation levels, and why is it important in SQL?",what-is-isolation-levels-and-why-is-it-important-in-sql,SQL,SQL Fundamentals,Fresher,Easy,Technical,Interview preparation question about isolation levels.,"Explain isolation levels clearly, its purpose, how it works, and where it is used. Include a practical example relevant to the role.","A strong answer should define isolation levels, explain its practical purpose, describe an example, and mention important limitations or trade-offs where relevant.",Definition; purpose; practical usage; example; important considerations,Giving only a memorized definition; confusing related concepts; omitting a practical example.,What are the advantages and limitations of isolation levels?;Can you give a practical example of isolation levels?,"sql,sql fundamentals,isolation levels",isolation levels Interview Questions and Answers | InterviewPrep,Practice isolation levels interview questions and answers for SQL candidates.,True
How does isolation levels work in SQL?,how-does-isolation-levels-work-in-sql,SQL,SQL Fundamentals,0-1 Years,Medium,Technical,Interview preparation question about isolation levels.,"Explain isolation levels clearly, its purpose, how it works, and where it is used. Include a practical example relevant to the role.","A strong answer should define isolation levels, explain its practical purpose, describe an example, and mention important limitations or trade-offs where relevant.",Definition; purpose; practical usage; example; important considerations,Giving only a memorized definition; confusing related concepts; omitting a practical example.,What are the advantages and limitations of isolation levels?;Can you give a practical example of isolation levels?,"sql,sql fundamentals,isolation levels",isolation levels Interview Questions and Answers | InterviewPrep,Practice isolation levels interview questions and answers for SQL candidates.,True
What are the common mistakes candidates make when explaining isolation levels?,what-are-the-common-mistakes-candidates-make-when-explaining-isolation-levels,SQL,SQL Fundamentals,1-3 Years,Medium,Technical,Interview preparation question about isolation levels.,"Explain isolation levels clearly, its purpose, how it works, and where it is used. Include a practical example relevant to the role.","A strong answer should define isolation levels, explain its practical purpose, describe an example, and mention important limitations or trade-offs where relevant.",Definition; purpose; practical usage; example; important considerations,Giving only a memorized definition; confusing related concepts; omitting a practical example.,What are the advantages and limitations of isolation levels?;Can you give a practical example of isolation levels?,"sql,sql fundamentals,isolation levels",isolation levels Interview Questions and Answers | InterviewPrep,Practice isolation levels interview questions and answers for SQL candidates.,True
"What is deadlocks, and why is it important in SQL?",what-is-deadlocks-and-why-is-it-important-in-sql,SQL,SQL Fundamentals,Fresher,Easy,Technical,Interview preparation question about deadlocks.,"Explain deadlocks clearly, its purpose, how it works, and where it is used. Include a practical example relevant to the role.","A strong answer should define deadlocks, explain its practical purpose, describe an example, and mention important limitations or trade-offs where relevant.",Definition; purpose; practical usage; example; important considerations,Giving only a memorized definition; confusing related concepts; omitting a practical example.,What are the advantages and limitations of deadlocks?;Can you give a practical example of deadlocks?,"sql,sql fundamentals,deadlocks",deadlocks Interview Questions and Answers | InterviewPrep,Practice deadlocks interview questions and answers for SQL candidates.,True
How does deadlocks work in SQL?,how-does-deadlocks-work-in-sql,SQL,SQL Fundamentals,0-1 Years,Medium,Technical,Interview preparation question about deadlocks.,"Explain deadlocks clearly, its purpose, how it works, and where it is used. Include a practical example relevant to the role.","A strong answer should define deadlocks, explain its practical purpose, describe an example, and mention important limitations or trade-offs where relevant.",Definition; purpose; practical usage; example; important considerations,Giving only a memorized definition; confusing related concepts; omitting a practical example.,What are the advantages and limitations of deadlocks?;Can you give a practical example of deadlocks?,"sql,sql fundamentals,deadlocks",deadlocks Interview Questions and Answers | InterviewPrep,Practice deadlocks interview questions and answers for SQL candidates.,True
What are the common mistakes candidates make when explaining deadlocks?,what-are-the-common-mistakes-candidates-make-when-explaining-deadlocks,SQL,SQL Fundamentals,1-3 Years,Medium,Technical,Interview preparation question about deadlocks.,"Explain deadlocks clearly, its purpose, how it works, and where it is used. Include a practical example relevant to the role.","A strong answer should define deadlocks, explain its practical purpose, describe an example, and mention important limitations or trade-offs where relevant.",Definition; purpose; practical usage; example; important considerations,Giving only a memorized definition; confusing related concepts; omitting a practical example.,What are the advantages and limitations of deadlocks?;Can you give a practical example of deadlocks?,"sql,sql fundamentals,deadlocks",deadlocks Interview Questions and Answers | InterviewPrep,Practice deadlocks interview questions and answers for SQL candidates.,True
"What is views, and why is it important in SQL?",what-is-views-and-why-is-it-important-in-sql,SQL,SQL Fundamentals,Fresher,Easy,Technical,Interview preparation question about views.,"Explain views clearly, its purpose, how it works, and where it is used. Include a practical example relevant to the role.","A strong answer should define views, explain its practical purpose, describe an example, and mention important limitations or trade-offs where relevant.",Definition; purpose; practical usage; example; important considerations,Giving only a memorized definition; confusing related concepts; omitting a practical example.,What are the advantages and limitations of views?;Can you give a practical example of views?,"sql,sql fundamentals,views",views Interview Questions and Answers | InterviewPrep,Practice views interview questions and answers for SQL candidates.,True
How does views work in SQL?,how-does-views-work-in-sql,SQL,SQL Fundamentals,0-1 Years,Medium,Technical,Interview preparation question about views.,"Explain views clearly, its purpose, how it works, and where it is used. Include a practical example relevant to the role.","A strong answer should define views, explain its practical purpose, describe an example, and mention important limitations or trade-offs where relevant.",Definition; purpose; practical usage; example; important considerations,Giving only a memorized definition; confusing related concepts; omitting a practical example.,What are the advantages and limitations of views?;Can you give a practical example of views?,"sql,sql fundamentals,views",views Interview Questions and Answers | InterviewPrep,Practice views interview questions and answers for SQL candidates.,True
What are the common mistakes candidates make when explaining views?,what-are-the-common-mistakes-candidates-make-when-explaining-views,SQL,SQL Fundamentals,1-3 Years,Medium,Technical,Interview preparation question about views.,"Explain views clearly, its purpose, how it works, and where it is used. Include a practical example relevant to the role.","A strong answer should define views, explain its practical purpose, describe an example, and mention important limitations or trade-offs where relevant.",Definition; purpose; practical usage; example; important considerations,Giving only a memorized definition; confusing related concepts; omitting a practical example.,What are the advantages and limitations of views?;Can you give a practical example of views?,"sql,sql fundamentals,views",views Interview Questions and Answers | InterviewPrep,Practice views interview questions and answers for SQL candidates.,True
"What is stored procedures, and why is it important in SQL?",what-is-stored-procedures-and-why-is-it-important-in-sql,SQL,SQL Fundamentals,Fresher,Easy,Technical,Interview preparation question about stored procedures.,"Explain stored procedures clearly, its purpose, how it works, and where it is used. Include a practical example relevant to the role.","A strong answer should define stored procedures, explain its practical purpose, describe an example, and mention important limitations or trade-offs where relevant.",Definition; purpose; practical usage; example; important considerations,Giving only a memorized definition; confusing related concepts; omitting a practical example.,What are the advantages and limitations of stored procedures?;Can you give a practical example of stored procedures?,"sql,sql fundamentals,stored procedures",stored procedures Interview Questions and Answers | InterviewPrep,Practice stored procedures interview questions and answers for SQL candidates.,True
How does stored procedures work in SQL?,how-does-stored-procedures-work-in-sql,SQL,SQL Fundamentals,0-1 Years,Medium,Technical,Interview preparation question about stored procedures.,"Explain stored procedures clearly, its purpose, how it works, and where it is used. Include a practical example relevant to the role.","A strong answer should define stored procedures, explain its practical purpose, describe an example, and mention important limitations or trade-offs where relevant.",Definition; purpose; practical usage; example; important considerations,Giving only a memorized definition; confusing related concepts; omitting a practical example.,What are the advantages and limitations of stored procedures?;Can you give a practical example of stored procedures?,"sql,sql fundamentals,stored procedures",stored procedures Interview Questions and Answers | InterviewPrep,Practice stored procedures interview questions and answers for SQL candidates.,True
What are the common mistakes candidates make when explaining stored procedures?,what-are-the-common-mistakes-candidates-make-when-explaining-stored-procedures,SQL,SQL Fundamentals,1-3 Years,Medium,Technical,Interview preparation question about stored procedures.,"Explain stored procedures clearly, its purpose, how it works, and where it is used. Include a practical example relevant to the role.","A strong answer should define stored procedures, explain its practical purpose, describe an example, and mention important limitations or trade-offs where relevant.",Definition; purpose; practical usage; example; important considerations,Giving only a memorized definition; confusing related concepts; omitting a practical example.,What are the advantages and limitations of stored procedures?;Can you give a practical example of stored procedures?,"sql,sql fundamentals,stored procedures",stored procedures Interview Questions and Answers | InterviewPrep,Practice stored procedures interview questions and answers for SQL candidates.,True
"What is triggers, and why is it important in SQL?",what-is-triggers-and-why-is-it-important-in-sql,SQL,SQL Fundamentals,Fresher,Easy,Technical,Interview preparation question about triggers.,"Explain triggers clearly, its purpose, how it works, and where it is used. Include a practical example relevant to the role.","A strong answer should define triggers, explain its practical purpose, describe an example, and mention important limitations or trade-offs where relevant.",Definition; purpose; practical usage; example; important considerations,Giving only a memorized definition; confusing related concepts; omitting a practical example.,What are the advantages and limitations of triggers?;Can you give a practical example of triggers?,"sql,sql fundamentals,triggers",triggers Interview Questions and Answers | InterviewPrep,Practice triggers interview questions and answers for SQL candidates.,True
How does triggers work in SQL?,how-does-triggers-work-in-sql,SQL,SQL Fundamentals,0-1 Years,Medium,Technical,Interview preparation question about triggers.,"Explain triggers clearly, its purpose, how it works, and where it is used. Include a practical example relevant to the role.","A strong answer should define triggers, explain its practical purpose, describe an example, and mention important limitations or trade-offs where relevant.",Definition; purpose; practical usage; example; important considerations,Giving only a memorized definition; confusing related concepts; omitting a practical example.,What are the advantages and limitations of triggers?;Can you give a practical example of triggers?,"sql,sql fundamentals,triggers",triggers Interview Questions and Answers | InterviewPrep,Practice triggers interview questions and answers for SQL candidates.,True
What are the common mistakes candidates make when explaining triggers?,what-are-the-common-mistakes-candidates-make-when-explaining-triggers,SQL,SQL Fundamentals,1-3 Years,Medium,Technical,Interview preparation question about triggers.,"Explain triggers clearly, its purpose, how it works, and where it is used. Include a practical example relevant to the role.","A strong answer should define triggers, explain its practical purpose, describe an example, and mention important limitations or trade-offs where relevant.",Definition; purpose; practical usage; example; important considerations,Giving only a memorized definition; confusing related concepts; omitting a practical example.,What are the advantages and limitations of triggers?;Can you give a practical example of triggers?,"sql,sql fundamentals,triggers",triggers Interview Questions and Answers | InterviewPrep,Practice triggers interview questions and answers for SQL candidates.,True
"What is aggregate functions, and why is it important in SQL?",what-is-aggregate-functions-and-why-is-it-important-in-sql,SQL,SQL Fundamentals,Fresher,Easy,Technical,Interview preparation question about aggregate functions.,"Explain aggregate functions clearly, its purpose, how it works, and where it is used. Include a practical example relevant to the role.","A strong answer should define aggregate functions, explain its practical purpose, describe an example, and mention important limitations or trade-offs where relevant.",Definition; purpose; practical usage; example; important considerations,Giving only a memorized definition; confusing related concepts; omitting a practical example.,What are the advantages and limitations of aggregate functions?;Can you give a practical example of aggregate functions?,"sql,sql fundamentals,aggregate functions",aggregate functions Interview Questions and Answers | InterviewPrep,Practice aggregate functions interview questions and answers for SQL candidates.,True
How does aggregate functions work in SQL?,how-does-aggregate-functions-work-in-sql,SQL,SQL Fundamentals,0-1 Years,Medium,Technical,Interview preparation question about aggregate functions.,"Explain aggregate functions clearly, its purpose, how it works, and where it is used. Include a practical example relevant to the role.","A strong answer should define aggregate functions, explain its practical purpose, describe an example, and mention important limitations or trade-offs where relevant.",Definition; purpose; practical usage; example; important considerations,Giving only a memorized definition; confusing related concepts; omitting a practical example.,What are the advantages and limitations of aggregate functions?;Can you give a practical example of aggregate functions?,"sql,sql fundamentals,aggregate functions",aggregate functions Interview Questions and Answers | InterviewPrep,Practice aggregate functions interview questions and answers for SQL candidates.,True
What are the common mistakes candidates make when explaining aggregate functions?,what-are-the-common-mistakes-candidates-make-when-explaining-aggregate-functions,SQL,SQL Fundamentals,1-3 Years,Medium,Technical,Interview preparation question about aggregate functions.,"Explain aggregate functions clearly, its purpose, how it works, and where it is used. Include a practical example relevant to the role.","A strong answer should define aggregate functions, explain its practical purpose, describe an example, and mention important limitations or trade-offs where relevant.",Definition; purpose; practical usage; example; important considerations,Giving only a memorized definition; confusing related concepts; omitting a practical example.,What are the advantages and limitations of aggregate functions?;Can you give a practical example of aggregate functions?,"sql,sql fundamentals,aggregate functions",aggregate functions Interview Questions and Answers | InterviewPrep,Practice aggregate functions interview questions and answers for SQL candidates.,True
"What is NULL handling, and why is it important in SQL?",what-is-null-handling-and-why-is-it-important-in-sql,SQL,SQL Fundamentals,Fresher,Easy,Technical,Interview preparation question about NULL handling.,"Explain NULL handling clearly, its purpose, how it works, and where it is used. Include a practical example relevant to the role.","A strong answer should define NULL handling, explain its practical purpose, describe an example, and mention important limitations or trade-offs where relevant.",Definition; purpose; practical usage; example; important considerations,Giving only a memorized definition; confusing related concepts; omitting a practical example.,What are the advantages and limitations of NULL handling?;Can you give a practical example of NULL handling?,"sql,sql fundamentals,null handling",NULL handling Interview Questions and Answers | InterviewPrep,Practice NULL handling interview questions and answers for SQL candidates.,True
How does NULL handling work in SQL?,how-does-null-handling-work-in-sql,SQL,SQL Fundamentals,0-1 Years,Medium,Technical,Interview preparation question about NULL handling.,"Explain NULL handling clearly, its purpose, how it works, and where it is used. Include a practical example relevant to the role.","A strong answer should define NULL handling, explain its practical purpose, describe an example, and mention important limitations or trade-offs where relevant.",Definition; purpose; practical usage; example; important considerations,Giving only a memorized definition; confusing related concepts; omitting a practical example.,What are the advantages and limitations of NULL handling?;Can you give a practical example of NULL handling?,"sql,sql fundamentals,null handling",NULL handling Interview Questions and Answers | InterviewPrep,Practice NULL handling interview questions and answers for SQL candidates.,True
What are the common mistakes candidates make when explaining NULL handling?,what-are-the-common-mistakes-candidates-make-when-explaining-null-handling,SQL,SQL Fundamentals,1-3 Years,Medium,Technical,Interview preparation question about NULL handling.,"Explain NULL handling clearly, its purpose, how it works, and where it is used. Include a practical example relevant to the role.","A strong answer should define NULL handling, explain its practical purpose, describe an example, and mention important limitations or trade-offs where relevant.",Definition; purpose; practical usage; example; important considerations,Giving only a memorized definition; confusing related concepts; omitting a practical example.,What are the advantages and limitations of NULL handling?;Can you give a practical example of NULL handling?,"sql,sql fundamentals,null handling",NULL handling Interview Questions and Answers | InterviewPrep,Practice NULL handling interview questions and answers for SQL candidates.,True
"What is query optimization, and why is it important in SQL?",what-is-query-optimization-and-why-is-it-important-in-sql,SQL,SQL Fundamentals,Fresher,Easy,Technical,Interview preparation question about query optimization.,"Explain query optimization clearly, its purpose, how it works, and where it is used. Include a practical example relevant to the role.","A strong answer should define query optimization, explain its practical purpose, describe an example, and mention important limitations or trade-offs where relevant.",Definition; purpose; practical usage; example; important considerations,Giving only a memorized definition; confusing related concepts; omitting a practical example.,What are the advantages and limitations of query optimization?;Can you give a practical example of query optimization?,"sql,sql fundamentals,query optimization",query optimization Interview Questions and Answers | InterviewPrep,Practice query optimization interview questions and answers for SQL candidates.,True
How does query optimization work in SQL?,how-does-query-optimization-work-in-sql,SQL,SQL Fundamentals,0-1 Years,Medium,Technical,Interview preparation question about query optimization.,"Explain query optimization clearly, its purpose, how it works, and where it is used. Include a practical example relevant to the role.","A strong answer should define query optimization, explain its practical purpose, describe an example, and mention important limitations or trade-offs where relevant.",Definition; purpose; practical usage; example; important considerations,Giving only a memorized definition; confusing related concepts; omitting a practical example.,What are the advantages and limitations of query optimization?;Can you give a practical example of query optimization?,"sql,sql fundamentals,query optimization",query optimization Interview Questions and Answers | InterviewPrep,Practice query optimization interview questions and answers for SQL candidates.,True
What are the common mistakes candidates make when explaining query optimization?,what-are-the-common-mistakes-candidates-make-when-explaining-query-optimization,SQL,SQL Fundamentals,1-3 Years,Medium,Technical,Interview preparation question about query optimization.,"Explain query optimization clearly, its purpose, how it works, and where it is used. Include a practical example relevant to the role.","A strong answer should define query optimization, explain its practical purpose, describe an example, and mention important limitations or trade-offs where relevant.",Definition; purpose; practical usage; example; important considerations,Giving only a memorized definition; confusing related concepts; omitting a practical example.,What are the advantages and limitations of query optimization?;Can you give a practical example of query optimization?,"sql,sql fundamentals,query optimization",query optimization Interview Questions and Answers | InterviewPrep,Practice query optimization interview questions and answers for SQL candidates.,True
"What is execution plans, and why is it important in SQL?",what-is-execution-plans-and-why-is-it-important-in-sql,SQL,SQL Fundamentals,Fresher,Easy,Technical,Interview preparation question about execution plans.,"Explain execution plans clearly, its purpose, how it works, and where it is used. Include a practical example relevant to the role.","A strong answer should define execution plans, explain its practical purpose, describe an example, and mention important limitations or trade-offs where relevant.",Definition; purpose; practical usage; example; important considerations,Giving only a memorized definition; confusing related concepts; omitting a practical example.,What are the advantages and limitations of execution plans?;Can you give a practical example of execution plans?,"sql,sql fundamentals,execution plans",execution plans Interview Questions and Answers | InterviewPrep,Practice execution plans interview questions and answers for SQL candidates.,True
How does execution plans work in SQL?,how-does-execution-plans-work-in-sql,SQL,SQL Fundamentals,0-1 Years,Medium,Technical,Interview preparation question about execution plans.,"Explain execution plans clearly, its purpose, how it works, and where it is used. Include a practical example relevant to the role.","A strong answer should define execution plans, explain its practical purpose, describe an example, and mention important limitations or trade-offs where relevant.",Definition; purpose; practical usage; example; important considerations,Giving only a memorized definition; confusing related concepts; omitting a practical example.,What are the advantages and limitations of execution plans?;Can you give a practical example of execution plans?,"sql,sql fundamentals,execution plans",execution plans Interview Questions and Answers | InterviewPrep,Practice execution plans interview questions and answers for SQL candidates.,True
What are the common mistakes candidates make when explaining execution plans?,what-are-the-common-mistakes-candidates-make-when-explaining-execution-plans,SQL,SQL Fundamentals,1-3 Years,Medium,Technical,Interview preparation question about execution plans.,"Explain execution plans clearly, its purpose, how it works, and where it is used. Include a practical example relevant to the role.","A strong answer should define execution plans, explain its practical purpose, describe an example, and mention important limitations or trade-offs where relevant.",Definition; purpose; practical usage; example; important considerations,Giving only a memorized definition; confusing related concepts; omitting a practical example.,What are the advantages and limitations of execution plans?;Can you give a practical example of execution plans?,"sql,sql fundamentals,execution plans",execution plans Interview Questions and Answers | InterviewPrep,Practice execution plans interview questions and answers for SQL candidates.,True
"What is pagination, and why is it important in SQL?",what-is-pagination-and-why-is-it-important-in-sql,SQL,SQL Fundamentals,Fresher,Easy,Technical,Interview preparation question about pagination.,"Explain pagination clearly, its purpose, how it works, and where it is used. Include a practical example relevant to the role.","A strong answer should define pagination, explain its practical purpose, describe an example, and mention important limitations or trade-offs where relevant.",Definition; purpose; practical usage; example; important considerations,Giving only a memorized definition; confusing related concepts; omitting a practical example.,What are the advantages and limitations of pagination?;Can you give a practical example of pagination?,"sql,sql fundamentals,pagination",pagination Interview Questions and Answers | InterviewPrep,Practice pagination interview questions and answers for SQL candidates.,True
How does pagination work in SQL?,how-does-pagination-work-in-sql,SQL,SQL Fundamentals,0-1 Years,Medium,Technical,Interview preparation question about pagination.,"Explain pagination clearly, its purpose, how it works, and where it is used. Include a practical example relevant to the role.","A strong answer should define pagination, explain its practical purpose, describe an example, and mention important limitations or trade-offs where relevant.",Definition; purpose; practical usage; example; important considerations,Giving only a memorized definition; confusing related concepts; omitting a practical example.,What are the advantages and limitations of pagination?;Can you give a practical example of pagination?,"sql,sql fundamentals,pagination",pagination Interview Questions and Answers | InterviewPrep,Practice pagination interview questions and answers for SQL candidates.,True
What are the common mistakes candidates make when explaining pagination?,what-are-the-common-mistakes-candidates-make-when-explaining-pagination,SQL,SQL Fundamentals,1-3 Years,Medium,Technical,Interview preparation question about pagination.,"Explain pagination clearly, its purpose, how it works, and where it is used. Include a practical example relevant to the role.","A strong answer should define pagination, explain its practical purpose, describe an example, and mention important limitations or trade-offs where relevant.",Definition; purpose; practical usage; example; important considerations,Giving only a memorized definition; confusing related concepts; omitting a practical example.,What are the advantages and limitations of pagination?;Can you give a practical example of pagination?,"sql,sql fundamentals,pagination",pagination Interview Questions and Answers | InterviewPrep,Practice pagination interview questions and answers for SQL candidates.,True
"What is UPSERT, and why is it important in SQL?",what-is-upsert-and-why-is-it-important-in-sql,SQL,SQL Fundamentals,Fresher,Easy,Technical,Interview preparation question about UPSERT.,"Explain UPSERT clearly, its purpose, how it works, and where it is used. Include a practical example relevant to the role.","A strong answer should define UPSERT, explain its practical purpose, describe an example, and mention important limitations or trade-offs where relevant.",Definition; purpose; practical usage; example; important considerations,Giving only a memorized definition; confusing related concepts; omitting a practical example.,What are the advantages and limitations of UPSERT?;Can you give a practical example of UPSERT?,"sql,sql fundamentals,upsert",UPSERT Interview Questions and Answers | InterviewPrep,Practice UPSERT interview questions and answers for SQL candidates.,True
How does UPSERT work in SQL?,how-does-upsert-work-in-sql,SQL,SQL Fundamentals,0-1 Years,Medium,Technical,Interview preparation question about UPSERT.,"Explain UPSERT clearly, its purpose, how it works, and where it is used. Include a practical example relevant to the role.","A strong answer should define UPSERT, explain its practical purpose, describe an example, and mention important limitations or trade-offs where relevant.",Definition; purpose; practical usage; example; important considerations,Giving only a memorized definition; confusing related concepts; omitting a practical example.,What are the advantages and limitations of UPSERT?;Can you give a practical example of UPSERT?,"sql,sql fundamentals,upsert",UPSERT Interview Questions and Answers | InterviewPrep,Practice UPSERT interview questions and answers for SQL candidates.,True
What are the common mistakes candidates make when explaining UPSERT?,what-are-the-common-mistakes-candidates-make-when-explaining-upsert,SQL,SQL Fundamentals,1-3 Years,Medium,Technical,Interview preparation question about UPSERT.,"Explain UPSERT clearly, its purpose, how it works, and where it is used. Include a practical example relevant to the role.","A strong answer should define UPSERT, explain its practical purpose, describe an example, and mention important limitations or trade-offs where relevant.",Definition; purpose; practical usage; example; important considerations,Giving only a memorized definition; confusing related concepts; omitting a practical example.,What are the advantages and limitations of UPSERT?;Can you give a practical example of UPSERT?,"sql,sql fundamentals,upsert",UPSERT Interview Questions and Answers | InterviewPrep,Practice UPSERT interview questions and answers for SQL candidates.,True
"What is common table expressions, and why is it important in SQL?",what-is-common-table-expressions-and-why-is-it-important-in-sql,SQL,SQL Fundamentals,Fresher,Easy,Technical,Interview preparation question about common table expressions.,"Explain common table expressions clearly, its purpose, how it works, and where it is used. Include a practical example relevant to the role.","A strong answer should define common table expressions, explain its practical purpose, describe an example, and mention important limitations or trade-offs where relevant.",Definition; purpose; practical usage; example; important considerations,Giving only a memorized definition; confusing related concepts; omitting a practical example.,What are the advantages and limitations of common table expressions?;Can you give a practical example of common table expressions?,"sql,sql fundamentals,common table expressions",common table expressions Interview Questions and Answers | InterviewPrep,Practice common table expressions interview questions and answers for SQL candidates.,True
How does common table expressions work in SQL?,how-does-common-table-expressions-work-in-sql,SQL,SQL Fundamentals,0-1 Years,Medium,Technical,Interview preparation question about common table expressions.,"Explain common table expressions clearly, its purpose, how it works, and where it is used. Include a practical example relevant to the role.","A strong answer should define common table expressions, explain its practical purpose, describe an example, and mention important limitations or trade-offs where relevant.",Definition; purpose; practical usage; example; important considerations,Giving only a memorized definition; confusing related concepts; omitting a practical example.,What are the advantages and limitations of common table expressions?;Can you give a practical example of common table expressions?,"sql,sql fundamentals,common table expressions",common table expressions Interview Questions and Answers | InterviewPrep,Practice common table expressions interview questions and answers for SQL candidates.,True
What are the common mistakes candidates make when explaining common table expressions?,what-are-the-common-mistakes-candidates-make-when-explaining-common-table-expressions,SQL,SQL Fundamentals,1-3 Years,Medium,Technical,Interview preparation question about common table expressions.,"Explain common table expressions clearly, its purpose, how it works, and where it is used. Include a practical example relevant to the role.","A strong answer should define common table expressions, explain its practical purpose, describe an example, and mention important limitations or trade-offs where relevant.",Definition; purpose; practical usage; example; important considerations,Giving only a memorized definition; confusing related concepts; omitting a practical example.,What are the advantages and limitations of common table expressions?;Can you give a practical example of common table expressions?,"sql,sql fundamentals,common table expressions",common table expressions Interview Questions and Answers | InterviewPrep,Practice common table expressions interview questions and answers for SQL candidates.,True
"What is Tell me about yourself, and why is it important in HR?",what-is-tell-me-about-yourself-and-why-is-it-important-in-hr,HR,General HR,Fresher,Easy,HR,Interview preparation question about Tell me about yourself.,"Explain Tell me about yourself clearly, its purpose, how it works, and where it is used. Include a practical example relevant to the role.","A strong answer should define Tell me about yourself, explain its practical purpose, describe an example, and mention important limitations or trade-offs where relevant.",Definition; purpose; practical usage; example; important considerations,Giving only a memorized definition; confusing related concepts; omitting a practical example.,What are the advantages and limitations of Tell me about yourself?;Can you give a practical example of Tell me about yourself?,"hr,general hr,tell me about yourself",Tell me about yourself Interview Questions and Answers | InterviewPrep,Practice Tell me about yourself interview questions and answers for HR candidates.,True
How does Tell me about yourself work in HR?,how-does-tell-me-about-yourself-work-in-hr,HR,General HR,0-1 Years,Medium,HR,Interview preparation question about Tell me about yourself.,"Explain Tell me about yourself clearly, its purpose, how it works, and where it is used. Include a practical example relevant to the role.","A strong answer should define Tell me about yourself, explain its practical purpose, describe an example, and mention important limitations or trade-offs where relevant.",Definition; purpose; practical usage; example; important considerations,Giving only a memorized definition; confusing related concepts; omitting a practical example.,What are the advantages and limitations of Tell me about yourself?;Can you give a practical example of Tell me about yourself?,"hr,general hr,tell me about yourself",Tell me about yourself Interview Questions and Answers | InterviewPrep,Practice Tell me about yourself interview questions and answers for HR candidates.,True
What are the common mistakes candidates make when explaining Tell me about yourself?,what-are-the-common-mistakes-candidates-make-when-explaining-tell-me-about-yourself,HR,General HR,1-3 Years,Medium,HR,Interview preparation question about Tell me about yourself.,"Explain Tell me about yourself clearly, its purpose, how it works, and where it is used. Include a practical example relevant to the role.","A strong answer should define Tell me about yourself, explain its practical purpose, describe an example, and mention important limitations or trade-offs where relevant.",Definition; purpose; practical usage; example; important considerations,Giving only a memorized definition; confusing related concepts; omitting a practical example.,What are the advantages and limitations of Tell me about yourself?;Can you give a practical example of Tell me about yourself?,"hr,general hr,tell me about yourself",Tell me about yourself Interview Questions and Answers | InterviewPrep,Practice Tell me about yourself interview questions and answers for HR candidates.,True
"What is Why should we hire you?, and why is it important in HR?",what-is-why-should-we-hire-you-and-why-is-it-important-in-hr,HR,General HR,Fresher,Easy,HR,Interview preparation question about Why should we hire you?.,"Explain Why should we hire you? clearly, its purpose, how it works, and where it is used. Include a practical example relevant to the role.","A strong answer should define Why should we hire you?, explain its practical purpose, describe an example, and mention important limitations or trade-offs where relevant.",Definition; purpose; practical usage; example; important considerations,Giving only a memorized definition; confusing related concepts; omitting a practical example.,What are the advantages and limitations of Why should we hire you??;Can you give a practical example of Why should we hire you??,"hr,general hr,why should we hire you?",Why should we hire you? Interview Questions and Answers | InterviewPrep,Practice Why should we hire you? interview questions and answers for HR candidates.,True
How does Why should we hire you? work in HR?,how-does-why-should-we-hire-you-work-in-hr,HR,General HR,0-1 Years,Medium,HR,Interview preparation question about Why should we hire you?.,"Explain Why should we hire you? clearly, its purpose, how it works, and where it is used. Include a practical example relevant to the role.","A strong answer should define Why should we hire you?, explain its practical purpose, describe an example, and mention important limitations or trade-offs where relevant.",Definition; purpose; practical usage; example; important considerations,Giving only a memorized definition; confusing related concepts; omitting a practical example.,What are the advantages and limitations of Why should we hire you??;Can you give a practical example of Why should we hire you??,"hr,general hr,why should we hire you?",Why should we hire you? Interview Questions and Answers | InterviewPrep,Practice Why should we hire you? interview questions and answers for HR candidates.,True
What are the common mistakes candidates make when explaining Why should we hire you??,what-are-the-common-mistakes-candidates-make-when-explaining-why-should-we-hire-you,HR,General HR,1-3 Years,Medium,HR,Interview preparation question about Why should we hire you?.,"Explain Why should we hire you? clearly, its purpose, how it works, and where it is used. Include a practical example relevant to the role.","A strong answer should define Why should we hire you?, explain its practical purpose, describe an example, and mention important limitations or trade-offs where relevant.",Definition; purpose; practical usage; example; important considerations,Giving only a memorized definition; confusing related concepts; omitting a practical example.,What are the advantages and limitations of Why should we hire you??;Can you give a practical example of Why should we hire you??,"hr,general hr,why should we hire you?",Why should we hire you? Interview Questions and Answers | InterviewPrep,Practice Why should we hire you? interview questions and answers for HR candidates.,True
"What is What are your strengths?, and why is it important in HR?",what-is-what-are-your-strengths-and-why-is-it-important-in-hr,HR,General HR,Fresher,Easy,HR,Interview preparation question about What are your strengths?.,"Explain What are your strengths? clearly, its purpose, how it works, and where it is used. Include a practical example relevant to the role.","A strong answer should define What are your strengths?, explain its practical purpose, describe an example, and mention important limitations or trade-offs where relevant.",Definition; purpose; practical usage; example; important considerations,Giving only a memorized definition; confusing related concepts; omitting a practical example.,What are the advantages and limitations of What are your strengths??;Can you give a practical example of What are your strengths??,"hr,general hr,what are your strengths?",What are your strengths? Interview Questions and Answers | InterviewPrep,Practice What are your strengths? interview questions and answers for HR candidates.,True
How does What are your strengths? work in HR?,how-does-what-are-your-strengths-work-in-hr,HR,General HR,0-1 Years,Medium,HR,Interview preparation question about What are your strengths?.,"Explain What are your strengths? clearly, its purpose, how it works, and where it is used. Include a practical example relevant to the role.","A strong answer should define What are your strengths?, explain its practical purpose, describe an example, and mention important limitations or trade-offs where relevant.",Definition; purpose; practical usage; example; important considerations,Giving only a memorized definition; confusing related concepts; omitting a practical example.,What are the advantages and limitations of What are your strengths??;Can you give a practical example of What are your strengths??,"hr,general hr,what are your strengths?",What are your strengths? Interview Questions and Answers | InterviewPrep,Practice What are your strengths? interview questions and answers for HR candidates.,True
What are the common mistakes candidates make when explaining What are your strengths??,what-are-the-common-mistakes-candidates-make-when-explaining-what-are-your-strengths,HR,General HR,1-3 Years,Medium,HR,Interview preparation question about What are your strengths?.,"Explain What are your strengths? clearly, its purpose, how it works, and where it is used. Include a practical example relevant to the role.","A strong answer should define What are your strengths?, explain its practical purpose, describe an example, and mention important limitations or trade-offs where relevant.",Definition; purpose; practical usage; example; important considerations,Giving only a memorized definition; confusing related concepts; omitting a practical example.,What are the advantages and limitations of What are your strengths??;Can you give a practical example of What are your strengths??,"hr,general hr,what are your strengths?",What are your strengths? Interview Questions and Answers | InterviewPrep,Practice What are your strengths? interview questions and answers for HR candidates.,True
"What is What are your weaknesses?, and why is it important in HR?",what-is-what-are-your-weaknesses-and-why-is-it-important-in-hr,HR,General HR,Fresher,Easy,HR,Interview preparation question about What are your weaknesses?.,"Explain What are your weaknesses? clearly, its purpose, how it works, and where it is used. Include a practical example relevant to the role.","A strong answer should define What are your weaknesses?, explain its practical purpose, describe an example, and mention important limitations or trade-offs where relevant.",Definition; purpose; practical usage; example; important considerations,Giving only a memorized definition; confusing related concepts; omitting a practical example.,What are the advantages and limitations of What are your weaknesses??;Can you give a practical example of What are your weaknesses??,"hr,general hr,what are your weaknesses?",What are your weaknesses? Interview Questions and Answers | InterviewPrep,Practice What are your weaknesses? interview questions and answers for HR candidates.,True
How does What are your weaknesses? work in HR?,how-does-what-are-your-weaknesses-work-in-hr,HR,General HR,0-1 Years,Medium,HR,Interview preparation question about What are your weaknesses?.,"Explain What are your weaknesses? clearly, its purpose, how it works, and where it is used. Include a practical example relevant to the role.","A strong answer should define What are your weaknesses?, explain its practical purpose, describe an example, and mention important limitations or trade-offs where relevant.",Definition; purpose; practical usage; example; important considerations,Giving only a memorized definition; confusing related concepts; omitting a practical example.,What are the advantages and limitations of What are your weaknesses??;Can you give a practical example of What are your weaknesses??,"hr,general hr,what are your weaknesses?",What are your weaknesses? Interview Questions and Answers | InterviewPrep,Practice What are your weaknesses? interview questions and answers for HR candidates.,True
What are the common mistakes candidates make when explaining What are your weaknesses??,what-are-the-common-mistakes-candidates-make-when-explaining-what-are-your-weaknesses,HR,General HR,1-3 Years,Medium,HR,Interview preparation question about What are your weaknesses?.,"Explain What are your weaknesses? clearly, its purpose, how it works, and where it is used. Include a practical example relevant to the role.","A strong answer should define What are your weaknesses?, explain its practical purpose, describe an example, and mention important limitations or trade-offs where relevant.",Definition; purpose; practical usage; example; important considerations,Giving only a memorized definition; confusing related concepts; omitting a practical example.,What are the advantages and limitations of What are your weaknesses??;Can you give a practical example of What are your weaknesses??,"hr,general hr,what are your weaknesses?",What are your weaknesses? Interview Questions and Answers | InterviewPrep,Practice What are your weaknesses? interview questions and answers for HR candidates.,True
"What is Why do you want this job?, and why is it important in HR?",what-is-why-do-you-want-this-job-and-why-is-it-important-in-hr,HR,General HR,Fresher,Easy,HR,Interview preparation question about Why do you want this job?.,"Explain Why do you want this job? clearly, its purpose, how it works, and where it is used. Include a practical example relevant to the role.","A strong answer should define Why do you want this job?, explain its practical purpose, describe an example, and mention important limitations or trade-offs where relevant.",Definition; purpose; practical usage; example; important considerations,Giving only a memorized definition; confusing related concepts; omitting a practical example.,What are the advantages and limitations of Why do you want this job??;Can you give a practical example of Why do you want this job??,"hr,general hr,why do you want this job?",Why do you want this job? Interview Questions and Answers | InterviewPrep,Practice Why do you want this job? interview questions and answers for HR candidates.,True
How does Why do you want this job? work in HR?,how-does-why-do-you-want-this-job-work-in-hr,HR,General HR,0-1 Years,Medium,HR,Interview preparation question about Why do you want this job?.,"Explain Why do you want this job? clearly, its purpose, how it works, and where it is used. Include a practical example relevant to the role.","A strong answer should define Why do you want this job?, explain its practical purpose, describe an example, and mention important limitations or trade-offs where relevant.",Definition; purpose; practical usage; example; important considerations,Giving only a memorized definition; confusing related concepts; omitting a practical example.,What are the advantages and limitations of Why do you want this job??;Can you give a practical example of Why do you want this job??,"hr,general hr,why do you want this job?",Why do you want this job? Interview Questions and Answers | InterviewPrep,Practice Why do you want this job? interview questions and answers for HR candidates.,True
What are the common mistakes candidates make when explaining Why do you want this job??,what-are-the-common-mistakes-candidates-make-when-explaining-why-do-you-want-this-job,HR,General HR,1-3 Years,Medium,HR,Interview preparation question about Why do you want this job?.,"Explain Why do you want this job? clearly, its purpose, how it works, and where it is used. Include a practical example relevant to the role.","A strong answer should define Why do you want this job?, explain its practical purpose, describe an example, and mention important limitations or trade-offs where relevant.",Definition; purpose; practical usage; example; important considerations,Giving only a memorized definition; confusing related concepts; omitting a practical example.,What are the advantages and limitations of Why do you want this job??;Can you give a practical example of Why do you want this job??,"hr,general hr,why do you want this job?",Why do you want this job? Interview Questions and Answers | InterviewPrep,Practice Why do you want this job? interview questions and answers for HR candidates.,True
"What is Why do you want to work here?, and why is it important in HR?",what-is-why-do-you-want-to-work-here-and-why-is-it-important-in-hr,HR,General HR,Fresher,Easy,HR,Interview preparation question about Why do you want to work here?.,"Explain Why do you want to work here? clearly, its purpose, how it works, and where it is used. Include a practical example relevant to the role.","A strong answer should define Why do you want to work here?, explain its practical purpose, describe an example, and mention important limitations or trade-offs where relevant.",Definition; purpose; practical usage; example; important considerations,Giving only a memorized definition; confusing related concepts; omitting a practical example.,What are the advantages and limitations of Why do you want to work here??;Can you give a practical example of Why do you want to work here??,"hr,general hr,why do you want to work here?",Why do you want to work here? Interview Questions and Answers | InterviewPrep,Practice Why do you want to work here? interview questions and answers for HR candidates.,True
How does Why do you want to work here? work in HR?,how-does-why-do-you-want-to-work-here-work-in-hr,HR,General HR,0-1 Years,Medium,HR,Interview preparation question about Why do you want to work here?.,"Explain Why do you want to work here? clearly, its purpose, how it works, and where it is used. Include a practical example relevant to the role.","A strong answer should define Why do you want to work here?, explain its practical purpose, describe an example, and mention important limitations or trade-offs where relevant.",Definition; purpose; practical usage; example; important considerations,Giving only a memorized definition; confusing related concepts; omitting a practical example.,What are the advantages and limitations of Why do you want to work here??;Can you give a practical example of Why do you want to work here??,"hr,general hr,why do you want to work here?",Why do you want to work here? Interview Questions and Answers | InterviewPrep,Practice Why do you want to work here? interview questions and answers for HR candidates.,True
What are the common mistakes candidates make when explaining Why do you want to work here??,what-are-the-common-mistakes-candidates-make-when-explaining-why-do-you-want-to-work-here,HR,General HR,1-3 Years,Medium,HR,Interview preparation question about Why do you want to work here?.,"Explain Why do you want to work here? clearly, its purpose, how it works, and where it is used. Include a practical example relevant to the role.","A strong answer should define Why do you want to work here?, explain its practical purpose, describe an example, and mention important limitations or trade-offs where relevant.",Definition; purpose; practical usage; example; important considerations,Giving only a memorized definition; confusing related concepts; omitting a practical example.,What are the advantages and limitations of Why do you want to work here??;Can you give a practical example of Why do you want to work here??,"hr,general hr,why do you want to work here?",Why do you want to work here? Interview Questions and Answers | InterviewPrep,Practice Why do you want to work here? interview questions and answers for HR candidates.,True
"What is Where do you see yourself in five years?, and why is it important in HR?",what-is-where-do-you-see-yourself-in-five-years-and-why-is-it-important-in-hr,HR,General HR,Fresher,Easy,HR,Interview preparation question about Where do you see yourself in five years?.,"Explain Where do you see yourself in five years? clearly, its purpose, how it works, and where it is used. Include a practical example relevant to the role.","A strong answer should define Where do you see yourself in five years?, explain its practical purpose, describe an example, and mention important limitations or trade-offs where relevant.",Definition; purpose; practical usage; example; important considerations,Giving only a memorized definition; confusing related concepts; omitting a practical example.,What are the advantages and limitations of Where do you see yourself in five years??;Can you give a practical example of Where do you see yourself in five years??,"hr,general hr,where do you see yourself in five years?",Where do you see yourself in five years? Interview Questions and Answers | InterviewPrep,Practice Where do you see yourself in five years? interview questions and answers for HR candidates.,True
How does Where do you see yourself in five years? work in HR?,how-does-where-do-you-see-yourself-in-five-years-work-in-hr,HR,General HR,0-1 Years,Medium,HR,Interview preparation question about Where do you see yourself in five years?.,"Explain Where do you see yourself in five years? clearly, its purpose, how it works, and where it is used. Include a practical example relevant to the role.","A strong answer should define Where do you see yourself in five years?, explain its practical purpose, describe an example, and mention important limitations or trade-offs where relevant.",Definition; purpose; practical usage; example; important considerations,Giving only a memorized definition; confusing related concepts; omitting a practical example.,What are the advantages and limitations of Where do you see yourself in five years??;Can you give a practical example of Where do you see yourself in five years??,"hr,general hr,where do you see yourself in five years?",Where do you see yourself in five years? Interview Questions and Answers | InterviewPrep,Practice Where do you see yourself in five years? interview questions and answers for HR candidates.,True
What are the common mistakes candidates make when explaining Where do you see yourself in five years??,what-are-the-common-mistakes-candidates-make-when-explaining-where-do-you-see-yourself-in-five-years,HR,General HR,1-3 Years,Medium,HR,Interview preparation question about Where do you see yourself in five years?.,"Explain Where do you see yourself in five years? clearly, its purpose, how it works, and where it is used. Include a practical example relevant to the role.","A strong answer should define Where do you see yourself in five years?, explain its practical purpose, describe an example, and mention important limitations or trade-offs where relevant.",Definition; purpose; practical usage; example; important considerations,Giving only a memorized definition; confusing related concepts; omitting a practical example.,What are the advantages and limitations of Where do you see yourself in five years??;Can you give a practical example of Where do you see yourself in five years??,"hr,general hr,where do you see yourself in five years?",Where do you see yourself in five years? Interview Questions and Answers | InterviewPrep,Practice Where do you see yourself in five years? interview questions and answers for HR candidates.,True
"What is Why are you leaving your current job?, and why is it important in HR?",what-is-why-are-you-leaving-your-current-job-and-why-is-it-important-in-hr,HR,General HR,Fresher,Easy,HR,Interview preparation question about Why are you leaving your current job?.,"Explain Why are you leaving your current job? clearly, its purpose, how it works, and where it is used. Include a practical example relevant to the role.","A strong answer should define Why are you leaving your current job?, explain its practical purpose, describe an example, and mention important limitations or trade-offs where relevant.",Definition; purpose; practical usage; example; important considerations,Giving only a memorized definition; confusing related concepts; omitting a practical example.,What are the advantages and limitations of Why are you leaving your current job??;Can you give a practical example of Why are you leaving your current job??,"hr,general hr,why are you leaving your current job?",Why are you leaving your current job? Interview Questions and Answers | InterviewPrep,Practice Why are you leaving your current job? interview questions and answers for HR candidates.,True
How does Why are you leaving your current job? work in HR?,how-does-why-are-you-leaving-your-current-job-work-in-hr,HR,General HR,0-1 Years,Medium,HR,Interview preparation question about Why are you leaving your current job?.,"Explain Why are you leaving your current job? clearly, its purpose, how it works, and where it is used. Include a practical example relevant to the role.","A strong answer should define Why are you leaving your current job?, explain its practical purpose, describe an example, and mention important limitations or trade-offs where relevant.",Definition; purpose; practical usage; example; important considerations,Giving only a memorized definition; confusing related concepts; omitting a practical example.,What are the advantages and limitations of Why are you leaving your current job??;Can you give a practical example of Why are you leaving your current job??,"hr,general hr,why are you leaving your current job?",Why are you leaving your current job? Interview Questions and Answers | InterviewPrep,Practice Why are you leaving your current job? interview questions and answers for HR candidates.,True
What are the common mistakes candidates make when explaining Why are you leaving your current job??,what-are-the-common-mistakes-candidates-make-when-explaining-why-are-you-leaving-your-current-job,HR,General HR,1-3 Years,Medium,HR,Interview preparation question about Why are you leaving your current job?.,"Explain Why are you leaving your current job? clearly, its purpose, how it works, and where it is used. Include a practical example relevant to the role.","A strong answer should define Why are you leaving your current job?, explain its practical purpose, describe an example, and mention important limitations or trade-offs where relevant.",Definition; purpose; practical usage; example; important considerations,Giving only a memorized definition; confusing related concepts; omitting a practical example.,What are the advantages and limitations of Why are you leaving your current job??;Can you give a practical example of Why are you leaving your current job??,"hr,general hr,why are you leaving your current job?",Why are you leaving your current job? Interview Questions and Answers | InterviewPrep,Practice Why are you leaving your current job? interview questions and answers for HR candidates.,True
"What is Describe a difficult situation you handled, and why is it important in HR?",what-is-describe-a-difficult-situation-you-handled-and-why-is-it-important-in-hr,HR,General HR,Fresher,Easy,HR,Interview preparation question about Describe a difficult situation you handled.,"Explain Describe a difficult situation you handled clearly, its purpose, how it works, and where it is used. Include a practical example relevant to the role.","A strong answer should define Describe a difficult situation you handled, explain its practical purpose, describe an example, and mention important limitations or trade-offs where relevant.",Definition; purpose; practical usage; example; important considerations,Giving only a memorized definition; confusing related concepts; omitting a practical example.,What are the advantages and limitations of Describe a difficult situation you handled?;Can you give a practical example of Describe a difficult situation you handled?,"hr,general hr,describe a difficult situation you handled",Describe a difficult situation you handled Interview Questions and Answers | InterviewPrep,Practice Describe a difficult situation you handled interview questions and answers for HR candidates.,True
How does Describe a difficult situation you handled work in HR?,how-does-describe-a-difficult-situation-you-handled-work-in-hr,HR,General HR,0-1 Years,Medium,HR,Interview preparation question about Describe a difficult situation you handled.,"Explain Describe a difficult situation you handled clearly, its purpose, how it works, and where it is used. Include a practical example relevant to the role.","A strong answer should define Describe a difficult situation you handled, explain its practical purpose, describe an example, and mention important limitations or trade-offs where relevant.",Definition; purpose; practical usage; example; important considerations,Giving only a memorized definition; confusing related concepts; omitting a practical example.,What are the advantages and limitations of Describe a difficult situation you handled?;Can you give a practical example of Describe a difficult situation you handled?,"hr,general hr,describe a difficult situation you handled",Describe a difficult situation you handled Interview Questions and Answers | InterviewPrep,Practice Describe a difficult situation you handled interview questions and answers for HR candidates.,True
What are the common mistakes candidates make when explaining Describe a difficult situation you handled?,what-are-the-common-mistakes-candidates-make-when-explaining-describe-a-difficult-situation-you-handled,HR,General HR,1-3 Years,Medium,HR,Interview preparation question about Describe a difficult situation you handled.,"Explain Describe a difficult situation you handled clearly, its purpose, how it works, and where it is used. Include a practical example relevant to the role.","A strong answer should define Describe a difficult situation you handled, explain its practical purpose, describe an example, and mention important limitations or trade-offs where relevant.",Definition; purpose; practical usage; example; important considerations,Giving only a memorized definition; confusing related concepts; omitting a practical example.,What are the advantages and limitations of Describe a difficult situation you handled?;Can you give a practical example of Describe a difficult situation you handled?,"hr,general hr,describe a difficult situation you handled",Describe a difficult situation you handled Interview Questions and Answers | InterviewPrep,Practice Describe a difficult situation you handled interview questions and answers for HR candidates.,True
"What is Describe your biggest achievement, and why is it important in HR?",what-is-describe-your-biggest-achievement-and-why-is-it-important-in-hr,HR,General HR,Fresher,Easy,HR,Interview preparation question about Describe your biggest achievement.,"Explain Describe your biggest achievement clearly, its purpose, how it works, and where it is used. Include a practical example relevant to the role.","A strong answer should define Describe your biggest achievement, explain its practical purpose, describe an example, and mention important limitations or trade-offs where relevant.",Definition; purpose; practical usage; example; important considerations,Giving only a memorized definition; confusing related concepts; omitting a practical example.,What are the advantages and limitations of Describe your biggest achievement?;Can you give a practical example of Describe your biggest achievement?,"hr,general hr,describe your biggest achievement",Describe your biggest achievement Interview Questions and Answers | InterviewPrep,Practice Describe your biggest achievement interview questions and answers for HR candidates.,True
How does Describe your biggest achievement work in HR?,how-does-describe-your-biggest-achievement-work-in-hr,HR,General HR,0-1 Years,Medium,HR,Interview preparation question about Describe your biggest achievement.,"Explain Describe your biggest achievement clearly, its purpose, how it works, and where it is used. Include a practical example relevant to the role.","A strong answer should define Describe your biggest achievement, explain its practical purpose, describe an example, and mention important limitations or trade-offs where relevant.",Definition; purpose; practical usage; example; important considerations,Giving only a memorized definition; confusing related concepts; omitting a practical example.,What are the advantages and limitations of Describe your biggest achievement?;Can you give a practical example of Describe your biggest achievement?,"hr,general hr,describe your biggest achievement",Describe your biggest achievement Interview Questions and Answers | InterviewPrep,Practice Describe your biggest achievement interview questions and answers for HR candidates.,True
What are the common mistakes candidates make when explaining Describe your biggest achievement?,what-are-the-common-mistakes-candidates-make-when-explaining-describe-your-biggest-achievement,HR,General HR,1-3 Years,Medium,HR,Interview preparation question about Describe your biggest achievement.,"Explain Describe your biggest achievement clearly, its purpose, how it works, and where it is used. Include a practical example relevant to the role.","A strong answer should define Describe your biggest achievement, explain its practical purpose, describe an example, and mention important limitations or trade-offs where relevant.",Definition; purpose; practical usage; example; important considerations,Giving only a memorized definition; confusing related concepts; omitting a practical example.,What are the advantages and limitations of Describe your biggest achievement?;Can you give a practical example of Describe your biggest achievement?,"hr,general hr,describe your biggest achievement",Describe your biggest achievement Interview Questions and Answers | InterviewPrep,Practice Describe your biggest achievement interview questions and answers for HR candidates.,True
"What is How do you handle conflict?, and why is it important in HR?",what-is-how-do-you-handle-conflict-and-why-is-it-important-in-hr,HR,General HR,Fresher,Easy,HR,Interview preparation question about How do you handle conflict?.,"Explain How do you handle conflict? clearly, its purpose, how it works, and where it is used. Include a practical example relevant to the role.","A strong answer should define How do you handle conflict?, explain its practical purpose, describe an example, and mention important limitations or trade-offs where relevant.",Definition; purpose; practical usage; example; important considerations,Giving only a memorized definition; confusing related concepts; omitting a practical example.,What are the advantages and limitations of How do you handle conflict??;Can you give a practical example of How do you handle conflict??,"hr,general hr,how do you handle conflict?",How do you handle conflict? Interview Questions and Answers | InterviewPrep,Practice How do you handle conflict? interview questions and answers for HR candidates.,True
How does How do you handle conflict? work in HR?,how-does-how-do-you-handle-conflict-work-in-hr,HR,General HR,0-1 Years,Medium,HR,Interview preparation question about How do you handle conflict?.,"Explain How do you handle conflict? clearly, its purpose, how it works, and where it is used. Include a practical example relevant to the role.","A strong answer should define How do you handle conflict?, explain its practical purpose, describe an example, and mention important limitations or trade-offs where relevant.",Definition; purpose; practical usage; example; important considerations,Giving only a memorized definition; confusing related concepts; omitting a practical example.,What are the advantages and limitations of How do you handle conflict??;Can you give a practical example of How do you handle conflict??,"hr,general hr,how do you handle conflict?",How do you handle conflict? Interview Questions and Answers | InterviewPrep,Practice How do you handle conflict? interview questions and answers for HR candidates.,True
What are the common mistakes candidates make when explaining How do you handle conflict??,what-are-the-common-mistakes-candidates-make-when-explaining-how-do-you-handle-conflict,HR,General HR,1-3 Years,Medium,HR,Interview preparation question about How do you handle conflict?.,"Explain How do you handle conflict? clearly, its purpose, how it works, and where it is used. Include a practical example relevant to the role.","A strong answer should define How do you handle conflict?, explain its practical purpose, describe an example, and mention important limitations or trade-offs where relevant.",Definition; purpose; practical usage; example; important considerations,Giving only a memorized definition; confusing related concepts; omitting a practical example.,What are the advantages and limitations of How do you handle conflict??;Can you give a practical example of How do you handle conflict??,"hr,general hr,how do you handle conflict?",How do you handle conflict? Interview Questions and Answers | InterviewPrep,Practice How do you handle conflict? interview questions and answers for HR candidates.,True
"What is How do you handle pressure?, and why is it important in HR?",what-is-how-do-you-handle-pressure-and-why-is-it-important-in-hr,HR,General HR,Fresher,Easy,HR,Interview preparation question about How do you handle pressure?.,"Explain How do you handle pressure? clearly, its purpose, how it works, and where it is used. Include a practical example relevant to the role.","A strong answer should define How do you handle pressure?, explain its practical purpose, describe an example, and mention important limitations or trade-offs where relevant.",Definition; purpose; practical usage; example; important considerations,Giving only a memorized definition; confusing related concepts; omitting a practical example.,What are the advantages and limitations of How do you handle pressure??;Can you give a practical example of How do you handle pressure??,"hr,general hr,how do you handle pressure?",How do you handle pressure? Interview Questions and Answers | InterviewPrep,Practice How do you handle pressure? interview questions and answers for HR candidates.,True
How does How do you handle pressure? work in HR?,how-does-how-do-you-handle-pressure-work-in-hr,HR,General HR,0-1 Years,Medium,HR,Interview preparation question about How do you handle pressure?.,"Explain How do you handle pressure? clearly, its purpose, how it works, and where it is used. Include a practical example relevant to the role.","A strong answer should define How do you handle pressure?, explain its practical purpose, describe an example, and mention important limitations or trade-offs where relevant.",Definition; purpose; practical usage; example; important considerations,Giving only a memorized definition; confusing related concepts; omitting a practical example.,What are the advantages and limitations of How do you handle pressure??;Can you give a practical example of How do you handle pressure??,"hr,general hr,how do you handle pressure?",How do you handle pressure? Interview Questions and Answers | InterviewPrep,Practice How do you handle pressure? interview questions and answers for HR candidates.,True
What are the common mistakes candidates make when explaining How do you handle pressure??,what-are-the-common-mistakes-candidates-make-when-explaining-how-do-you-handle-pressure,HR,General HR,1-3 Years,Medium,HR,Interview preparation question about How do you handle pressure?.,"Explain How do you handle pressure? clearly, its purpose, how it works, and where it is used. Include a practical example relevant to the role.","A strong answer should define How do you handle pressure?, explain its practical purpose, describe an example, and mention important limitations or trade-offs where relevant.",Definition; purpose; practical usage; example; important considerations,Giving only a memorized definition; confusing related concepts; omitting a practical example.,What are the advantages and limitations of How do you handle pressure??;Can you give a practical example of How do you handle pressure??,"hr,general hr,how do you handle pressure?",How do you handle pressure? Interview Questions and Answers | InterviewPrep,Practice How do you handle pressure? interview questions and answers for HR candidates.,True
"What is How do you prioritize work?, and why is it important in HR?",what-is-how-do-you-prioritize-work-and-why-is-it-important-in-hr,HR,General HR,Fresher,Easy,HR,Interview preparation question about How do you prioritize work?.,"Explain How do you prioritize work? clearly, its purpose, how it works, and where it is used. Include a practical example relevant to the role.","A strong answer should define How do you prioritize work?, explain its practical purpose, describe an example, and mention important limitations or trade-offs where relevant.",Definition; purpose; practical usage; example; important considerations,Giving only a memorized definition; confusing related concepts; omitting a practical example.,What are the advantages and limitations of How do you prioritize work??;Can you give a practical example of How do you prioritize work??,"hr,general hr,how do you prioritize work?",How do you prioritize work? Interview Questions and Answers | InterviewPrep,Practice How do you prioritize work? interview questions and answers for HR candidates.,True
How does How do you prioritize work? work in HR?,how-does-how-do-you-prioritize-work-work-in-hr,HR,General HR,0-1 Years,Medium,HR,Interview preparation question about How do you prioritize work?.,"Explain How do you prioritize work? clearly, its purpose, how it works, and where it is used. Include a practical example relevant to the role.","A strong answer should define How do you prioritize work?, explain its practical purpose, describe an example, and mention important limitations or trade-offs where relevant.",Definition; purpose; practical usage; example; important considerations,Giving only a memorized definition; confusing related concepts; omitting a practical example.,What are the advantages and limitations of How do you prioritize work??;Can you give a practical example of How do you prioritize work??,"hr,general hr,how do you prioritize work?",How do you prioritize work? Interview Questions and Answers | InterviewPrep,Practice How do you prioritize work? interview questions and answers for HR candidates.,True
What are the common mistakes candidates make when explaining How do you prioritize work??,what-are-the-common-mistakes-candidates-make-when-explaining-how-do-you-prioritize-work,HR,General HR,1-3 Years,Medium,HR,Interview preparation question about How do you prioritize work?.,"Explain How do you prioritize work? clearly, its purpose, how it works, and where it is used. Include a practical example relevant to the role.","A strong answer should define How do you prioritize work?, explain its practical purpose, describe an example, and mention important limitations or trade-offs where relevant.",Definition; purpose; practical usage; example; important considerations,Giving only a memorized definition; confusing related concepts; omitting a practical example.,What are the advantages and limitations of How do you prioritize work??;Can you give a practical example of How do you prioritize work??,"hr,general hr,how do you prioritize work?",How do you prioritize work? Interview Questions and Answers | InterviewPrep,Practice How do you prioritize work? interview questions and answers for HR candidates.,True
"What is Tell me about a failure, and why is it important in HR?",what-is-tell-me-about-a-failure-and-why-is-it-important-in-hr,HR,General HR,Fresher,Easy,HR,Interview preparation question about Tell me about a failure.,"Explain Tell me about a failure clearly, its purpose, how it works, and where it is used. Include a practical example relevant to the role.","A strong answer should define Tell me about a failure, explain its practical purpose, describe an example, and mention important limitations or trade-offs where relevant.",Definition; purpose; practical usage; example; important considerations,Giving only a memorized definition; confusing related concepts; omitting a practical example.,What are the advantages and limitations of Tell me about a failure?;Can you give a practical example of Tell me about a failure?,"hr,general hr,tell me about a failure",Tell me about a failure Interview Questions and Answers | InterviewPrep,Practice Tell me about a failure interview questions and answers for HR candidates.,True
How does Tell me about a failure work in HR?,how-does-tell-me-about-a-failure-work-in-hr,HR,General HR,0-1 Years,Medium,HR,Interview preparation question about Tell me about a failure.,"Explain Tell me about a failure clearly, its purpose, how it works, and where it is used. Include a practical example relevant to the role.","A strong answer should define Tell me about a failure, explain its practical purpose, describe an example, and mention important limitations or trade-offs where relevant.",Definition; purpose; practical usage; example; important considerations,Giving only a memorized definition; confusing related concepts; omitting a practical example.,What are the advantages and limitations of Tell me about a failure?;Can you give a practical example of Tell me about a failure?,"hr,general hr,tell me about a failure",Tell me about a failure Interview Questions and Answers | InterviewPrep,Practice Tell me about a failure interview questions and answers for HR candidates.,True
What are the common mistakes candidates make when explaining Tell me about a failure?,what-are-the-common-mistakes-candidates-make-when-explaining-tell-me-about-a-failure,HR,General HR,1-3 Years,Medium,HR,Interview preparation question about Tell me about a failure.,"Explain Tell me about a failure clearly, its purpose, how it works, and where it is used. Include a practical example relevant to the role.","A strong answer should define Tell me about a failure, explain its practical purpose, describe an example, and mention important limitations or trade-offs where relevant.",Definition; purpose; practical usage; example; important considerations,Giving only a memorized definition; confusing related concepts; omitting a practical example.,What are the advantages and limitations of Tell me about a failure?;Can you give a practical example of Tell me about a failure?,"hr,general hr,tell me about a failure",Tell me about a failure Interview Questions and Answers | InterviewPrep,Practice Tell me about a failure interview questions and answers for HR candidates.,True
"What is Tell me about a time you received feedback, and why is it important in HR?",what-is-tell-me-about-a-time-you-received-feedback-and-why-is-it-important-in-hr,HR,General HR,Fresher,Easy,HR,Interview preparation question about Tell me about a time you received feedback.,"Explain Tell me about a time you received feedback clearly, its purpose, how it works, and where it is used. Include a practical example relevant to the role.","A strong answer should define Tell me about a time you received feedback, explain its practical purpose, describe an example, and mention important limitations or trade-offs where relevant.",Definition; purpose; practical usage; example; important considerations,Giving only a memorized definition; confusing related concepts; omitting a practical example.,What are the advantages and limitations of Tell me about a time you received feedback?;Can you give a practical example of Tell me about a time you received feedback?,"hr,general hr,tell me about a time you received feedback",Tell me about a time you received feedback Interview Questions and Answers | InterviewPrep,Practice Tell me about a time you received feedback interview questions and answers for HR candidates.,True
How does Tell me about a time you received feedback work in HR?,how-does-tell-me-about-a-time-you-received-feedback-work-in-hr,HR,General HR,0-1 Years,Medium,HR,Interview preparation question about Tell me about a time you received feedback.,"Explain Tell me about a time you received feedback clearly, its purpose, how it works, and where it is used. Include a practical example relevant to the role.","A strong answer should define Tell me about a time you received feedback, explain its practical purpose, describe an example, and mention important limitations or trade-offs where relevant.",Definition; purpose; practical usage; example; important considerations,Giving only a memorized definition; confusing related concepts; omitting a practical example.,What are the advantages and limitations of Tell me about a time you received feedback?;Can you give a practical example of Tell me about a time you received feedback?,"hr,general hr,tell me about a time you received feedback",Tell me about a time you received feedback Interview Questions and Answers | InterviewPrep,Practice Tell me about a time you received feedback interview questions and answers for HR candidates.,True
What are the common mistakes candidates make when explaining Tell me about a time you received feedback?,what-are-the-common-mistakes-candidates-make-when-explaining-tell-me-about-a-time-you-received-feedback,HR,General HR,1-3 Years,Medium,HR,Interview preparation question about Tell me about a time you received feedback.,"Explain Tell me about a time you received feedback clearly, its purpose, how it works, and where it is used. Include a practical example relevant to the role.","A strong answer should define Tell me about a time you received feedback, explain its practical purpose, describe an example, and mention important limitations or trade-offs where relevant.",Definition; purpose; practical usage; example; important considerations,Giving only a memorized definition; confusing related concepts; omitting a practical example.,What are the advantages and limitations of Tell me about a time you received feedback?;Can you give a practical example of Tell me about a time you received feedback?,"hr,general hr,tell me about a time you received feedback",Tell me about a time you received feedback Interview Questions and Answers | InterviewPrep,Practice Tell me about a time you received feedback interview questions and answers for HR candidates.,True
"What is How do you work in a team?, and why is it important in HR?",what-is-how-do-you-work-in-a-team-and-why-is-it-important-in-hr,HR,General HR,Fresher,Easy,HR,Interview preparation question about How do you work in a team?.,"Explain How do you work in a team? clearly, its purpose, how it works, and where it is used. Include a practical example relevant to the role.","A strong answer should define How do you work in a team?, explain its practical purpose, describe an example, and mention important limitations or trade-offs where relevant.",Definition; purpose; practical usage; example; important considerations,Giving only a memorized definition; confusing related concepts; omitting a practical example.,What are the advantages and limitations of How do you work in a team??;Can you give a practical example of How do you work in a team??,"hr,general hr,how do you work in a team?",How do you work in a team? Interview Questions and Answers | InterviewPrep,Practice How do you work in a team? interview questions and answers for HR candidates.,True
How does How do you work in a team? work in HR?,how-does-how-do-you-work-in-a-team-work-in-hr,HR,General HR,0-1 Years,Medium,HR,Interview preparation question about How do you work in a team?.,"Explain How do you work in a team? clearly, its purpose, how it works, and where it is used. Include a practical example relevant to the role.","A strong answer should define How do you work in a team?, explain its practical purpose, describe an example, and mention important limitations or trade-offs where relevant.",Definition; purpose; practical usage; example; important considerations,Giving only a memorized definition; confusing related concepts; omitting a practical example.,What are the advantages and limitations of How do you work in a team??;Can you give a practical example of How do you work in a team??,"hr,general hr,how do you work in a team?",How do you work in a team? Interview Questions and Answers | InterviewPrep,Practice How do you work in a team? interview questions and answers for HR candidates.,True
What are the common mistakes candidates make when explaining How do you work in a team??,what-are-the-common-mistakes-candidates-make-when-explaining-how-do-you-work-in-a-team,HR,General HR,1-3 Years,Medium,HR,Interview preparation question about How do you work in a team?.,"Explain How do you work in a team? clearly, its purpose, how it works, and where it is used. Include a practical example relevant to the role.","A strong answer should define How do you work in a team?, explain its practical purpose, describe an example, and mention important limitations or trade-offs where relevant.",Definition; purpose; practical usage; example; important considerations,Giving only a memorized definition; confusing related concepts; omitting a practical example.,What are the advantages and limitations of How do you work in a team??;Can you give a practical example of How do you work in a team??,"hr,general hr,how do you work in a team?",How do you work in a team? Interview Questions and Answers | InterviewPrep,Practice How do you work in a team? interview questions and answers for HR candidates.,True
"What is What motivates you?, and why is it important in HR?",what-is-what-motivates-you-and-why-is-it-important-in-hr,HR,General HR,Fresher,Easy,HR,Interview preparation question about What motivates you?.,"Explain What motivates you? clearly, its purpose, how it works, and where it is used. Include a practical example relevant to the role.","A strong answer should define What motivates you?, explain its practical purpose, describe an example, and mention important limitations or trade-offs where relevant.",Definition; purpose; practical usage; example; important considerations,Giving only a memorized definition; confusing related concepts; omitting a practical example.,What are the advantages and limitations of What motivates you??;Can you give a practical example of What motivates you??,"hr,general hr,what motivates you?",What motivates you? Interview Questions and Answers | InterviewPrep,Practice What motivates you? interview questions and answers for HR candidates.,True
How does What motivates you? work in HR?,how-does-what-motivates-you-work-in-hr,HR,General HR,0-1 Years,Medium,HR,Interview preparation question about What motivates you?.,"Explain What motivates you? clearly, its purpose, how it works, and where it is used. Include a practical example relevant to the role.","A strong answer should define What motivates you?, explain its practical purpose, describe an example, and mention important limitations or trade-offs where relevant.",Definition; purpose; practical usage; example; important considerations,Giving only a memorized definition; confusing related concepts; omitting a practical example.,What are the advantages and limitations of What motivates you??;Can you give a practical example of What motivates you??,"hr,general hr,what motivates you?",What motivates you? Interview Questions and Answers | InterviewPrep,Practice What motivates you? interview questions and answers for HR candidates.,True
What are the common mistakes candidates make when explaining What motivates you??,what-are-the-common-mistakes-candidates-make-when-explaining-what-motivates-you,HR,General HR,1-3 Years,Medium,HR,Interview preparation question about What motivates you?.,"Explain What motivates you? clearly, its purpose, how it works, and where it is used. Include a practical example relevant to the role.","A strong answer should define What motivates you?, explain its practical purpose, describe an example, and mention important limitations or trade-offs where relevant.",Definition; purpose; practical usage; example; important considerations,Giving only a memorized definition; confusing related concepts; omitting a practical example.,What are the advantages and limitations of What motivates you??;Can you give a practical example of What motivates you??,"hr,general hr,what motivates you?",What motivates you? Interview Questions and Answers | InterviewPrep,Practice What motivates you? interview questions and answers for HR candidates.,True
"What is What are your salary expectations?, and why is it important in HR?",what-is-what-are-your-salary-expectations-and-why-is-it-important-in-hr,HR,General HR,Fresher,Easy,HR,Interview preparation question about What are your salary expectations?.,"Explain What are your salary expectations? clearly, its purpose, how it works, and where it is used. Include a practical example relevant to the role.","A strong answer should define What are your salary expectations?, explain its practical purpose, describe an example, and mention important limitations or trade-offs where relevant.",Definition; purpose; practical usage; example; important considerations,Giving only a memorized definition; confusing related concepts; omitting a practical example.,What are the advantages and limitations of What are your salary expectations??;Can you give a practical example of What are your salary expectations??,"hr,general hr,what are your salary expectations?",What are your salary expectations? Interview Questions and Answers | InterviewPrep,Practice What are your salary expectations? interview questions and answers for HR candidates.,True
How does What are your salary expectations? work in HR?,how-does-what-are-your-salary-expectations-work-in-hr,HR,General HR,0-1 Years,Medium,HR,Interview preparation question about What are your salary expectations?.,"Explain What are your salary expectations? clearly, its purpose, how it works, and where it is used. Include a practical example relevant to the role.","A strong answer should define What are your salary expectations?, explain its practical purpose, describe an example, and mention important limitations or trade-offs where relevant.",Definition; purpose; practical usage; example; important considerations,Giving only a memorized definition; confusing related concepts; omitting a practical example.,What are the advantages and limitations of What are your salary expectations??;Can you give a practical example of What are your salary expectations??,"hr,general hr,what are your salary expectations?",What are your salary expectations? Interview Questions and Answers | InterviewPrep,Practice What are your salary expectations? interview questions and answers for HR candidates.,True
What are the common mistakes candidates make when explaining What are your salary expectations??,what-are-the-common-mistakes-candidates-make-when-explaining-what-are-your-salary-expectations,HR,General HR,1-3 Years,Medium,HR,Interview preparation question about What are your salary expectations?.,"Explain What are your salary expectations? clearly, its purpose, how it works, and where it is used. Include a practical example relevant to the role.","A strong answer should define What are your salary expectations?, explain its practical purpose, describe an example, and mention important limitations or trade-offs where relevant.",Definition; purpose; practical usage; example; important considerations,Giving only a memorized definition; confusing related concepts; omitting a practical example.,What are the advantages and limitations of What are your salary expectations??;Can you give a practical example of What are your salary expectations??,"hr,general hr,what are your salary expectations?",What are your salary expectations? Interview Questions and Answers | InterviewPrep,Practice What are your salary expectations? interview questions and answers for HR candidates.,True
"What is Are you willing to relocate?, and why is it important in HR?",what-is-are-you-willing-to-relocate-and-why-is-it-important-in-hr,HR,General HR,Fresher,Easy,HR,Interview preparation question about Are you willing to relocate?.,"Explain Are you willing to relocate? clearly, its purpose, how it works, and where it is used. Include a practical example relevant to the role.","A strong answer should define Are you willing to relocate?, explain its practical purpose, describe an example, and mention important limitations or trade-offs where relevant.",Definition; purpose; practical usage; example; important considerations,Giving only a memorized definition; confusing related concepts; omitting a practical example.,What are the advantages and limitations of Are you willing to relocate??;Can you give a practical example of Are you willing to relocate??,"hr,general hr,are you willing to relocate?",Are you willing to relocate? Interview Questions and Answers | InterviewPrep,Practice Are you willing to relocate? interview questions and answers for HR candidates.,True
How does Are you willing to relocate? work in HR?,how-does-are-you-willing-to-relocate-work-in-hr,HR,General HR,0-1 Years,Medium,HR,Interview preparation question about Are you willing to relocate?.,"Explain Are you willing to relocate? clearly, its purpose, how it works, and where it is used. Include a practical example relevant to the role.","A strong answer should define Are you willing to relocate?, explain its practical purpose, describe an example, and mention important limitations or trade-offs where relevant.",Definition; purpose; practical usage; example; important considerations,Giving only a memorized definition; confusing related concepts; omitting a practical example.,What are the advantages and limitations of Are you willing to relocate??;Can you give a practical example of Are you willing to relocate??,"hr,general hr,are you willing to relocate?",Are you willing to relocate? Interview Questions and Answers | InterviewPrep,Practice Are you willing to relocate? interview questions and answers for HR candidates.,True
What are the common mistakes candidates make when explaining Are you willing to relocate??,what-are-the-common-mistakes-candidates-make-when-explaining-are-you-willing-to-relocate,HR,General HR,1-3 Years,Medium,HR,Interview preparation question about Are you willing to relocate?.,"Explain Are you willing to relocate? clearly, its purpose, how it works, and where it is used. Include a practical example relevant to the role.","A strong answer should define Are you willing to relocate?, explain its practical purpose, describe an example, and mention important limitations or trade-offs where relevant.",Definition; purpose; practical usage; example; important considerations,Giving only a memorized definition; confusing related concepts; omitting a practical example.,What are the advantages and limitations of Are you willing to relocate??;Can you give a practical example of Are you willing to relocate??,"hr,general hr,are you willing to relocate?",Are you willing to relocate? Interview Questions and Answers | InterviewPrep,Practice Are you willing to relocate? interview questions and answers for HR candidates.,True
"What is Do you have any questions for us?, and why is it important in HR?",what-is-do-you-have-any-questions-for-us-and-why-is-it-important-in-hr,HR,General HR,Fresher,Easy,HR,Interview preparation question about Do you have any questions for us?.,"Explain Do you have any questions for us? clearly, its purpose, how it works, and where it is used. Include a practical example relevant to the role.","A strong answer should define Do you have any questions for us?, explain its practical purpose, describe an example, and mention important limitations or trade-offs where relevant.",Definition; purpose; practical usage; example; important considerations,Giving only a memorized definition; confusing related concepts; omitting a practical example.,What are the advantages and limitations of Do you have any questions for us??;Can you give a practical example of Do you have any questions for us??,"hr,general hr,do you have any questions for us?",Do you have any questions for us? Interview Questions and Answers | InterviewPrep,Practice Do you have any questions for us? interview questions and answers for HR candidates.,True
How does Do you have any questions for us? work in HR?,how-does-do-you-have-any-questions-for-us-work-in-hr,HR,General HR,0-1 Years,Medium,HR,Interview preparation question about Do you have any questions for us?.,"Explain Do you have any questions for us? clearly, its purpose, how it works, and where it is used. Include a practical example relevant to the role.","A strong answer should define Do you have any questions for us?, explain its practical purpose, describe an example, and mention important limitations or trade-offs where relevant.",Definition; purpose; practical usage; example; important considerations,Giving only a memorized definition; confusing related concepts; omitting a practical example.,What are the advantages and limitations of Do you have any questions for us??;Can you give a practical example of Do you have any questions for us??,"hr,general hr,do you have any questions for us?",Do you have any questions for us? Interview Questions and Answers | InterviewPrep,Practice Do you have any questions for us? interview questions and answers for HR candidates.,True
What are the common mistakes candidates make when explaining Do you have any questions for us??,what-are-the-common-mistakes-candidates-make-when-explaining-do-you-have-any-questions-for-us,HR,General HR,1-3 Years,Medium,HR,Interview preparation question about Do you have any questions for us?.,"Explain Do you have any questions for us? clearly, its purpose, how it works, and where it is used. Include a practical example relevant to the role.","A strong answer should define Do you have any questions for us?, explain its practical purpose, describe an example, and mention important limitations or trade-offs where relevant.",Definition; purpose; practical usage; example; important considerations,Giving only a memorized definition; confusing related concepts; omitting a practical example.,What are the advantages and limitations of Do you have any questions for us??;Can you give a practical example of Do you have any questions for us??,"hr,general hr,do you have any questions for us?",Do you have any questions for us? Interview Questions and Answers | InterviewPrep,Practice Do you have any questions for us? interview questions and answers for HR candidates.,True
